,1,2,3,4,5,6,7,8,9,normalized,total_demand,total_supply
all_closed,0.9277,0.7228,0.3312,0.7524,0.7669,0.3153,119372.7755,16771.4199,0.7712,8.998949875391347,25.663043975830078,42.2435302734375
"(('V_CO', 'night'),)",0.8948,0.6601,0.3247,0.6968,0.6869,0.2011,134957.1225,16965.5469,0.7052,8.980270014119853,23.769489288330078,38.6386833190918
"(('V_CO', 'morning'),)",0.8832,0.447,0.3071,0.7033,0.6848,0.1134,208353.6332,17135.1094,0.7202,8.927135575411786,23.9898738861084,38.342628479003906
"(('V_PE1', 'night'),)",0.9293,0.7369,0.3302,0.743,0.766,0.3167,113060.6938,16788.3555,0.7646,8.868189289650203,25.344419479370117,42.29036331176758
"(('V_PE1', 'morning'),)",0.9253,0.7172,0.3264,0.7519,0.7604,0.317,121557.7119,16787.0078,0.7726,8.976789078044547,25.648265838623047,42.26457977294922
"(('V_PE2', 'night'),)",0.9218,0.7193,0.3273,0.7381,0.7617,0.311,120503.2073,16787.0176,0.7535,8.98811941983809,25.175376892089844,42.284244537353516
"(('V_PE2', 'morning'),)",0.9208,0.6495,0.3254,0.7479,0.7584,0.292,145305.7977,16751.7988,0.7683,8.981213401485956,25.51021385192871,42.2205810546875
"(('CV3', 'night'),)",0.9267,0.7115,0.3326,0.7429,0.7686,0.3096,123621.2608,16779.0645,0.7593,8.992904463480857,25.340198516845703,42.27485656738281
"(('CV3', 'morning'),)",0.9252,0.6587,0.3295,0.749,0.7631,0.2948,142175.4795,16751.7266,0.7683,8.993587005560583,25.548044204711914,42.21651840209961
"(('V_CO', 'night'), ('V_CO', 'morning'))",0.9287,0.7256,0.3279,0.7533,0.771,0.3167,118842.7247,16732.4453,0.7714,8.934412821668978,25.693559646606445,42.872352600097656
"(('V_CO', 'night'), ('V_PE1', 'night'))",0.8987,0.6404,0.3252,0.6941,0.686,0.1906,138470.0286,16965.4492,0.7113,8.981779515219515,23.677017211914062,38.657405853271484
"(('V_CO', 'night'), ('V_PE1', 'morning'))",0.8941,0.6456,0.3242,0.6949,0.6852,0.1997,140765.1999,16946.0059,0.7049,8.978760513020191,23.70209503173828,38.61008834838867
"(('V_CO', 'night'), ('V_PE2', 'night'))",0.8932,0.6682,0.3237,0.6942,0.6833,0.2071,133020.0825,16955.2109,0.7023,8.977251011920531,23.678131103515625,38.626487731933594
"(('V_CO', 'night'), ('V_PE2', 'morning'))",0.8906,0.5942,0.3234,0.6925,0.6825,0.1856,159363.4022,16946.1172,0.7029,8.976345311260735,23.619659423828125,38.60740280151367
"(('V_CO', 'night'), ('CV3', 'night'))",0.8944,0.6692,0.3255,0.6947,0.6875,0.2082,132810.3439,16946.1328,0.7038,8.982685215879311,23.696754455566406,38.62691116333008
"(('V_CO', 'night'), ('CV3', 'morning'))",0.8889,0.5882,0.3219,0.6931,0.6816,0.187,162518.0025,16922.7832,0.7036,8.971816807961751,23.64071273803711,38.614410400390625
"(('V_CO', 'morning'), ('V_PE1', 'night'))",0.8863,0.4445,0.3103,0.704,0.6894,0.1113,210087.8227,17129.6953,0.7307,8.936796382449616,24.01388168334961,38.341148376464844
"(('V_CO', 'morning'), ('V_PE1', 'morning'))",0.8834,0.4135,0.3084,0.7034,0.6867,0.1303,214846.5891,17138.2559,0.721,8.931060278270905,23.9929256439209,38.3272819519043
"(('V_CO', 'morning'), ('V_PE2', 'night'))",0.8791,0.4399,0.3064,0.6954,0.685,0.1117,210506.5322,17126.8164,0.7105,8.92502227387226,23.71853256225586,38.352638244628906
"(('V_CO', 'morning'), ('V_PE2', 'morning'))",0.8799,0.435,0.3088,0.7019,0.6874,0.1124,210822.8128,17135.248,0.7201,8.932267879150633,23.943130493164062,38.327091217041016
"(('V_CO', 'morning'), ('CV3', 'night'))",0.8825,0.4297,0.3091,0.6985,0.6929,0.1113,212970.2906,17131.5918,0.7116,8.933173579810429,23.827070236206055,38.49826431274414
"(('V_CO', 'morning'), ('CV3', 'morning'))",0.8796,0.5248,0.3076,0.7028,0.6857,0.1501,182667.2409,17153.6641,0.7188,8.928645076511447,23.97174835205078,38.32576370239258
"(('V_PE1', 'night'), ('V_PE1', 'morning'))",0.9277,0.7228,0.3312,0.7524,0.7669,0.3153,119372.7755,16771.4199,0.7712,8.998949875391347,25.663043975830078,42.2435302734375
"(('V_PE1', 'night'), ('V_PE2', 'night'))",0.9238,0.7277,0.3338,0.7269,0.7695,0.4664,116914.0079,16697.9277,0.747,8.725614704398009,24.794864654541016,42.2135009765625
"(('V_PE1', 'night'), ('V_PE2', 'morning'))",0.9256,0.6499,0.3295,0.7415,0.7649,0.2924,145248.8941,16753.7168,0.7653,8.99370567172059,25.294021606445312,42.24463653564453
"(('V_PE1', 'night'), ('CV3', 'night'))",0.9282,0.7154,0.3316,0.7429,0.7677,0.3089,121500.6262,16778.2676,0.7669,8.989178024290972,25.34033203125,42.276180267333984
"(('V_PE1', 'night'), ('CV3', 'morning'))",0.9276,0.633,0.3326,0.7449,0.7688,0.2878,150840.2585,16753.5938,0.77,8.990983405087047,25.410066604614258,42.23322296142578
"(('V_PE1', 'morning'), ('V_PE2', 'night'))",0.9225,0.7168,0.3264,0.7428,0.7611,0.3114,121052.93,16776.6602,0.7601,8.9854023178587,25.335968017578125,42.2764892578125
"(('V_PE1', 'morning'), ('V_PE2', 'morning'))",0.9227,0.608,0.3292,0.7475,0.7625,0.2793,162948.4915,16785.1172,0.7703,8.993855524016801,25.498001098632812,42.26323699951172
"(('V_PE1', 'morning'), ('CV3', 'night'))",0.9195,0.7115,0.3245,0.7363,0.757,0.3103,122742.1434,16760.0723,0.7534,8.978989608960301,25.115398406982422,42.2590217590332
"(('V_PE1', 'morning'), ('CV3', 'morning'))",0.9204,0.6319,0.3248,0.7455,0.7571,0.2888,150407.895,16752.0859,0.767,8.97941911857383,25.430221557617188,42.22365951538086
"(('V_PE2', 'night'), ('V_PE2', 'morning'))",0.9277,0.7228,0.3312,0.7524,0.7669,0.3153,119372.7755,16771.4199,0.7712,8.998949875391347,25.663043975830078,42.2435302734375
"(('V_PE2', 'night'), ('CV3', 'night'))",0.925,0.7175,0.3315,0.7414,0.7674,0.3107,121280.2575,16789.416,0.7589,8.998053492677819,25.29009246826172,42.289005279541016
"(('V_PE2', 'night'), ('CV3', 'morning'))",0.9226,0.6337,0.3308,0.7423,0.7654,0.2878,150777.8563,16753.5215,0.7614,8.997618729769615,25.320634841918945,42.229583740234375
"(('V_PE2', 'morning'), ('CV3', 'night'))",0.9235,0.6717,0.3311,0.7403,0.7652,0.299,136461.6706,16736.2793,0.7582,8.997496360052525,25.252851486206055,42.21707534790039
"(('V_PE2', 'morning'), ('CV3', 'morning'))",0.9258,0.6323,0.3318,0.7493,0.7662,0.2874,150901.2338,16760.252,0.7696,8.999334109936605,25.55714988708496,42.224212646484375
"(('CV3', 'night'), ('CV3', 'morning'))",0.9277,0.7228,0.3312,0.7524,0.7669,0.3153,119372.7755,16771.4199,0.7712,8.998949875391347,25.663043975830078,42.2435302734375
"(('V_CO', 'night'), ('V_CO', 'morning'), ('V_PE1', 'night'))",0.9319,0.7228,0.3315,0.7474,0.776,0.3131,119561.8915,16734.7676,0.77,8.900200401653503,25.492816925048828,42.88683319091797
"(('V_CO', 'night'), ('V_CO', 'morning'), ('V_PE1', 'morning'))",0.9279,0.7196,0.3272,0.7504,0.7699,0.317,120762.0473,16744.3516,0.7685,8.967535285583796,25.5948486328125,42.89094543457031
"(('V_CO', 'night'), ('V_CO', 'morning'), ('V_PE2', 'night'))",0.9281,0.7404,0.3303,0.7461,0.7745,0.4755,111953.4351,16699.8516,0.7617,8.594587069095306,25.450382232666016,42.84798812866211
"(('V_CO', 'night'), ('V_CO', 'morning'), ('V_PE2', 'morning'))",0.9257,0.6502,0.3268,0.7515,0.7689,0.2924,145236.3631,16721.6582,0.7713,8.974881967179611,25.63486099243164,42.859397888183594
"(('V_CO', 'night'), ('V_CO', 'morning'), ('CV3', 'night'))",0.9283,0.7524,0.3305,0.7451,0.7747,0.4755,106863.114,16680.2188,0.7601,8.504467044253893,25.41431999206543,42.8378791809082
"(('V_CO', 'night'), ('V_CO', 'morning'), ('CV3', 'morning'))",0.9274,0.6333,0.3288,0.7545,0.7712,0.2878,150835.8755,16699.084,0.7748,8.945767863871216,25.73552131652832,42.8235969543457
"(('V_CO', 'night'), ('V_PE1', 'night'), ('V_PE1', 'morning'))",0.8948,0.6601,0.3247,0.6968,0.6869,0.2011,134957.1225,16965.5469,0.7052,8.980270014119853,23.769489288330078,38.6386833190918
"(('V_CO', 'night'), ('V_PE1', 'night'), ('V_PE2', 'night'))",0.8984,0.6707,0.3262,0.6896,0.6898,0.2205,133791.2502,16945.4023,0.7068,8.984798517418836,23.522367477416992,38.670536041259766
"(('V_CO', 'night'), ('V_PE1', 'night'), ('V_PE2', 'morning'))",0.8958,0.597,0.3261,0.6922,0.6875,0.1849,158283.1846,16939.6816,0.7115,8.984496617198904,23.611419677734375,38.62487030029297
"(('V_CO', 'night'), ('V_PE1', 'night'), ('CV3', 'night'))",0.8984,0.6365,0.325,0.6937,0.686,0.1779,139125.8687,16958.6387,0.7115,8.98117571477965,23.661256790161133,38.655696868896484
"(('V_CO', 'night'), ('V_PE1', 'night'), ('CV3', 'morning'))",0.8943,0.5773,0.3248,0.6923,0.6859,0.1846,165917.0334,16929.9121,0.7126,8.980571914339786,23.613269805908203,38.61018371582031
"(('V_CO', 'night'), ('V_PE1', 'morning'), ('V_PE2', 'night'))",0.8935,0.6418,0.3245,0.6931,0.6839,0.1969,141936.7618,16944.5254,0.703,8.97966621367999,23.641502380371094,38.6121940612793
"(('V_CO', 'night'), ('V_PE1', 'morning'), ('V_PE2', 'morning'))",0.8844,0.5435,0.3217,0.6871,0.6767,0.1705,181299.7592,16939.6719,0.7005,8.971213007521886,23.435352325439453,38.59672546386719
"(('V_CO', 'night'), ('V_PE1', 'morning'), ('CV3', 'night'))",0.8941,0.6495,0.3254,0.6939,0.687,0.2011,140650.0995,16936.5645,0.7047,8.982383315659378,23.668190002441406,38.61396408081055
"(('V_CO', 'night'), ('V_PE1', 'morning'), ('CV3', 'morning'))",0.8904,0.5745,0.3239,0.691,0.6823,0.1842,164330.2575,16946.7715,0.7025,8.977854812360395,23.570650100708008,38.60842514038086
"(('V_CO', 'night'), ('V_PE2', 'night'), ('V_PE2', 'morning'))",0.8948,0.6601,0.3247,0.6968,0.6869,0.2011,134957.1225,16965.5469,0.7052,8.980270014119853,23.769489288330078,38.6386833190918
"(('V_CO', 'night'), ('V_PE2', 'night'), ('CV3', 'night'))",0.8939,0.6671,0.3255,0.6941,0.6859,0.2075,133926.8311,16947.6484,0.7035,8.982685215879311,23.676799774169922,38.62669372558594
"(('V_CO', 'night'), ('V_PE2', 'night'), ('CV3', 'morning'))",0.8883,0.572,0.322,0.6897,0.6799,0.1779,165930.1607,16934.1152,0.6999,8.972118708181684,23.524433135986328,38.597251892089844
"(('V_CO', 'night'), ('V_PE2', 'morning'), ('CV3', 'night'))",0.89,0.5999,0.3235,0.6905,0.6822,0.1892,158006.3364,16927.8906,0.7004,8.976647211480667,23.55308723449707,38.59602737426758
"(('V_CO', 'night'), ('V_PE2', 'morning'), ('CV3', 'morning'))",0.8916,0.6023,0.3249,0.6936,0.6834,0.1881,156661.1554,16946.2285,0.7023,8.980873814559718,23.65864372253418,38.60902786254883
"(('V_CO', 'night'), ('CV3', 'night'), ('CV3', 'morning'))",0.8948,0.6601,0.3247,0.6968,0.6869,0.2011,134957.1225,16965.5469,0.7052,8.980270014119853,23.769489288330078,38.6386833190918
"(('V_CO', 'morning'), ('V_PE1', 'night'), ('V_PE1', 'morning'))",0.8832,0.447,0.3071,0.7033,0.6848,0.1134,208353.6332,17135.1094,0.7202,8.927135575411786,23.9898738861084,38.342628479003906
"(('V_CO', 'morning'), ('V_PE1', 'night'), ('V_PE2', 'night'))",0.8804,0.305,0.3123,0.6837,0.6949,0.1036,239682.3525,17127.5703,0.7003,8.942834386848261,23.321287155151367,38.36835479736328
"(('V_CO', 'morning'), ('V_PE1', 'night'), ('V_PE2', 'morning'))",0.8834,0.5273,0.3122,0.7034,0.6933,0.1374,179548.8224,17146.168,0.7274,8.942532486628327,23.993730545043945,38.3280143737793
"(('V_CO', 'morning'), ('V_PE1', 'night'), ('CV3', 'night'))",0.8831,0.4269,0.3055,0.6911,0.6839,0.111,213441.516,17127.3398,0.7103,8.922305171892871,23.572885513305664,38.36317825317383
"(('V_CO', 'morning'), ('V_PE1', 'night'), ('CV3', 'morning'))",0.88,0.3473,0.3113,0.7004,0.6913,0.1099,221304.5057,17134.5879,0.7257,8.939815384648938,23.890026092529297,38.315101623535156
"(('V_CO', 'morning'), ('V_PE1', 'morning'), ('V_PE2', 'night'))",0.8824,0.4561,0.3102,0.6983,0.6908,0.1134,206112.3931,17128.5859,0.7143,8.936494482229683,23.81797981262207,38.3282585144043
"(('V_CO', 'morning'), ('V_PE1', 'morning'), ('V_PE2', 'morning'))",0.862,0.4755,0.3074,0.6984,0.6823,0.125,199483.7869,17085.9531,0.7176,8.928041276071582,23.821638107299805,38.22911071777344
"(('V_CO', 'morning'), ('V_PE1', 'morning'), ('CV3', 'night'))",0.883,0.4192,0.3113,0.6983,0.6937,0.1458,214013.1772,17134.9648,0.712,8.939815384648938,23.819469451904297,38.34765625
"(('V_CO', 'morning'), ('V_PE1', 'morning'), ('CV3', 'morning'))",0.8809,0.4681,0.3093,0.7043,0.6879,0.1321,193333.1553,17154.123,0.7234,8.933777380250294,24.023143768310547,38.325096130371094
"(('V_CO', 'morning'), ('V_PE2', 'night'), ('V_PE2', 'morning'))",0.8832,0.447,0.3071,0.7033,0.6848,0.1134,208353.6332,17135.1094,0.7202,8.927135575411786,23.9898738861084,38.342628479003906
"(('V_CO', 'morning'), ('V_PE2', 'night'), ('CV3', 'night'))",0.8833,0.4871,0.311,0.7011,0.693,0.131,199161.1589,17120.9805,0.7156,8.938909683989142,23.915977478027344,38.34111785888672
"(('V_CO', 'morning'), ('V_PE2', 'night'), ('CV3', 'morning'))",0.878,0.4956,0.3114,0.7001,0.694,0.1307,188484.4451,17140.9551,0.714,8.94011728486887,23.88042449951172,38.33028793334961
"(('V_CO', 'morning'), ('V_PE2', 'morning'), ('CV3', 'night'))",0.8789,0.4611,0.3103,0.6959,0.6921,0.1286,195393.8288,17151.9199,0.7077,8.936796382449616,23.735960006713867,38.3494758605957
"(('V_CO', 'morning'), ('V_PE2', 'morning'), ('CV3', 'morning'))",0.8776,0.4544,0.3078,0.7027,0.6861,0.1293,196522.5303,17153.0684,0.7209,8.929248876951311,23.968961715698242,38.3236083984375
"(('V_CO', 'morning'), ('CV3', 'night'), ('CV3', 'morning'))",0.8832,0.447,0.3071,0.7033,0.6848,0.1134,208353.6332,17135.1094,0.7202,8.927135575411786,23.9898738861084,38.342628479003906
"(('V_PE1', 'night'), ('V_PE1', 'morning'), ('V_PE2', 'night'))",0.9218,0.7193,0.3273,0.7381,0.7617,0.311,120503.2073,16787.0176,0.7535,8.98811941983809,25.175376892089844,42.284244537353516
"(('V_PE1', 'night'), ('V_PE1', 'morning'), ('V_PE2', 'morning'))",0.9208,0.6495,0.3254,0.7479,0.7584,0.292,145305.7977,16751.7988,0.7683,8.981213401485956,25.51021385192871,42.2205810546875
"(('V_PE1', 'night'), ('V_PE1', 'morning'), ('CV3', 'night'))",0.9267,0.7115,0.3326,0.7429,0.7686,0.3096,123621.2608,16779.0645,0.7593,8.992904463480857,25.340198516845703,42.27485656738281
"(('V_PE1', 'night'), ('V_PE1', 'morning'), ('CV3', 'morning'))",0.9252,0.6587,0.3295,0.749,0.7631,0.2948,142175.4795,16751.7266,0.7683,8.993587005560583,25.548044204711914,42.21651840209961
"(('V_PE1', 'night'), ('V_PE2', 'night'), ('V_PE2', 'morning'))",0.9293,0.7369,0.3302,0.743,0.766,0.3167,113060.6938,16788.3555,0.7646,8.868189289650203,25.344419479370117,42.29036331176758
"(('V_PE1', 'night'), ('V_PE2', 'night'), ('CV3', 'night'))",0.9179,0.7161,0.3304,0.7207,0.7517,0.3047,121831.1964,16686.7266,0.7519,8.992428466699614,24.584142684936523,41.72621536254883
"(('V_PE1', 'night'), ('V_PE2', 'night'), ('CV3', 'morning'))",0.9246,0.6552,0.3361,0.7277,0.7724,0.4526,142015.9137,16686.2812,0.7488,8.770940791432455,24.821144104003906,42.199989318847656
"(('V_PE1', 'night'), ('V_PE2', 'morning'), ('CV3', 'night'))",0.9246,0.6499,0.3292,0.7383,0.7635,0.2924,145248.5791,16756.6074,0.7624,8.992972323790227,25.18427276611328,42.253822326660156
"(('V_PE1', 'night'), ('V_PE2', 'morning'), ('CV3', 'morning'))",0.925,0.6333,0.3288,0.7363,0.7633,0.2878,150790.0713,16780.7988,0.7576,8.992647923137074,25.115921020507812,42.29649353027344
"(('V_PE1', 'night'), ('CV3', 'night'), ('CV3', 'morning'))",0.9293,0.7369,0.3302,0.743,0.766,0.3167,113060.6938,16788.3555,0.7646,8.868189289650203,25.344419479370117,42.29036331176758
"(('V_PE1', 'morning'), ('V_PE2', 'night'), ('V_PE2', 'morning'))",0.9253,0.7172,0.3264,0.7519,0.7604,0.317,121557.7119,16787.0078,0.7726,8.976789078044547,25.648265838623047,42.26457977294922
"(('V_PE1', 'morning'), ('V_PE2', 'night'), ('CV3', 'night'))",0.9288,0.6953,0.3352,0.7466,0.7716,0.3015,128699.626,16756.3633,0.7672,8.963252789925997,25.46686553955078,42.23590850830078
"(('V_PE1', 'morning'), ('V_PE2', 'night'), ('CV3', 'morning'))",0.9232,0.6319,0.33,0.7417,0.7648,0.2892,150370.2874,16753.459,0.7608,8.995199801432426,25.30098533630371,42.24021530151367
"(('V_PE1', 'morning'), ('V_PE2', 'morning'), ('CV3', 'night'))",0.9133,0.608,0.3248,0.7358,0.7557,0.2797,163392.0006,16741.0254,0.7573,8.978759633565911,25.097002029418945,42.22785186767578
"(('V_PE1', 'morning'), ('V_PE2', 'morning'), ('CV3', 'morning'))",0.9295,0.6083,0.3379,0.7477,0.7676,0.2793,162932.6516,16715.9453,0.7677,8.968330963635424,25.50314712524414,41.94256591796875
"(('V_PE1', 'morning'), ('CV3', 'night'), ('CV3', 'morning'))",0.9253,0.7172,0.3264,0.7519,0.7604,0.317,121557.7119,16787.0078,0.7726,8.976789078044547,25.648265838623047,42.26457977294922
"(('V_PE2', 'night'), ('V_PE2', 'morning'), ('CV3', 'night'))",0.9267,0.7115,0.3326,0.7429,0.7686,0.3096,123621.2608,16779.0645,0.7593,8.992904463480857,25.340198516845703,42.27485656738281
"(('V_PE2', 'night'), ('V_PE2', 'morning'), ('CV3', 'morning'))",0.9252,0.6587,0.3295,0.749,0.7631,0.2948,142175.4795,16751.7266,0.7683,8.993587005560583,25.548044204711914,42.21651840209961
"(('V_PE2', 'night'), ('CV3', 'night'), ('CV3', 'morning'))",0.9218,0.7193,0.3273,0.7381,0.7617,0.311,120503.2073,16787.0176,0.7535,8.98811941983809,25.175376892089844,42.284244537353516
"(('V_PE2', 'morning'), ('CV3', 'night'), ('CV3', 'morning'))",0.9208,0.6495,0.3254,0.7479,0.7584,0.292,145305.7977,16751.7988,0.7683,8.981213401485956,25.51021385192871,42.2205810546875
"(('V_CO', 'night'), ('V_CO', 'morning'), ('V_PE1', 'night'), ('V_PE1', 'morning'))",0.9287,0.7256,0.3279,0.7533,0.771,0.3167,118842.7247,16732.4453,0.7714,8.934412821668978,25.693559646606445,42.872352600097656
"(('V_CO', 'night'), ('V_CO', 'morning'), ('V_PE1', 'night'), ('V_PE2', 'night'))",0.9266,0.7242,0.3337,0.7382,0.7757,0.4667,117758.3335,16580.1582,0.7623,8.711250045023878,25.179439544677734,42.716827392578125
"(('V_CO', 'night'), ('V_CO', 'morning'), ('V_PE1', 'night'), ('V_PE2', 'morning'))",0.9275,0.6513,0.3285,0.7424,0.7705,0.2934,145107.1486,16669.5527,0.7652,8.970420198467162,25.324670791625977,42.802059173583984
"(('V_CO', 'night'), ('V_CO', 'morning'), ('V_PE1', 'night'), ('CV3', 'night'))",0.9293,0.7143,0.3293,0.7413,0.772,0.3082,121710.4499,16691.0918,0.763,8.944891096397816,25.285316467285156,42.85102462768555
"(('V_CO', 'night'), ('V_CO', 'morning'), ('V_PE1', 'night'), ('CV3', 'morning'))",0.9252,0.6337,0.3268,0.7386,0.768,0.2878,150795.9947,16691.5488,0.761,8.977326561711553,25.19412612915039,42.83973693847656
"(('V_CO', 'night'), ('V_CO', 'morning'), ('V_PE1', 'morning'), ('V_PE2', 'night'))",0.9258,0.6981,0.3283,0.7447,0.7714,0.3026,128007.5445,16712.7578,0.7634,8.968530740746065,25.40081787109375,42.85805130004883
"(('V_CO', 'night'), ('V_CO', 'morning'), ('V_PE1', 'morning'), ('V_PE2', 'morning'))",0.9225,0.6037,0.3271,0.7503,0.7681,0.279,164845.0641,16700.0898,0.7735,8.968318381078287,25.593032836914062,42.82756042480469
"(('V_CO', 'night'), ('V_CO', 'morning'), ('V_PE1', 'morning'), ('CV3', 'night'))",0.9264,0.7168,0.3293,0.7442,0.7729,0.466,119932.5262,16680.791,0.7614,8.743056193641042,25.386333465576172,42.83920669555664
"(('V_CO', 'night'), ('V_CO', 'morning'), ('V_PE1', 'morning'), ('CV3', 'morning'))",0.9236,0.6326,0.3251,0.7482,0.7661,0.2892,150337.6509,16711.627,0.7681,8.977912447461382,25.51959228515625,42.848533630371094
"(('V_CO', 'night'), ('V_CO', 'morning'), ('V_PE2', 'night'), ('V_PE2', 'morning'))",0.9287,0.7256,0.3279,0.7533,0.771,0.3167,118842.7247,16732.4453,0.7714,8.934412821668978,25.693559646606445,42.872352600097656
"(('V_CO', 'night'), ('V_CO', 'morning'), ('V_PE2', 'night'), ('CV3', 'night'))",0.9228,0.7492,0.325,0.7438,0.7678,0.4755,108250.5891,16692.4746,0.7608,8.550337233191492,25.371593475341797,42.84654235839844
"(('V_CO', 'night'), ('V_CO', 'morning'), ('V_PE2', 'night'), ('CV3', 'morning'))",0.9235,0.6548,0.3282,0.7438,0.7711,0.4519,141988.179,16677.9863,0.7616,8.767883116441912,25.372228622436523,42.81732940673828
"(('V_CO', 'night'), ('V_CO', 'morning'), ('V_PE2', 'morning'), ('CV3', 'night'))",0.9243,0.6943,0.3293,0.7425,0.7719,0.4632,127854.1787,16669.3145,0.7589,8.750751856846087,25.328279495239258,42.8150634765625
"(('V_CO', 'night'), ('V_CO', 'morning'), ('V_PE2', 'morning'), ('CV3', 'morning'))",0.9284,0.695,0.3291,0.7558,0.7718,0.3079,128862.0712,16709.8145,0.7748,8.929136700030332,25.778886795043945,42.84034729003906
"(('V_CO', 'night'), ('V_CO', 'morning'), ('CV3', 'night'), ('CV3', 'morning'))",0.9287,0.7256,0.3279,0.7533,0.771,0.3167,118842.7247,16732.4453,0.7714,8.934412821668978,25.693559646606445,42.872352600097656
"(('V_CO', 'night'), ('V_PE1', 'night'), ('V_PE1', 'morning'), ('V_PE2', 'night'))",0.8932,0.6682,0.3237,0.6942,0.6833,0.2071,133020.0825,16955.2109,0.7023,8.977251011920531,23.678131103515625,38.626487731933594
"(('V_CO', 'night'), ('V_PE1', 'night'), ('V_PE1', 'morning'), ('V_PE2', 'morning'))",0.8906,0.5942,0.3234,0.6925,0.6825,0.1856,159363.4022,16946.1172,0.7029,8.976345311260735,23.619659423828125,38.60740280151367
"(('V_CO', 'night'), ('V_PE1', 'night'), ('V_PE1', 'morning'), ('CV3', 'night'))",0.8944,0.6692,0.3255,0.6947,0.6875,0.2082,132810.3439,16946.1328,0.7038,8.982685215879311,23.696754455566406,38.62691116333008
"(('V_CO', 'night'), ('V_PE1', 'night'), ('V_PE1', 'morning'), ('CV3', 'morning'))",0.8889,0.5882,0.3219,0.6931,0.6816,0.187,162518.0025,16922.7832,0.7036,8.971816807961751,23.64071273803711,38.614410400390625
"(('V_CO', 'night'), ('V_PE1', 'night'), ('V_PE2', 'night'), ('V_PE2', 'morning'))",0.8987,0.6404,0.3252,0.6941,0.686,0.1906,138470.0286,16965.4492,0.7113,8.981779515219515,23.677017211914062,38.657405853271484
"(('V_CO', 'night'), ('V_PE1', 'night'), ('V_PE2', 'night'), ('CV3', 'night'))",0.8956,0.6562,0.3345,0.6815,0.6761,0.2011,136783.8745,16779.9902,0.7041,9.0,23.246318817138672,38.027252197265625
"(('V_CO', 'night'), ('V_PE1', 'night'), ('V_PE2', 'night'), ('CV3', 'morning'))",0.8945,0.5914,0.3271,0.6874,0.6903,0.199,161729.9362,16908.8711,0.7072,8.987515619398225,23.44579315185547,38.62289047241211
"(('V_CO', 'night'), ('V_PE1', 'night'), ('V_PE2', 'morning'), ('CV3', 'night'))",0.8955,0.5988,0.3239,0.691,0.6835,0.1881,158173.6425,16925.9941,0.7092,8.977854812360395,23.57091522216797,38.6096076965332
"(('V_CO', 'night'), ('V_PE1', 'night'), ('V_PE2', 'morning'), ('CV3', 'morning'))",0.8971,0.6087,0.3274,0.6938,0.6884,0.1927,154532.6854,16940.7363,0.7123,8.988421320058023,23.665559768676758,38.6264533996582
"(('V_CO', 'night'), ('V_PE1', 'night'), ('CV3', 'night'), ('CV3', 'morning'))",0.8987,0.6404,0.3252,0.6941,0.686,0.1906,138470.0286,16965.4492,0.7113,8.981779515219515,23.677017211914062,38.657405853271484
"(('V_CO', 'night'), ('V_PE1', 'morning'), ('V_PE2', 'night'), ('V_PE2', 'morning'))",0.8941,0.6456,0.3242,0.6949,0.6852,0.1997,140765.1999,16946.0059,0.7049,8.978760513020191,23.70209503173828,38.61008834838867
"(('V_CO', 'night'), ('V_PE1', 'morning'), ('V_PE2', 'night'), ('CV3', 'night'))",0.8937,0.6467,0.3258,0.6929,0.6861,0.2004,141741.9088,16936.7949,0.7037,8.983590916539107,23.63433837890625,38.6142463684082
"(('V_CO', 'night'), ('V_PE1', 'morning'), ('V_PE2', 'night'), ('CV3', 'morning'))",0.89,0.5766,0.3237,0.6902,0.6825,0.1828,164168.4717,16932.832,0.7013,8.977251011920531,23.5424747467041,38.596954345703125
"(('V_CO', 'night'), ('V_PE1', 'morning'), ('V_PE2', 'morning'), ('CV3', 'night'))",0.8845,0.5041,0.324,0.687,0.681,0.1722,192832.4891,16903.7383,0.7024,8.978156712580327,23.43328285217285,38.567108154296875
"(('V_CO', 'night'), ('V_PE1', 'morning'), ('V_PE2', 'morning'), ('CV3', 'morning'))",0.8805,0.5206,0.3242,0.681,0.6722,0.1652,186339.4055,16853.9395,0.6935,8.978760513020191,23.230083465576172,38.31330871582031
"(('V_CO', 'night'), ('V_PE1', 'morning'), ('CV3', 'night'), ('CV3', 'morning'))",0.8941,0.6456,0.3242,0.6949,0.6852,0.1997,140765.1999,16946.0059,0.7049,8.978760513020191,23.70209503173828,38.61008834838867
"(('V_CO', 'night'), ('V_PE2', 'night'), ('V_PE2', 'morning'), ('CV3', 'night'))",0.8944,0.6692,0.3255,0.6947,0.6875,0.2082,132810.3439,16946.1328,0.7038,8.982685215879311,23.696754455566406,38.62691116333008
"(('V_CO', 'night'), ('V_PE2', 'night'), ('V_PE2', 'morning'), ('CV3', 'morning'))",0.8889,0.5882,0.3219,0.6931,0.6816,0.187,162518.0025,16922.7832,0.7036,8.971816807961751,23.64071273803711,38.614410400390625
"(('V_CO', 'night'), ('V_PE2', 'night'), ('CV3', 'night'), ('CV3', 'morning'))",0.8932,0.6682,0.3237,0.6942,0.6833,0.2071,133020.0825,16955.2109,0.7023,8.977251011920531,23.678131103515625,38.626487731933594
"(('V_CO', 'night'), ('V_PE2', 'morning'), ('CV3', 'night'), ('CV3', 'morning'))",0.8906,0.5942,0.3234,0.6925,0.6825,0.1856,159363.4022,16946.1172,0.7029,8.976345311260735,23.619659423828125,38.60740280151367
"(('V_CO', 'morning'), ('V_PE1', 'night'), ('V_PE1', 'morning'), ('V_PE2', 'night'))",0.8791,0.4399,0.3064,0.6954,0.685,0.1117,210506.5322,17126.8164,0.7105,8.92502227387226,23.71853256225586,38.352638244628906
"(('V_CO', 'morning'), ('V_PE1', 'night'), ('V_PE1', 'morning'), ('V_PE2', 'morning'))",0.8799,0.435,0.3088,0.7019,0.6874,0.1124,210822.8128,17135.248,0.7201,8.932267879150633,23.943130493164062,38.327091217041016
"(('V_CO', 'morning'), ('V_PE1', 'night'), ('V_PE1', 'morning'), ('CV3', 'night'))",0.8825,0.4297,0.3091,0.6985,0.6929,0.1113,212970.2906,17131.5918,0.7116,8.933173579810429,23.827070236206055,38.49826431274414
"(('V_CO', 'morning'), ('V_PE1', 'night'), ('V_PE1', 'morning'), ('CV3', 'morning'))",0.8796,0.5248,0.3076,0.7028,0.6857,0.1501,182667.2409,17153.6641,0.7188,8.928645076511447,23.97174835205078,38.32576370239258
"(('V_CO', 'morning'), ('V_PE1', 'night'), ('V_PE2', 'night'), ('V_PE2', 'morning'))",0.8863,0.4445,0.3103,0.704,0.6894,0.1113,210087.8227,17129.6953,0.7307,8.936796382449616,24.01388168334961,38.341148376464844
"(('V_CO', 'morning'), ('V_PE1', 'night'), ('V_PE2', 'night'), ('CV3', 'night'))",0.8796,0.4681,0.3135,0.6769,0.678,0.118,203183.4783,17004.4902,0.7055,8.946457189487447,23.08865737915039,37.84551239013672
"(('V_CO', 'morning'), ('V_PE1', 'night'), ('V_PE2', 'night'), ('CV3', 'morning'))",0.8769,0.4301,0.3158,0.6819,0.6998,0.1014,211370.5113,17112.0293,0.6956,8.953400894545887,23.25876235961914,38.33373260498047
"(('V_CO', 'morning'), ('V_PE1', 'night'), ('V_PE2', 'morning'), ('CV3', 'night'))",0.8824,0.5185,0.3099,0.6939,0.6928,0.1374,181920.3747,17139.2559,0.7111,8.935588781569887,23.670278549194336,38.345943450927734
"(('V_CO', 'morning'), ('V_PE1', 'night'), ('V_PE2', 'morning'), ('CV3', 'morning'))",0.8815,0.5234,0.3121,0.7014,0.6931,0.1331,181077.3967,17144.8906,0.7256,8.942230586408396,23.925960540771484,38.33000564575195
"(('V_CO', 'morning'), ('V_PE1', 'night'), ('CV3', 'night'), ('CV3', 'morning'))",0.8863,0.4445,0.3103,0.704,0.6894,0.1113,210087.8227,17129.6953,0.7307,8.936796382449616,24.01388168334961,38.341148376464844
"(('V_CO', 'morning'), ('V_PE1', 'morning'), ('V_PE2', 'night'), ('V_PE2', 'morning'))",0.8834,0.4135,0.3084,0.7034,0.6867,0.1303,214846.5891,17138.2559,0.721,8.931060278270905,23.9929256439209,38.3272819519043
"(('V_CO', 'morning'), ('V_PE1', 'morning'), ('V_PE2', 'night'), ('CV3', 'night'))",0.8842,0.5055,0.312,0.6994,0.6948,0.1729,197128.5064,17123.7949,0.7139,8.941928686188463,23.85708236694336,38.327388763427734
"(('V_CO', 'morning'), ('V_PE1', 'morning'), ('V_PE2', 'night'), ('CV3', 'morning'))",0.8803,0.5012,0.3129,0.699,0.6957,0.1508,182510.7474,17141.7988,0.7122,8.944645788167854,23.843204498291016,38.32878875732422
"(('V_CO', 'morning'), ('V_PE1', 'morning'), ('V_PE2', 'morning'), ('CV3', 'night'))",0.8563,0.49,0.3079,0.6858,0.6827,0.1303,192867.8129,17054.5195,0.7017,8.929550777171244,23.392112731933594,38.200199127197266
"(('V_CO', 'morning'), ('V_PE1', 'morning'), ('V_PE2', 'morning'), ('CV3', 'morning'))",0.8597,0.3279,0.3116,0.6942,0.6793,0.099,235170.1186,17045.834,0.7229,8.940721085308734,23.680217742919922,37.93975067138672
"(('V_CO', 'morning'), ('V_PE1', 'morning'), ('CV3', 'night'), ('CV3', 'morning'))",0.8834,0.4135,0.3084,0.7034,0.6867,0.1303,214846.5891,17138.2559,0.721,8.931060278270905,23.9929256439209,38.3272819519043
"(('V_CO', 'morning'), ('V_PE2', 'night'), ('V_PE2', 'morning'), ('CV3', 'night'))",0.8825,0.4297,0.3091,0.6985,0.6929,0.1113,212970.2906,17131.5918,0.7116,8.933173579810429,23.827070236206055,38.49826431274414
"(('V_CO', 'morning'), ('V_PE2', 'night'), ('V_PE2', 'morning'), ('CV3', 'morning'))",0.8796,0.5248,0.3076,0.7028,0.6857,0.1501,182667.2409,17153.6641,0.7188,8.928645076511447,23.97174835205078,38.32576370239258
"(('V_CO', 'morning'), ('V_PE2', 'night'), ('CV3', 'night'), ('CV3', 'morning'))",0.8791,0.4399,0.3064,0.6954,0.685,0.1117,210506.5322,17126.8164,0.7105,8.92502227387226,23.71853256225586,38.352638244628906
"(('V_CO', 'morning'), ('V_PE2', 'morning'), ('CV3', 'night'), ('CV3', 'morning'))",0.8799,0.435,0.3088,0.7019,0.6874,0.1124,210822.8128,17135.248,0.7201,8.932267879150633,23.943130493164062,38.327091217041016
"(('V_PE1', 'night'), ('V_PE1', 'morning'), ('V_PE2', 'night'), ('V_PE2', 'morning'))",0.9277,0.7228,0.3312,0.7524,0.7669,0.3153,119372.7755,16771.4199,0.7712,8.998949875391347,25.663043975830078,42.2435302734375
"(('V_PE1', 'night'), ('V_PE1', 'morning'), ('V_PE2', 'night'), ('CV3', 'night'))",0.925,0.7175,0.3315,0.7414,0.7674,0.3107,121280.2575,16789.416,0.7589,8.998053492677819,25.29009246826172,42.289005279541016
"(('V_PE1', 'night'), ('V_PE1', 'morning'), ('V_PE2', 'night'), ('CV3', 'morning'))",0.9226,0.6337,0.3308,0.7423,0.7654,0.2878,150777.8563,16753.5215,0.7614,8.997618729769615,25.320634841918945,42.229583740234375
"(('V_PE1', 'night'), ('V_PE1', 'morning'), ('V_PE2', 'morning'), ('CV3', 'night'))",0.9235,0.6717,0.3311,0.7403,0.7652,0.299,136461.6706,16736.2793,0.7582,8.997496360052525,25.252851486206055,42.21707534790039
"(('V_PE1', 'night'), ('V_PE1', 'morning'), ('V_PE2', 'morning'), ('CV3', 'morning'))",0.9258,0.6323,0.3318,0.7493,0.7662,0.2874,150901.2338,16760.252,0.7696,8.999334109936605,25.55714988708496,42.224212646484375
"(('V_PE1', 'night'), ('V_PE1', 'morning'), ('CV3', 'night'), ('CV3', 'morning'))",0.9277,0.7228,0.3312,0.7524,0.7669,0.3153,119372.7755,16771.4199,0.7712,8.998949875391347,25.663043975830078,42.2435302734375
"(('V_PE1', 'night'), ('V_PE2', 'night'), ('V_PE2', 'morning'), ('CV3', 'night'))",0.9282,0.7154,0.3316,0.7429,0.7677,0.3089,121500.6262,16778.2676,0.7669,8.989178024290972,25.34033203125,42.276180267333984
"(('V_PE1', 'night'), ('V_PE2', 'night'), ('V_PE2', 'morning'), ('CV3', 'morning'))",0.9276,0.633,0.3326,0.7449,0.7688,0.2878,150840.2585,16753.5938,0.77,8.990983405087047,25.410066604614258,42.23322296142578
"(('V_PE1', 'night'), ('V_PE2', 'night'), ('CV3', 'night'), ('CV3', 'morning'))",0.9238,0.7277,0.3338,0.7269,0.7695,0.4664,116914.0079,16697.9277,0.747,8.725614704398009,24.794864654541016,42.2135009765625
"(('V_PE1', 'night'), ('V_PE2', 'morning'), ('CV3', 'night'), ('CV3', 'morning'))",0.9256,0.6499,0.3295,0.7415,0.7649,0.2924,145248.8941,16753.7168,0.7653,8.99370567172059,25.294021606445312,42.24463653564453
"(('V_PE1', 'morning'), ('V_PE2', 'night'), ('V_PE2', 'morning'), ('CV3', 'night'))",0.9195,0.7115,0.3245,0.7363,0.757,0.3103,122742.1434,16760.0723,0.7534,8.978989608960301,25.115398406982422,42.2590217590332
"(('V_PE1', 'morning'), ('V_PE2', 'night'), ('V_PE2', 'morning'), ('CV3', 'morning'))",0.9204,0.6319,0.3248,0.7455,0.7571,0.2888,150407.895,16752.0859,0.767,8.97941911857383,25.430221557617188,42.22365951538086
"(('V_PE1', 'morning'), ('V_PE2', 'night'), ('CV3', 'night'), ('CV3', 'morning'))",0.9225,0.7168,0.3264,0.7428,0.7611,0.3114,121052.93,16776.6602,0.7601,8.9854023178587,25.335968017578125,42.2764892578125
"(('V_PE1', 'morning'), ('V_PE2', 'morning'), ('CV3', 'night'), ('CV3', 'morning'))",0.9227,0.608,0.3292,0.7475,0.7625,0.2793,162948.4915,16785.1172,0.7703,8.993855524016801,25.498001098632812,42.26323699951172
"(('V_PE2', 'night'), ('V_PE2', 'morning'), ('CV3', 'night'), ('CV3', 'morning'))",0.9277,0.7228,0.3312,0.7524,0.7669,0.3153,119372.7755,16771.4199,0.7712,8.998949875391347,25.663043975830078,42.2435302734375
"(('V_CO', 'night'), ('V_CO', 'morning'), ('V_PE1', 'night'), ('V_PE1', 'morning'), ('V_PE2', 'night'))",0.9281,0.7404,0.3303,0.7461,0.7745,0.4755,111953.4351,16699.8516,0.7617,8.594587069095306,25.450382232666016,42.84798812866211
"(('V_CO', 'night'), ('V_CO', 'morning'), ('V_PE1', 'night'), ('V_PE1', 'morning'), ('V_PE2', 'morning'))",0.9257,0.6502,0.3268,0.7515,0.7689,0.2924,145236.3631,16721.6582,0.7713,8.974881967179611,25.63486099243164,42.859397888183594
"(('V_CO', 'night'), ('V_CO', 'morning'), ('V_PE1', 'night'), ('V_PE1', 'morning'), ('CV3', 'night'))",0.9283,0.7524,0.3305,0.7451,0.7747,0.4755,106863.114,16680.2188,0.7601,8.504467044253893,25.41431999206543,42.8378791809082
"(('V_CO', 'night'), ('V_CO', 'morning'), ('V_PE1', 'night'), ('V_PE1', 'morning'), ('CV3', 'morning'))",0.9274,0.6333,0.3288,0.7545,0.7712,0.2878,150835.8755,16699.084,0.7748,8.945767863871216,25.73552131652832,42.8235969543457
"(('V_CO', 'night'), ('V_CO', 'morning'), ('V_PE1', 'night'), ('V_PE2', 'night'), ('V_PE2', 'morning'))",0.9319,0.7228,0.3315,0.7474,0.776,0.3131,119561.8915,16734.7676,0.77,8.900200401653503,25.492816925048828,42.88683319091797
"(('V_CO', 'night'), ('V_CO', 'morning'), ('V_PE1', 'night'), ('V_PE2', 'night'), ('CV3', 'night'))",0.9249,0.7126,0.3359,0.7275,0.7674,0.304,122492.9416,16611.9941,0.7594,8.9885476891968,24.81440544128418,42.3073616027832
"(('V_CO', 'night'), ('V_CO', 'morning'), ('V_PE1', 'night'), ('V_PE2', 'night'), ('CV3', 'morning'))",0.9177,0.6555,0.3286,0.7271,0.7673,0.4526,141981.2614,16558.3906,0.7501,8.777242780025093,24.80080795288086,42.69750213623047
"(('V_CO', 'night'), ('V_CO', 'morning'), ('V_PE1', 'night'), ('V_PE2', 'morning'), ('CV3', 'night'))",0.9285,0.6745,0.3297,0.7421,0.7723,0.2998,135693.6576,16679.9512,0.765,8.955204691956748,25.31426239013672,42.83572006225586
"(('V_CO', 'night'), ('V_CO', 'morning'), ('V_PE1', 'night'), ('V_PE2', 'morning'), ('CV3', 'morning'))",0.9228,0.6597,0.3238,0.7405,0.7641,0.2952,142086.989,16703.0859,0.7629,8.973478479433314,25.25879669189453,42.85533905029297
"(('V_CO', 'night'), ('V_CO', 'morning'), ('V_PE1', 'night'), ('CV3', 'night'), ('CV3', 'morning'))",0.9319,0.7228,0.3315,0.7474,0.776,0.3131,119561.8915,16734.7676,0.77,8.900200401653503,25.492816925048828,42.88683319091797
"(('V_CO', 'night'), ('V_CO', 'morning'), ('V_PE1', 'morning'), ('V_PE2', 'night'), ('V_PE2', 'morning'))",0.9279,0.7196,0.3272,0.7504,0.7699,0.317,120762.0473,16744.3516,0.7685,8.967535285583796,25.5948486328125,42.89094543457031
"(('V_CO', 'night'), ('V_CO', 'morning'), ('V_PE1', 'morning'), ('V_PE2', 'night'), ('CV3', 'night'))",0.9267,0.714,0.3291,0.7442,0.7722,0.3093,122306.2527,16692.7227,0.7628,8.966318658654203,25.38532066345215,42.843605041503906
"(('V_CO', 'night'), ('V_CO', 'morning'), ('V_PE1', 'morning'), ('V_PE2', 'night'), ('CV3', 'morning'))",0.9214,0.633,0.3255,0.7371,0.7662,0.2895,150281.8359,16682.7031,0.7536,8.97739545375492,25.14080047607422,42.840335845947266
"(('V_CO', 'night'), ('V_CO', 'morning'), ('V_PE1', 'morning'), ('V_PE2', 'morning'), ('CV3', 'night'))",0.9178,0.5639,0.3261,0.7395,0.7658,0.2765,179577.0165,16649.2227,0.7608,8.977210578065412,25.223102569580078,42.789222717285156
"(('V_CO', 'night'), ('V_CO', 'morning'), ('V_PE1', 'morning'), ('V_PE2', 'morning'), ('CV3', 'morning'))",0.9197,0.6016,0.3297,0.7449,0.7655,0.2786,165367.5906,16651.0645,0.7674,8.988188803756813,25.407564163208008,42.57093811035156
"(('V_CO', 'night'), ('V_CO', 'morning'), ('V_PE1', 'morning'), ('CV3', 'night'), ('CV3', 'morning'))",0.9279,0.7196,0.3272,0.7504,0.7699,0.317,120762.0473,16744.3516,0.7685,8.967535285583796,25.5948486328125,42.89094543457031
"(('V_CO', 'night'), ('V_CO', 'morning'), ('V_PE2', 'night'), ('V_PE2', 'morning'), ('CV3', 'night'))",0.9283,0.7524,0.3305,0.7451,0.7747,0.4755,106863.114,16680.2188,0.7601,8.504467044253893,25.41431999206543,42.8378791809082
"(('V_CO', 'night'), ('V_CO', 'morning'), ('V_PE2', 'night'), ('V_PE2', 'morning'), ('CV3', 'morning'))",0.9274,0.6333,0.3288,0.7545,0.7712,0.2878,150835.8755,16699.084,0.7748,8.945767863871216,25.73552131652832,42.8235969543457
"(('V_CO', 'night'), ('V_CO', 'morning'), ('V_PE2', 'night'), ('CV3', 'night'), ('CV3', 'morning'))",0.9281,0.7404,0.3303,0.7461,0.7745,0.4755,111953.4351,16699.8516,0.7617,8.594587069095306,25.450382232666016,42.84798812866211
"(('V_CO', 'night'), ('V_CO', 'morning'), ('V_PE2', 'morning'), ('CV3', 'night'), ('CV3', 'morning'))",0.9257,0.6502,0.3268,0.7515,0.7689,0.2924,145236.3631,16721.6582,0.7713,8.974881967179611,25.63486099243164,42.859397888183594
"(('V_CO', 'night'), ('V_PE1', 'night'), ('V_PE1', 'morning'), ('V_PE2', 'night'), ('V_PE2', 'morning'))",0.8948,0.6601,0.3247,0.6968,0.6869,0.2011,134957.1225,16965.5469,0.7052,8.980270014119853,23.769489288330078,38.6386833190918
"(('V_CO', 'night'), ('V_PE1', 'night'), ('V_PE1', 'morning'), ('V_PE2', 'night'), ('CV3', 'night'))",0.8939,0.6671,0.3255,0.6941,0.6859,0.2075,133926.8311,16947.6484,0.7035,8.982685215879311,23.676799774169922,38.62669372558594
"(('V_CO', 'night'), ('V_PE1', 'night'), ('V_PE1', 'morning'), ('V_PE2', 'night'), ('CV3', 'morning'))",0.8883,0.572,0.322,0.6897,0.6799,0.1779,165930.1607,16934.1152,0.6999,8.972118708181684,23.524433135986328,38.597251892089844
"(('V_CO', 'night'), ('V_PE1', 'night'), ('V_PE1', 'morning'), ('V_PE2', 'morning'), ('CV3', 'night'))",0.89,0.5999,0.3235,0.6905,0.6822,0.1892,158006.3364,16927.8906,0.7004,8.976647211480667,23.55308723449707,38.59602737426758
"(('V_CO', 'night'), ('V_PE1', 'night'), ('V_PE1', 'morning'), ('V_PE2', 'morning'), ('CV3', 'morning'))",0.8916,0.6023,0.3249,0.6936,0.6834,0.1881,156661.1554,16946.2285,0.7023,8.980873814559718,23.65864372253418,38.60902786254883
"(('V_CO', 'night'), ('V_PE1', 'night'), ('V_PE1', 'morning'), ('CV3', 'night'), ('CV3', 'morning'))",0.8948,0.6601,0.3247,0.6968,0.6869,0.2011,134957.1225,16965.5469,0.7052,8.980270014119853,23.769489288330078,38.6386833190918
"(('V_CO', 'night'), ('V_PE1', 'night'), ('V_PE2', 'night'), ('V_PE2', 'morning'), ('CV3', 'night'))",0.8984,0.6365,0.325,0.6937,0.686,0.1779,139125.8687,16958.6387,0.7115,8.98117571477965,23.661256790161133,38.655696868896484
"(('V_CO', 'night'), ('V_PE1', 'night'), ('V_PE2', 'night'), ('V_PE2', 'morning'), ('CV3', 'morning'))",0.8943,0.5773,0.3248,0.6923,0.6859,0.1846,165917.0334,16929.9121,0.7126,8.980571914339786,23.613269805908203,38.61018371582031
"(('V_CO', 'night'), ('V_PE1', 'night'), ('V_PE2', 'night'), ('CV3', 'night'), ('CV3', 'morning'))",0.8984,0.6707,0.3262,0.6896,0.6898,0.2205,133791.2502,16945.4023,0.7068,8.984798517418836,23.522367477416992,38.670536041259766
"(('V_CO', 'night'), ('V_PE1', 'night'), ('V_PE2', 'morning'), ('CV3', 'night'), ('CV3', 'morning'))",0.8958,0.597,0.3261,0.6922,0.6875,0.1849,158283.1846,16939.6816,0.7115,8.984496617198904,23.611419677734375,38.62487030029297
"(('V_CO', 'night'), ('V_PE1', 'morning'), ('V_PE2', 'night'), ('V_PE2', 'morning'), ('CV3', 'night'))",0.8941,0.6495,0.3254,0.6939,0.687,0.2011,140650.0995,16936.5645,0.7047,8.982383315659378,23.668190002441406,38.61396408081055
"(('V_CO', 'night'), ('V_PE1', 'morning'), ('V_PE2', 'night'), ('V_PE2', 'morning'), ('CV3', 'morning'))",0.8904,0.5745,0.3239,0.691,0.6823,0.1842,164330.2575,16946.7715,0.7025,8.977854812360395,23.570650100708008,38.60842514038086
"(('V_CO', 'night'), ('V_PE1', 'morning'), ('V_PE2', 'night'), ('CV3', 'night'), ('CV3', 'morning'))",0.8935,0.6418,0.3245,0.6931,0.6839,0.1969,141936.7618,16944.5254,0.703,8.97966621367999,23.641502380371094,38.6121940612793
"(('V_CO', 'night'), ('V_PE1', 'morning'), ('V_PE2', 'morning'), ('CV3', 'night'), ('CV3', 'morning'))",0.8844,0.5435,0.3217,0.6871,0.6767,0.1705,181299.7592,16939.6719,0.7005,8.971213007521886,23.435352325439453,38.59672546386719
"(('V_CO', 'night'), ('V_PE2', 'night'), ('V_PE2', 'morning'), ('CV3', 'night'), ('CV3', 'morning'))",0.8948,0.6601,0.3247,0.6968,0.6869,0.2011,134957.1225,16965.5469,0.7052,8.980270014119853,23.769489288330078,38.6386833190918
"(('V_CO', 'morning'), ('V_PE1', 'night'), ('V_PE1', 'morning'), ('V_PE2', 'night'), ('V_PE2', 'morning'))",0.8832,0.447,0.3071,0.7033,0.6848,0.1134,208353.6332,17135.1094,0.7202,8.927135575411786,23.9898738861084,38.342628479003906
"(('V_CO', 'morning'), ('V_PE1', 'night'), ('V_PE1', 'morning'), ('V_PE2', 'night'), ('CV3', 'night'))",0.8833,0.4871,0.311,0.7011,0.693,0.131,199161.1589,17120.9805,0.7156,8.938909683989142,23.915977478027344,38.34111785888672
"(('V_CO', 'morning'), ('V_PE1', 'night'), ('V_PE1', 'morning'), ('V_PE2', 'night'), ('CV3', 'morning'))",0.878,0.4956,0.3114,0.7001,0.694,0.1307,188484.4451,17140.9551,0.714,8.94011728486887,23.88042449951172,38.33028793334961
"(('V_CO', 'morning'), ('V_PE1', 'night'), ('V_PE1', 'morning'), ('V_PE2', 'morning'), ('CV3', 'night'))",0.8789,0.4611,0.3103,0.6959,0.6921,0.1286,195393.8288,17151.9199,0.7077,8.936796382449616,23.735960006713867,38.3494758605957
"(('V_CO', 'morning'), ('V_PE1', 'night'), ('V_PE1', 'morning'), ('V_PE2', 'morning'), ('CV3', 'morning'))",0.8776,0.4544,0.3078,0.7027,0.6861,0.1293,196522.5303,17153.0684,0.7209,8.929248876951311,23.968961715698242,38.3236083984375
"(('V_CO', 'morning'), ('V_PE1', 'night'), ('V_PE1', 'morning'), ('CV3', 'night'), ('CV3', 'morning'))",0.8832,0.447,0.3071,0.7033,0.6848,0.1134,208353.6332,17135.1094,0.7202,8.927135575411786,23.9898738861084,38.342628479003906
"(('V_CO', 'morning'), ('V_PE1', 'night'), ('V_PE2', 'night'), ('V_PE2', 'morning'), ('CV3', 'night'))",0.8831,0.4269,0.3055,0.6911,0.6839,0.111,213441.516,17127.3398,0.7103,8.922305171892871,23.572885513305664,38.36317825317383
"(('V_CO', 'morning'), ('V_PE1', 'night'), ('V_PE2', 'night'), ('V_PE2', 'morning'), ('CV3', 'morning'))",0.88,0.3473,0.3113,0.7004,0.6913,0.1099,221304.5057,17134.5879,0.7257,8.939815384648938,23.890026092529297,38.315101623535156
"(('V_CO', 'morning'), ('V_PE1', 'night'), ('V_PE2', 'night'), ('CV3', 'night'), ('CV3', 'morning'))",0.8804,0.305,0.3123,0.6837,0.6949,0.1036,239682.3525,17127.5703,0.7003,8.942834386848261,23.321287155151367,38.36835479736328
"(('V_CO', 'morning'), ('V_PE1', 'night'), ('V_PE2', 'morning'), ('CV3', 'night'), ('CV3', 'morning'))",0.8834,0.5273,0.3122,0.7034,0.6933,0.1374,179548.8224,17146.168,0.7274,8.942532486628327,23.993730545043945,38.3280143737793
"(('V_CO', 'morning'), ('V_PE1', 'morning'), ('V_PE2', 'night'), ('V_PE2', 'morning'), ('CV3', 'night'))",0.883,0.4192,0.3113,0.6983,0.6937,0.1458,214013.1772,17134.9648,0.712,8.939815384648938,23.819469451904297,38.34765625
"(('V_CO', 'morning'), ('V_PE1', 'morning'), ('V_PE2', 'night'), ('V_PE2', 'morning'), ('CV3', 'morning'))",0.8809,0.4681,0.3093,0.7043,0.6879,0.1321,193333.1553,17154.123,0.7234,8.933777380250294,24.023143768310547,38.325096130371094
"(('V_CO', 'morning'), ('V_PE1', 'morning'), ('V_PE2', 'night'), ('CV3', 'night'), ('CV3', 'morning'))",0.8824,0.4561,0.3102,0.6983,0.6908,0.1134,206112.3931,17128.5859,0.7143,8.936494482229683,23.81797981262207,38.3282585144043
"(('V_CO', 'morning'), ('V_PE1', 'morning'), ('V_PE2', 'morning'), ('CV3', 'night'), ('CV3', 'morning'))",0.862,0.4755,0.3074,0.6984,0.6823,0.125,199483.7869,17085.9531,0.7176,8.928041276071582,23.821638107299805,38.22911071777344
"(('V_CO', 'morning'), ('V_PE2', 'night'), ('V_PE2', 'morning'), ('CV3', 'night'), ('CV3', 'morning'))",0.8832,0.447,0.3071,0.7033,0.6848,0.1134,208353.6332,17135.1094,0.7202,8.927135575411786,23.9898738861084,38.342628479003906
"(('V_PE1', 'night'), ('V_PE1', 'morning'), ('V_PE2', 'night'), ('V_PE2', 'morning'), ('CV3', 'night'))",0.9267,0.7115,0.3326,0.7429,0.7686,0.3096,123621.2608,16779.0645,0.7593,8.992904463480857,25.340198516845703,42.27485656738281
"(('V_PE1', 'night'), ('V_PE1', 'morning'), ('V_PE2', 'night'), ('V_PE2', 'morning'), ('CV3', 'morning'))",0.9252,0.6587,0.3295,0.749,0.7631,0.2948,142175.4795,16751.7266,0.7683,8.993587005560583,25.548044204711914,42.21651840209961
"(('V_PE1', 'night'), ('V_PE1', 'morning'), ('V_PE2', 'night'), ('CV3', 'night'), ('CV3', 'morning'))",0.9218,0.7193,0.3273,0.7381,0.7617,0.311,120503.2073,16787.0176,0.7535,8.98811941983809,25.175376892089844,42.284244537353516
"(('V_PE1', 'night'), ('V_PE1', 'morning'), ('V_PE2', 'morning'), ('CV3', 'night'), ('CV3', 'morning'))",0.9208,0.6495,0.3254,0.7479,0.7584,0.292,145305.7977,16751.7988,0.7683,8.981213401485956,25.51021385192871,42.2205810546875
"(('V_PE1', 'night'), ('V_PE2', 'night'), ('V_PE2', 'morning'), ('CV3', 'night'), ('CV3', 'morning'))",0.9293,0.7369,0.3302,0.743,0.766,0.3167,113060.6938,16788.3555,0.7646,8.868189289650203,25.344419479370117,42.29036331176758
"(('V_PE1', 'morning'), ('V_PE2', 'night'), ('V_PE2', 'morning'), ('CV3', 'night'), ('CV3', 'morning'))",0.9253,0.7172,0.3264,0.7519,0.7604,0.317,121557.7119,16787.0078,0.7726,8.976789078044547,25.648265838623047,42.26457977294922
"(('V_CO', 'night'), ('V_CO', 'morning'), ('V_PE1', 'night'), ('V_PE1', 'morning'), ('V_PE2', 'night'), ('V_PE2', 'morning'))",0.9287,0.7256,0.3279,0.7533,0.771,0.3167,118842.7247,16732.4453,0.7714,8.934412821668978,25.693559646606445,42.872352600097656
"(('V_CO', 'night'), ('V_CO', 'morning'), ('V_PE1', 'night'), ('V_PE1', 'morning'), ('V_PE2', 'night'), ('CV3', 'night'))",0.9228,0.7492,0.325,0.7438,0.7678,0.4755,108250.5891,16692.4746,0.7608,8.550337233191492,25.371593475341797,42.84654235839844
"(('V_CO', 'night'), ('V_CO', 'morning'), ('V_PE1', 'night'), ('V_PE1', 'morning'), ('V_PE2', 'night'), ('CV3', 'morning'))",0.9235,0.6548,0.3282,0.7438,0.7711,0.4519,141988.179,16677.9863,0.7616,8.767883116441912,25.372228622436523,42.81732940673828
"(('V_CO', 'night'), ('V_CO', 'morning'), ('V_PE1', 'night'), ('V_PE1', 'morning'), ('V_PE2', 'morning'), ('CV3', 'night'))",0.9243,0.6943,0.3293,0.7425,0.7719,0.4632,127854.1787,16669.3145,0.7589,8.750751856846087,25.328279495239258,42.8150634765625
"(('V_CO', 'night'), ('V_CO', 'morning'), ('V_PE1', 'night'), ('V_PE1', 'morning'), ('V_PE2', 'morning'), ('CV3', 'morning'))",0.9284,0.695,0.3291,0.7558,0.7718,0.3079,128862.0712,16709.8145,0.7748,8.929136700030332,25.778886795043945,42.84034729003906
"(('V_CO', 'night'), ('V_CO', 'morning'), ('V_PE1', 'night'), ('V_PE1', 'morning'), ('CV3', 'night'), ('CV3', 'morning'))",0.9287,0.7256,0.3279,0.7533,0.771,0.3167,118842.7247,16732.4453,0.7714,8.934412821668978,25.693559646606445,42.872352600097656
"(('V_CO', 'night'), ('V_CO', 'morning'), ('V_PE1', 'night'), ('V_PE2', 'night'), ('V_PE2', 'morning'), ('CV3', 'night'))",0.9293,0.7143,0.3293,0.7413,0.772,0.3082,121710.4499,16691.0918,0.763,8.944891096397816,25.285316467285156,42.85102462768555
"(('V_CO', 'night'), ('V_CO', 'morning'), ('V_PE1', 'night'), ('V_PE2', 'night'), ('V_PE2', 'morning'), ('CV3', 'morning'))",0.9252,0.6337,0.3268,0.7386,0.768,0.2878,150795.9947,16691.5488,0.761,8.977326561711553,25.19412612915039,42.83973693847656
"(('V_CO', 'night'), ('V_CO', 'morning'), ('V_PE1', 'night'), ('V_PE2', 'night'), ('CV3', 'night'), ('CV3', 'morning'))",0.9266,0.7242,0.3337,0.7382,0.7757,0.4667,117758.3335,16580.1582,0.7623,8.711250045023878,25.179439544677734,42.716827392578125
"(('V_CO', 'night'), ('V_CO', 'morning'), ('V_PE1', 'night'), ('V_PE2', 'morning'), ('CV3', 'night'), ('CV3', 'morning'))",0.9275,0.6513,0.3285,0.7424,0.7705,0.2934,145107.1486,16669.5527,0.7652,8.970420198467162,25.324670791625977,42.802059173583984
"(('V_CO', 'night'), ('V_CO', 'morning'), ('V_PE1', 'morning'), ('V_PE2', 'night'), ('V_PE2', 'morning'), ('CV3', 'night'))",0.9264,0.7168,0.3293,0.7442,0.7729,0.466,119932.5262,16680.791,0.7614,8.743056193641042,25.386333465576172,42.83920669555664
"(('V_CO', 'night'), ('V_CO', 'morning'), ('V_PE1', 'morning'), ('V_PE2', 'night'), ('V_PE2', 'morning'), ('CV3', 'morning'))",0.9236,0.6326,0.3251,0.7482,0.7661,0.2892,150337.6509,16711.627,0.7681,8.977912447461382,25.51959228515625,42.848533630371094
"(('V_CO', 'night'), ('V_CO', 'morning'), ('V_PE1', 'morning'), ('V_PE2', 'night'), ('CV3', 'night'), ('CV3', 'morning'))",0.9258,0.6981,0.3283,0.7447,0.7714,0.3026,128007.5445,16712.7578,0.7634,8.968530740746065,25.40081787109375,42.85805130004883
"(('V_CO', 'night'), ('V_CO', 'morning'), ('V_PE1', 'morning'), ('V_PE2', 'morning'), ('CV3', 'night'), ('CV3', 'morning'))",0.9225,0.6037,0.3271,0.7503,0.7681,0.279,164845.0641,16700.0898,0.7735,8.968318381078287,25.593032836914062,42.82756042480469
"(('V_CO', 'night'), ('V_CO', 'morning'), ('V_PE2', 'night'), ('V_PE2', 'morning'), ('CV3', 'night'), ('CV3', 'morning'))",0.9287,0.7256,0.3279,0.7533,0.771,0.3167,118842.7247,16732.4453,0.7714,8.934412821668978,25.693559646606445,42.872352600097656
"(('V_CO', 'night'), ('V_PE1', 'night'), ('V_PE1', 'morning'), ('V_PE2', 'night'), ('V_PE2', 'morning'), ('CV3', 'night'))",0.8944,0.6692,0.3255,0.6947,0.6875,0.2082,132810.3439,16946.1328,0.7038,8.982685215879311,23.696754455566406,38.62691116333008
"(('V_CO', 'night'), ('V_PE1', 'night'), ('V_PE1', 'morning'), ('V_PE2', 'night'), ('V_PE2', 'morning'), ('CV3', 'morning'))",0.8889,0.5882,0.3219,0.6931,0.6816,0.187,162518.0025,16922.7832,0.7036,8.971816807961751,23.64071273803711,38.614410400390625
"(('V_CO', 'night'), ('V_PE1', 'night'), ('V_PE1', 'morning'), ('V_PE2', 'night'), ('CV3', 'night'), ('CV3', 'morning'))",0.8932,0.6682,0.3237,0.6942,0.6833,0.2071,133020.0825,16955.2109,0.7023,8.977251011920531,23.678131103515625,38.626487731933594
"(('V_CO', 'night'), ('V_PE1', 'night'), ('V_PE1', 'morning'), ('V_PE2', 'morning'), ('CV3', 'night'), ('CV3', 'morning'))",0.8906,0.5942,0.3234,0.6925,0.6825,0.1856,159363.4022,16946.1172,0.7029,8.976345311260735,23.619659423828125,38.60740280151367
"(('V_CO', 'night'), ('V_PE1', 'night'), ('V_PE2', 'night'), ('V_PE2', 'morning'), ('CV3', 'night'), ('CV3', 'morning'))",0.8987,0.6404,0.3252,0.6941,0.686,0.1906,138470.0286,16965.4492,0.7113,8.981779515219515,23.677017211914062,38.657405853271484
"(('V_CO', 'night'), ('V_PE1', 'morning'), ('V_PE2', 'night'), ('V_PE2', 'morning'), ('CV3', 'night'), ('CV3', 'morning'))",0.8941,0.6456,0.3242,0.6949,0.6852,0.1997,140765.1999,16946.0059,0.7049,8.978760513020191,23.70209503173828,38.61008834838867
"(('V_CO', 'morning'), ('V_PE1', 'night'), ('V_PE1', 'morning'), ('V_PE2', 'night'), ('V_PE2', 'morning'), ('CV3', 'night'))",0.8825,0.4297,0.3091,0.6985,0.6929,0.1113,212970.2906,17131.5918,0.7116,8.933173579810429,23.827070236206055,38.49826431274414
"(('V_CO', 'morning'), ('V_PE1', 'night'), ('V_PE1', 'morning'), ('V_PE2', 'night'), ('V_PE2', 'morning'), ('CV3', 'morning'))",0.8796,0.5248,0.3076,0.7028,0.6857,0.1501,182667.2409,17153.6641,0.7188,8.928645076511447,23.97174835205078,38.32576370239258
"(('V_CO', 'morning'), ('V_PE1', 'night'), ('V_PE1', 'morning'), ('V_PE2', 'night'), ('CV3', 'night'), ('CV3', 'morning'))",0.8791,0.4399,0.3064,0.6954,0.685,0.1117,210506.5322,17126.8164,0.7105,8.92502227387226,23.71853256225586,38.352638244628906
"(('V_CO', 'morning'), ('V_PE1', 'night'), ('V_PE1', 'morning'), ('V_PE2', 'morning'), ('CV3', 'night'), ('CV3', 'morning'))",0.8799,0.435,0.3088,0.7019,0.6874,0.1124,210822.8128,17135.248,0.7201,8.932267879150633,23.943130493164062,38.327091217041016
"(('V_CO', 'morning'), ('V_PE1', 'night'), ('V_PE2', 'night'), ('V_PE2', 'morning'), ('CV3', 'night'), ('CV3', 'morning'))",0.8863,0.4445,0.3103,0.704,0.6894,0.1113,210087.8227,17129.6953,0.7307,8.936796382449616,24.01388168334961,38.341148376464844
"(('V_CO', 'morning'), ('V_PE1', 'morning'), ('V_PE2', 'night'), ('V_PE2', 'morning'), ('CV3', 'night'), ('CV3', 'morning'))",0.8834,0.4135,0.3084,0.7034,0.6867,0.1303,214846.5891,17138.2559,0.721,8.931060278270905,23.9929256439209,38.3272819519043
"(('V_PE1', 'night'), ('V_PE1', 'morning'), ('V_PE2', 'night'), ('V_PE2', 'morning'), ('CV3', 'night'), ('CV3', 'morning'))",0.9277,0.7228,0.3312,0.7524,0.7669,0.3153,119372.7755,16771.4199,0.7712,8.998949875391347,25.663043975830078,42.2435302734375
"(('V_CO', 'night'), ('V_CO', 'morning'), ('V_PE1', 'night'), ('V_PE1', 'morning'), ('V_PE2', 'night'), ('V_PE2', 'morning'), ('CV3', 'night'))",0.9283,0.7524,0.3305,0.7451,0.7747,0.4755,106863.114,16680.2188,0.7601,8.504467044253893,25.41431999206543,42.8378791809082
"(('V_CO', 'night'), ('V_CO', 'morning'), ('V_PE1', 'night'), ('V_PE1', 'morning'), ('V_PE2', 'night'), ('V_PE2', 'morning'), ('CV3', 'morning'))",0.9274,0.6333,0.3288,0.7545,0.7712,0.2878,150835.8755,16699.084,0.7748,8.945767863871216,25.73552131652832,42.8235969543457
"(('V_CO', 'night'), ('V_CO', 'morning'), ('V_PE1', 'night'), ('V_PE1', 'morning'), ('V_PE2', 'night'), ('CV3', 'night'), ('CV3', 'morning'))",0.9281,0.7404,0.3303,0.7461,0.7745,0.4755,111953.4351,16699.8516,0.7617,8.594587069095306,25.450382232666016,42.84798812866211
"(('V_CO', 'night'), ('V_CO', 'morning'), ('V_PE1', 'night'), ('V_PE1', 'morning'), ('V_PE2', 'morning'), ('CV3', 'night'), ('CV3', 'morning'))",0.9257,0.6502,0.3268,0.7515,0.7689,0.2924,145236.3631,16721.6582,0.7713,8.974881967179611,25.63486099243164,42.859397888183594
"(('V_CO', 'night'), ('V_CO', 'morning'), ('V_PE1', 'night'), ('V_PE2', 'night'), ('V_PE2', 'morning'), ('CV3', 'night'), ('CV3', 'morning'))",0.9319,0.7228,0.3315,0.7474,0.776,0.3131,119561.8915,16734.7676,0.77,8.900200401653503,25.492816925048828,42.88683319091797
"(('V_CO', 'night'), ('V_CO', 'morning'), ('V_PE1', 'morning'), ('V_PE2', 'night'), ('V_PE2', 'morning'), ('CV3', 'night'), ('CV3', 'morning'))",0.9279,0.7196,0.3272,0.7504,0.7699,0.317,120762.0473,16744.3516,0.7685,8.967535285583796,25.5948486328125,42.89094543457031
"(('V_CO', 'night'), ('V_PE1', 'night'), ('V_PE1', 'morning'), ('V_PE2', 'night'), ('V_PE2', 'morning'), ('CV3', 'night'), ('CV3', 'morning'))",0.8948,0.6601,0.3247,0.6968,0.6869,0.2011,134957.1225,16965.5469,0.7052,8.980270014119853,23.769489288330078,38.6386833190918
"(('V_CO', 'morning'), ('V_PE1', 'night'), ('V_PE1', 'morning'), ('V_PE2', 'night'), ('V_PE2', 'morning'), ('CV3', 'night'), ('CV3', 'morning'))",0.8832,0.447,0.3071,0.7033,0.6848,0.1134,208353.6332,17135.1094,0.7202,8.927135575411786,23.9898738861084,38.342628479003906
all_open,0.9277,0.7228,0.3312,0.7524,0.7669,0.3153,119372.7755,16771.4199,0.7712,8.998949875391347,25.663043975830078,42.2435302734375
