element,action,new_diameter_m,d_cost,so,1,2,3,4,5,6,7,8,9,leak_pipe_diameter_mm,d_benefit,mb,iter
L3267,pipe,0.15,77.169,8.839943375,0.919094584,0.74145826,0.331888209,0.74148898,0.747989787,0.317365269,112304.0685,16857.48633,0.757807929,,0.160056625,0.002074105,1
L244,pipe,0.1,65.007,8.910702812,0.920461598,0.730891159,0.333663032,0.744134383,0.750173707,0.316308559,116292.6786,16846.79102,0.761756982,,0.089297188,0.001373655,1
L2437,pipe,0.1,123.597,8.836720002,0.919346182,0.741810497,0.331320116,0.744773185,0.747865194,0.317365269,112196.3452,16869.30469,0.762488165,,0.163279998,0.001321068,1
L2434,pipe,0.1,125.829,8.834611604,0.91882202,0.741810497,0.330563416,0.74360887,0.746872641,0.317365269,112211.4554,16869.62695,0.760829697,,0.165388396,0.00131439,1
L2838,pipe,0.1,143.406,8.836499698,0.919341988,0.741810497,0.331442227,0.744784033,0.747866557,0.317365269,112204.3518,16858.27344,0.762504913,,0.163500302,0.001140122,1
L1345,pipe,0.05,143.439,8.84560708,0.921088495,0.74145826,0.334424742,0.745851834,0.75137278,0.317365269,112304.2277,16856.97461,0.7640832,,0.15439292,0.001076366,1
L171,pipe,0.063,159.65687,8.836445173,0.919321022,0.741810497,0.331178093,0.744729569,0.747721574,0.317365269,112211.513,16869.61914,0.762411781,,0.163554827,0.001024415,1
L2808,pipe,0.075,155.00975,8.841820603,0.919612456,0.74145826,0.33250371,0.742681701,0.748812354,0.317365269,112311.7718,16857.0625,0.75957349,,0.158179397,0.001020448,1
L2844,pipe,0.125,161.31,8.837186721,0.919367148,0.741810497,0.331492522,0.744774023,0.748082931,0.317365269,112194.5484,16868.76758,0.762553538,,0.162813279,0.001009319,1
L663,pipe,0.05,173.802,8.838655133,0.91984728,0.741810497,0.332180595,0.745489544,0.748907961,0.317365269,112179.7857,16868.65625,0.763598602,,0.161344867,0.000928326,1
L2327,pipe,0.05,175.7215,8.843788248,0.920132424,0.74145826,0.33319323,0.743610715,0.749703901,0.317365269,112301.9161,16857.00977,0.760885437,,0.156211752,0.000888973,1
L588,pipe,0.05,214.635,8.83706838,0.919845184,0.741810497,0.331937589,0.745790492,0.748708203,0.317365269,112212.3612,16869.28516,0.763939564,,0.16293162,0.00075911,1
L2462,pipe,0.125,250.455,8.843499318,0.920140811,0.74145826,0.333019046,0.743556531,0.749467661,0.317365269,112324.8861,16857.53711,0.760759078,,0.156500682,0.000624865,1
L2007,pipe,0.05,297.1735,8.836930263,0.917855466,0.74145826,0.330773591,0.740690981,0.746508768,0.317365269,112341.6803,16857.22656,0.757308477,,0.163069737,0.000548736,1
L813,pipe,0.1,322.524,8.845520054,0.920595783,0.74145826,0.333777787,0.745031635,0.750545443,0.317365269,112300.2365,16857.0625,0.76288516,,0.154479946,0.000478972,1
L890,pipe,0.063,341.254316,8.836815675,0.919331505,0.741810497,0.331297325,0.744734546,0.747835264,0.317365269,112215.1696,16869.31055,0.762449077,,0.163184325,0.00047819,1
L344,pipe,0.05,428.7465,8.836626174,0.919329408,0.741810497,0.331282958,0.744719112,0.747820483,0.317365269,112198.303,16869.30469,0.76243237,,0.163373826,0.00038105,1
L2823,pipe,0.125,461.64375,8.837033594,0.919838894,0.741810497,0.332018326,0.745826671,0.748824672,0.317365269,112198.4697,16869.06641,0.764014616,,0.162966406,0.000353013,1
L2129,pipe,0.1,467.325,8.837340489,0.918541069,0.74145826,0.331403503,0.742404294,0.74741756,0.31842198,112335.4783,16857.54492,0.759739776,,0.162659511,0.000348065,1
L2900,pipe,0.125,476.855,8.839355639,0.918773797,0.74145826,0.331771082,0.740574673,0.748200658,0.317365269,112287.0317,16855.95703,0.756197931,,0.160644361,0.000336883,1
L378,pipe,0.05,484.2375,8.837549587,0.919402791,0.741810497,0.331583333,0.744357773,0.748186924,0.317365269,112205.3605,16868.73828,0.761960098,,0.162450413,0.000335477,1
L2033,pipe,0.05,485.6335,8.841923773,0.919675355,0.74145826,0.332621217,0.742208359,0.74887604,0.317365269,112281.56,16857.3125,0.758840407,,0.158076227,0.000325505,1
L3118,pipe,0.05,534.4935,8.845248402,0.921071722,0.74145826,0.334250358,0.745850827,0.75114456,0.317365269,112318.5703,16857.53125,0.764022097,,0.154751598,0.000289529,1
L60,pipe,0.075,563.034,8.837386021,0.919864053,0.741810497,0.3321404,0.745837854,0.748943185,0.317365269,112204.3024,16868.75781,0.764065167,,0.162613979,0.000288817,1
L2080,pipe,0.05,559.2725,8.843805564,0.920130328,0.74145826,0.333194787,0.743610324,0.749706889,0.317365269,112303.3903,16857.00781,0.760886178,,0.156194436,0.000279281,1
L2906,pipe,0.075,598.33325,8.843791356,0.920128231,0.74145826,0.333206331,0.743607192,0.749695043,0.317365269,112297.8373,16857,0.760879943,,0.156208644,0.000261073,1
L608,pipe,0.075,628.58975,8.838189563,0.919861957,0.741810497,0.332158081,0.745588462,0.749026422,0.317365269,112178.0253,16868.74609,0.763703473,,0.161810437,0.000257418,1
L408,pipe,0.05,640.415,8.836696878,0.919350375,0.741810497,0.331387583,0.744778217,0.747977889,0.317365269,112171.9539,16869.08984,0.762519865,,0.163303122,0.000254996,1
L2088,pipe,0.075,654.6805,8.837671487,0.919388115,0.741810497,0.331628792,0.744358165,0.748164857,0.317365269,112203.6916,16868.75195,0.761987052,,0.162328513,0.000247951,1
L2043,pipe,0.05,678.2815,8.835777819,0.918960399,0.741810497,0.331007939,0.743414668,0.74743795,0.317365269,112198.6959,16868.77148,0.760582233,,0.164222181,0.000242115,1
L827,pipe,0.063,693.283022,8.837297731,0.919360858,0.741810497,0.331511963,0.744784144,0.748106099,0.317365269,112200.6356,16868.77148,0.762555558,,0.162702269,0.000234684,1
L1504,pipe,0.075,698.5305,8.840418665,0.919182643,0.74145826,0.332064111,0.74107698,0.748059972,0.317365269,112301.5909,16857.01758,0.757271938,,0.159581335,0.000228453,1
L894,pipe,0.075,756.4125,8.837214812,0.91987873,0.741810497,0.3321577,0.745866484,0.748969498,0.317365269,112191.6065,16868.75391,0.764092771,,0.162785188,0.000215207,1
L764,pipe,0.05,743.37,8.841393957,0.919230866,0.74145826,0.332388963,0.742558794,0.748562748,0.317365269,112302.0366,16857.0625,0.759702057,,0.158606043,0.000213361,1
L771,pipe,0.1,766.971,8.83734889,0.919417468,0.741810497,0.331577755,0.744422582,0.748131887,0.317365269,112181.9528,16869.05859,0.761997439,,0.16265111,0.000212069,1
L379,pipe,0.05,761.3435,8.838904915,0.918367047,0.74145826,0.331488992,0.741604114,0.747373321,0.317365269,112323.9087,16857.14844,0.75860907,,0.161095085,0.000211593,1
Leak_2507,leak,,753.9208137,8.840476701,0.919710998,0.74145826,0.332171122,0.743264194,0.749065,0.317365269,112270.7453,16857.12695,0.760304641,75,0.159523299,0.000211592,1
L1353,pipe,0.05,821.0225,8.830241831,0.916496838,0.74145826,0.328372748,0.738143602,0.743926014,0.317365269,112311.499,16879.9707,0.753320669,,0.169758169,0.000206764,1
L804,pipe,0.05,787.5185,8.838343986,0.918331404,0.74145826,0.331300225,0.741574702,0.747134146,0.317365269,112320.4161,16857.69336,0.758527624,,0.161656014,0.000205273,1
L2129,pipe,0.125,125.20625,8.90314705,0.920415472,0.74145826,0.332416272,0.745569282,0.750159974,0.31947869,112226.8569,16835.04688,0.763528554,,0.09685295,0.000773547,2
L1504,pipe,0.1,190.3635,8.916392029,0.92021629,0.74145826,0.332425696,0.744535759,0.749972848,0.31947869,112211.4219,16835.21484,0.762036207,,0.083607971,0.000439202,2
L3267,pipe,0.2,39.063,8.984922951,0.918956205,0.73934484,0.331211778,0.739373005,0.748335,0.318069743,112642.1627,16845.11914,0.754922051,,0.015077049,0.000385968,2
L909,pipe,0.075,789.08075,8.838411583,0.918731864,0.74145826,0.33148008,0.741762361,0.747495031,0.317717506,112321.2828,16857.71875,0.758446004,,0.161588417,0.000204781,2
L752,pipe,0.05,830.271,8.833792483,0.920333702,0.741810497,0.332661054,0.746625397,0.749778332,0.317365269,112187.423,16868.62305,0.765203031,,0.166207517,0.000200185,2
Leak_1493,leak,,856.9955064,8.830378943,0.916597477,0.74145826,0.328432536,0.738073146,0.744051708,0.317365269,112311.4893,16868.90039,0.753175139,63,0.169621057,0.000197925,2
L828,pipe,0.075,822.626,8.837430329,0.919855667,0.741810497,0.332142929,0.745835729,0.748955765,0.317365269,112207.5785,16868.75781,0.764054265,,0.162569671,0.000197623,2
L319,pipe,0.05,838.1235,8.835819158,0.919868247,0.741810497,0.332021677,0.745874424,0.748982392,0.318069743,112191.4042,16868.72852,0.764102705,,0.164180842,0.000195891,2
L759,pipe,0.05,802.8745,8.845942026,0.92062304,0.74145826,0.333908109,0.744410056,0.750619769,0.317365269,112304.6526,16856.97852,0.762032323,,0.154057974,0.000191883,2
L427,pipe,0.05,819.2775,8.845022964,0.92059159,0.74145826,0.333725831,0.744985336,0.750522537,0.317717506,112315.9791,16857.04688,0.762837425,,0.154977036,0.000189163,2
Leak_880,leak,,926.9446815,8.833078512,0.917995941,0.74145826,0.329697364,0.739654829,0.745969458,0.317365269,112265.8531,16857.48828,0.755340564,75,0.166921488,0.000180077,2
L473,pipe,0.063,917.194436,8.837391242,0.919344085,0.741810497,0.331538988,0.744406533,0.748143052,0.317365269,112202.2314,16868.75586,0.762055602,,0.162608758,0.000177289,2
L982,pipe,0.05,940.555,8.834910404,0.91882831,0.741810497,0.330665456,0.743591256,0.746966152,0.317365269,112212.7167,16869.31641,0.76083986,,0.165089596,0.000175524,2
L3277,pipe,0.075,933.5665,8.836843533,0.919327312,0.741810497,0.331310524,0.744750091,0.747848211,0.317365269,112213.8968,16869.30273,0.762467974,,0.163156467,0.000174767,2
L2813,pipe,0.075,1000.2185,8.835195147,0.917385817,0.74145826,0.330259447,0.739234497,0.7457415,0.317365269,112318.5315,16857.20898,0.755217325,,0.164804853,0.000164769,2
L311,pipe,0.05,949.978,8.844601324,0.920576913,0.74145826,0.333516778,0.745314243,0.750534173,0.317365269,112281.5071,16857.43555,0.763245878,,0.155398676,0.000163581,2
L1009,pipe,0.05,992.556,8.841351429,0.919622939,0.74145826,0.33238069,0.742732195,0.748875673,0.317365269,112300.1247,16857.04102,0.759619327,,0.158648571,0.000159838,2
L165,pipe,0.075,980.486,8.843425339,0.920090491,0.74145826,0.333015591,0.743558432,0.749436841,0.317365269,112317.519,16857.54102,0.760777791,,0.156574661,0.000159691,2
L1036,pipe,0.063,993.986452,8.841840194,0.919666969,0.74145826,0.332644274,0.742148639,0.748938782,0.317365269,112266.2008,16856.99023,0.75879743,,0.158159806,0.000159117,2
L2900,pipe,0.15,120.983,8.980825779,0.918788473,0.74145826,0.330712113,0.740772173,0.747621511,0.318774216,112178.8643,16845.98633,0.75670106,,0.019174221,0.000158487,2
L192,pipe,0.05,1047.349,8.836159362,0.919845184,0.741810497,0.33196824,0.745847248,0.748975473,0.317717506,112181.7047,16868.71484,0.764074368,,0.163840638,0.000156434,2
Leak_481,leak,,1216.123912,8.813787126,0.920841091,0.741810497,0.331161623,0.74822777,0.750649227,0.317365269,112197.6554,16868.75586,0.767399585,75,0.186212874,0.00015312,2
L2808,pipe,0.1,42.24325,8.732078872,0.92056643,0.745332864,0.327945869,0.747059652,0.750589472,0.3205354,111013.7735,16845.36328,0.765522931,,0.267921128,0.006342342,3
L3267,pipe,0.25,49.503,8.707654791,0.921084302,0.745332864,0.328691654,0.748464189,0.751515456,0.3205354,110959.063,16834.3418,0.767441941,,0.292345209,0.005905606,3
L1036,pipe,0.075,118.488048,8.802434352,0.919067328,0.741106023,0.326610902,0.744893687,0.748803653,0.3205354,112251.4806,16845.96484,0.762841859,,0.197565648,0.001667389,3
L2813,pipe,0.1,272.5795,8.740646126,0.920549657,0.744980627,0.328156194,0.746297217,0.750663379,0.3205354,111002.6492,16845.28516,0.764426115,,0.259353874,0.00095148,3
L828,pipe,0.1,224.182,8.790324299,0.920436438,0.740753787,0.328385192,0.743799996,0.750911937,0.3205354,112288.5028,16845.04688,0.761126881,,0.209675701,0.000935292,3
L1504,pipe,0.125,238.1535,8.868964278,0.919631326,0.729129975,0.327476772,0.745604566,0.75015337,0.31842198,116695.5572,16856.08594,0.763468119,,0.131035722,0.000550215,3
L909,pipe,0.1,215.04025,8.966386636,0.919474077,0.722085241,0.327988864,0.74048308,0.749868016,0.312081719,119593.8969,16855.41602,0.756906199,,0.033613364,0.000156312,3
L481,pipe,0.075,587.1515,8.910159849,0.918993945,0.732652342,0.332340006,0.740472791,0.747843389,0.309968299,115319.5427,16868.36914,0.757712051,,0.089840151,0.00015301,3
L225,pipe,0.063,1067.056406,8.836893854,0.919409081,0.741810497,0.331603086,0.74413606,0.748178852,0.317717506,112178.5496,16868.66602,0.761659801,,0.163106146,0.000152856,3
Leak_3538,leak,,1101.907284,8.833181451,0.918278988,0.74145826,0.330335589,0.73945073,0.747056727,0.318069743,112250.6426,16845.46289,0.754909755,63,0.166818549,0.000151391,3
Leak_1837,leak,,1154.526129,8.82683451,0.918622838,0.741810497,0.327817672,0.741197147,0.747830075,0.317365269,112258.8564,16878.64258,0.756987715,63,0.17316549,0.000149988,3
L607,pipe,0.075,1104.5815,8.835356187,0.919386018,0.741810497,0.331522939,0.744814787,0.748115848,0.318774216,112193.2763,16868.7832,0.76259203,,0.164643813,0.000149055,3
L983,pipe,0.05,1101.095,8.837306479,0.919394404,0.741810497,0.331511632,0.744907331,0.748109768,0.317365269,112201.7444,16868.77344,0.762677627,,0.162693521,0.000147756,3
L1139,pipe,0.05,1101.793,8.837440688,0.919369245,0.741810497,0.331560854,0.744352293,0.748155213,0.317365269,112200.5878,16868.73047,0.761965498,,0.162559312,0.000147541,3
L1502,pipe,0.1,1104.003,8.838265203,0.918694124,0.74145826,0.331377854,0.740434655,0.747314929,0.317365269,112288.3171,16857.15625,0.756319003,,0.161734797,0.000146499,3
L231,pipe,0.05,1122.2095,8.836205036,0.91984099,0.741810497,0.3319617,0.745846689,0.748975893,0.317717506,112188.9787,16868.71289,0.764072512,,0.163794964,0.000145958,3
Leak_3022,leak,,1180.25818,8.827820123,0.917404686,0.74145826,0.329099802,0.738688239,0.745949173,0.318774216,112242.6671,16834.47656,0.75406375,150,0.172179877,0.000145883,3
L350,pipe,0.05,1133.0285,8.834848506,0.918893306,0.742162733,0.330971909,0.743240317,0.747425003,0.317013033,112198.212,16868.76953,0.760347891,,0.165151494,0.000145761,3
L147,pipe,0.05,1114.706,8.83963938,0.919167967,0.74145826,0.332163769,0.741265142,0.748076536,0.317717506,112307.5822,16846.04102,0.757529394,,0.16036062,0.000143859,3
Leak_2533,leak,,1159.603033,8.836482679,0.918698318,0.74145826,0.331227591,0.740649602,0.747375417,0.317717506,112265.0948,16846.10352,0.75659271,75,0.163517321,0.000141011,3
L893,pipe,0.063,1164.61361,8.837275334,0.919360858,0.741810497,0.331501592,0.744762672,0.748078423,0.317365269,112201.6055,16868.77344,0.762535571,,0.162724666,0.000139724,3
L366,pipe,0.05,1149.606,8.841083376,0.919608262,0.74145826,0.332251181,0.742716035,0.748757684,0.317365269,112311.518,16857.36719,0.759574991,,0.158916624,0.000138236,3
L1033,pipe,0.05,1222.7215,8.833242398,0.916964391,0.74145826,0.3291152,0.738943223,0.744681226,0.317013033,112347.0817,16879.9043,0.754520726,,0.166757602,0.000136382,4
L425,pipe,0.05,1142.1025,8.844554698,0.92056014,0.74145826,0.333567628,0.744957489,0.750287922,0.317717506,112312.648,16857.59375,0.762756664,,0.155445302,0.000136105,4
L258,pipe,0.063,1235.528686,8.835021376,0.918889113,0.741810497,0.330691404,0.743708906,0.746999436,0.317365269,112216.5356,16869.32422,0.761052314,,0.164978624,0.000133529,4
L257,pipe,0.075,1218.37225,8.841505206,0.919679548,0.74145826,0.332574435,0.742771561,0.74888254,0.317717506,112306.0977,16857.07422,0.759651423,,0.158494794,0.000130087,4
L641,pipe,0.063,1227.692766,8.841388638,0.919631326,0.74145826,0.332428544,0.743097448,0.748962055,0.317365269,112287.2957,16857.13867,0.760094724,,0.158611362,0.000129195,4
L86,pipe,0.05,1348.536,8.826746438,0.919734061,0.742162733,0.330824935,0.743614238,0.749808262,0.321239873,112134.8942,16845.4707,0.760667544,,0.173253562,0.000128475,4
L143,pipe,0.075,1247.31325,8.841437687,0.919625036,0.74145826,0.332420191,0.742996293,0.748816652,0.317365269,112293.6326,16857.45898,0.759952236,,0.158562313,0.000127123,4
Leak_1050,leak,,1276.587302,8.838433095,0.919155387,0.74145826,0.331611301,0.742011418,0.74808162,0.317365269,112303.0794,16846.08398,0.758619781,125,0.161566905,0.000126562,4
L757,pipe,0.05,1289.7295,8.837094198,0.919849377,0.741810497,0.331943216,0.745797817,0.748717271,0.317365269,112216.8128,16869.27148,0.763944774,,0.162905802,0.00012631,4
L636,pipe,0.05,1239.4735,8.844134893,0.920639813,0.74145826,0.333546427,0.745064235,0.750645767,0.317717506,112275.4792,16857.01758,0.762916818,,0.155865107,0.000125751,4
Leak_1270,leak,,1387.681845,8.825564742,0.918624935,0.74251497,0.329464668,0.741200446,0.746862106,0.318069743,112035.7998,16857.78125,0.757584788,75,0.174435258,0.000125703,4
L2022,pipe,0.063,1303.897088,8.836762762,0.919836797,0.741810497,0.331963795,0.745839644,0.748981659,0.317365269,112194.2175,16868.72266,0.764065789,,0.163237238,0.000125192,4
L264,pipe,0.063,1312.320702,8.836755701,0.919358761,0.741810497,0.331462347,0.744342675,0.747930295,0.317717506,112206.7226,16869.29297,0.76190038,,0.163244299,0.000124394,4
L88,pipe,0.075,1279.543,8.842100448,0.919666969,0.74145826,0.332652434,0.742166253,0.748957862,0.317365269,112293.3707,16856.99414,0.758818485,,0.157899552,0.000123403,4
L305,pipe,0.075,1265.29175,8.845588957,0.92019742,0.74145826,0.333216979,0.743385088,0.749821366,0.317365269,112425.9,16868.04883,0.76052096,,0.154411043,0.000122036,4
Leak_3488,leak,,2497.842526,8.695346497,0.922602274,0.74462839,0.33070365,0.747154209,0.754504908,0.3205354,110959.0217,16843.11719,0.765069011,150,0.304653503,0.000121967,4
Leak_2561,leak,,1444.702247,8.824951452,0.915660276,0.74145826,0.327336635,0.732622697,0.74258526,0.31842198,112305.4507,16857.53711,0.744910517,90,0.175048548,0.000121166,4
L343,pipe,0.05,1363.892,8.835372009,0.918899596,0.741810497,0.330937663,0.743325983,0.747336682,0.317365269,112176.1005,16868.76758,0.760488955,,0.164627991,0.000120705,4
Leak_3010,leak,,1357.439636,8.836999786,0.918876533,0.741106023,0.331205648,0.742531339,0.748508026,0.318774216,112425.6645,16834.76172,0.759494109,60,0.163000214,0.000120079,4
Leak_2357,leak,,1422.019178,8.831976373,0.918245442,0.74145826,0.330129027,0.739203519,0.746543887,0.318069743,112253.0319,16835.17578,0.754494144,63,0.168023627,0.000118158,4
Leak_808,leak,,1458.47919,8.829829319,0.918073517,0.742162733,0.329765345,0.742894691,0.746198831,0.317365269,112164.7005,16857.76172,0.760107471,50,0.170170681,0.000116677,4
Leak_2148,leak,,1602.019315,8.813999371,0.92057272,0.745332864,0.332293012,0.745917369,0.749965825,0.31947869,111314.5799,16868.90234,0.764344615,63,0.186000629,0.000116104,4
Leak_3484,leak,,2612.346329,8.704974009,0.922182945,0.740753787,0.330091611,0.749292551,0.753551301,0.3205354,112286.0574,16845.29492,0.76898032,160,0.295025991,0.000112935,4
L1078,pipe,0.1,1448.289,8.83685887,0.918241249,0.74145826,0.330997334,0.740180566,0.746827354,0.317717506,112310.1954,16857.43359,0.756278578,,0.16314113,0.000112644,4
Leak_2067,leak,,1570.296149,8.823920478,0.918088193,0.74251497,0.32933961,0.740556555,0.746225354,0.31842198,112024.0821,16846.10938,0.756536475,90,0.176079522,0.000112131,4
Leak_3486,leak,,2487.260306,8.721987994,0.921677653,0.74462839,0.329466721,0.746150825,0.752833304,0.3205354,110969.0011,16843.92383,0.76390867,150,0.278012006,0.000111774,4
Leak_1608,leak,,1514.310485,8.830875837,0.918289471,0.74145826,0.330117147,0.739179754,0.7467047,0.31842198,112187.5146,16834.85547,0.754478697,63,0.169124163,0.000111684,4
Leak_2139,leak,,1662.301169,8.814688121,0.920035978,0.745332864,0.331549911,0.744709718,0.748940355,0.319126453,111346.7089,16869.22656,0.762637357,63,0.185311879,0.000111479,4
Leak_2708,leak,,1439.551243,8.840166145,0.919105067,0.74145826,0.331618181,0.741094258,0.747958285,0.317365269,112348.1321,16868.38086,0.757302975,160,0.159833855,0.00011103,4
L1631,pipe,0.075,1470.729,8.837125207,0.917838692,0.74145826,0.330873885,0.74072319,0.746642534,0.317365269,112329.1137,16857.30859,0.757318392,,0.162874793,0.000110744,4
Leak_1269,leak,,1561.068244,8.827595181,0.919266509,0.742162733,0.33063809,0.742122023,0.74890859,0.3205354,112186.2932,16845.54688,0.758611273,100,0.172404819,0.00011044,4
L2728,pipe,0.075,1444.8575,8.841224053,0.920333702,0.74145826,0.332664836,0.743079666,0.749930706,0.317365269,112185.9551,16857.30469,0.760301531,,0.158775947,0.00010989,4
Leak_2420,leak,,1482.663443,8.837379085,0.921556048,0.741810497,0.332807508,0.743862176,0.75161033,0.318774216,112067.6123,16856.67383,0.761208808,200,0.162620915,0.000109682,4
L346,pipe,0.063,1527.808502,8.832801551,0.916492645,0.741106023,0.328576913,0.737562843,0.743976333,0.317013033,112331.9892,16879.90625,0.752510756,,0.167198449,0.000109437,4
L2291,pipe,0.1,1462.518,8.841129708,0.919629229,0.741810497,0.332773596,0.742160326,0.749030825,0.317365269,112288.9363,16857.02344,0.758820986,,0.158870292,0.000108628,4
L362,pipe,0.05,1471.2095,8.841507591,0.919274896,0.74145826,0.332383429,0.742276579,0.748675915,0.317365269,112317.1853,16857.04102,0.759281426,,0.158492409,0.000107729,4
Leak_2279,leak,,1651.11377,8.82312209,0.919583103,0.74357168,0.331976885,0.745768181,0.748927251,0.317365269,111563.1784,16834.82031,0.763882208,63,0.17687791,0.000107126,4
Leak_2334,leak,,1628.986357,8.825827432,0.918780087,0.742162733,0.330168725,0.74059279,0.74808791,0.320887636,112198.9062,16845.55273,0.756435019,63,0.174172568,0.000106921,4
Leak_3419,leak,,1660.086854,8.823263865,0.918310438,0.742162733,0.329431187,0.739611885,0.747376937,0.320887636,112157.0131,16845.54102,0.754968882,40,0.176736135,0.000106462,4
L56,pipe,0.05,1458.122,8.845588134,0.920568527,0.74145826,0.333733879,0.744939036,0.750503719,0.317365269,112323.233,16857.05469,0.762793724,,0.154411866,0.000105898,4
L3115,pipe,0.063,1501.55817,8.841606854,0.919620842,0.74145826,0.332447583,0.742723024,0.748882697,0.317365269,112306.4534,16857.05859,0.759611446,,0.158393146,0.000105486,4
Leak_2104,leak,,1504.512958,8.843372554,0.920878831,0.74145826,0.333032774,0.744306161,0.75083478,0.317365269,112231.8926,16868.31641,0.761996056,90,0.156627446,0.000104105,4
L274,pipe,0.05,1545.8955,8.843177597,0.920136618,0.74145826,0.333153213,0.743578003,0.749477149,0.317365269,112317.0435,16846.50781,0.760784579,,0.156822403,0.000101444,4
L3113,pipe,0.063,1550.336772,8.843407094,0.919731965,0.74145826,0.332847523,0.743643147,0.749494708,0.317365269,112300.8016,16868.13477,0.761227104,,0.156592906,0.000101006,4
L214,pipe,0.05,1596.8495,8.83883358,0.919138614,0.74145826,0.331757164,0.741578001,0.748018564,0.317717506,112279.2383,16857.05078,0.757980504,,0.16116642,0.000100928,4
Leak_2982,leak,,1643.054528,8.837093282,0.919696322,0.74145826,0.332088386,0.742830777,0.749356958,0.318774216,112283.6331,16834.56641,0.759738092,75,0.162906718,9.91E-05,4
L236,pipe,0.063,1645.934996,8.83714889,0.919369245,0.741810497,0.331498295,0.744456579,0.748178748,0.317365269,112188.3895,16868.74023,0.762108259,,0.16285111,9.89E-05,4
L2084,pipe,0.05,1582.017,8.843567692,0.920625136,0.74145826,0.333633075,0.745055009,0.750629518,0.31842198,112290.2881,16857.04297,0.762916644,,0.156432308,9.89E-05,4
L616,pipe,0.075,1633.19325,8.839298988,0.919627132,0.74145826,0.332360329,0.742746454,0.748908171,0.318774216,112290.848,16857.03906,0.759637754,,0.160701012,9.84E-05,4
Leak_695,leak,,1780.365391,8.824835938,0.918572519,0.74251497,0.329497748,0.741451683,0.746841349,0.31842198,111998.5464,16857.33398,0.757823358,110,0.175164062,9.84E-05,4
L723,pipe,0.05,1667.3475,8.836074416,0.919830507,0.741810497,0.331944233,0.745817333,0.748703329,0.318069743,112217.789,16869.28711,0.763979059,,0.163925584,9.83E-05,4
Leak_3331,leak,,2358.402044,8.768461985,0.922899998,0.745332864,0.335549247,0.750049786,0.753867161,0.319126453,111339.2445,16868.16016,0.769973262,32,0.231538015,9.82E-05,4
Leak_1242,leak,,2299.887482,8.774288137,0.923635921,0.74145826,0.336602279,0.750321881,0.755140507,0.318774216,112246.4717,16868.10352,0.77023284,50,0.225711863,9.81E-05,4
Leak_138,leak,,1715.450749,8.833007926,0.919260219,0.74145826,0.331089724,0.741395989,0.748618834,0.319830926,112246.439,16845.51172,0.757655095,63,0.166992074,9.73E-05,4
Leak_2125,leak,,1702.868198,8.835218391,0.918780087,0.74145826,0.330833621,0.74038925,0.747515578,0.317365269,112200.9647,16845.91992,0.75622139,63,0.164781609,9.68E-05,4
L13,pipe,0.05,1780.947,8.828337811,0.920321122,0.741810497,0.332263478,0.747046232,0.749746935,0.317717506,112182.6155,16869.00195,0.765701569,,0.171662189,9.64E-05,4
L19,pipe,0.05,1681.831,8.83851262,0.919367148,0.74145826,0.331803807,0.74260817,0.748708728,0.318069743,112279.3062,16857.33984,0.7595881,,0.16148738,9.60E-05,4
L2838,pipe,0.125,38.4215,8.808975839,0.929959409,0.773159563,0.310169323,0.760232257,0.77721993,0.335329341,100608.3339,16694.52734,0.778929181,,0.191024161,0.004971804,5
L86,pipe,0.063,165.363744,8.797583619,0.929238162,0.773864037,0.309115351,0.762580346,0.776178525,0.336033815,100461.2977,16706.02539,0.782262101,,0.202416381,0.001224067,5
L2844,pipe,0.15,40.926,8.979303377,0.928550462,0.754843255,0.308930636,0.760698609,0.77523126,0.332511448,107863.6813,16673.35156,0.779876645,,0.020696623,0.000505708,5
L1631,pipe,0.1,400.803,8.936142553,0.929305255,0.752377598,0.30962433,0.764195971,0.776804899,0.332159211,108215.0061,16694.96289,0.784840441,,0.063857447,0.000159324,5
L433,pipe,0.063,1684.7228,8.839759606,0.91914071,0.74145826,0.331901855,0.741556808,0.748142895,0.317365269,112280.5819,16857.13672,0.757927444,,0.160240394,9.51E-05,5
Leak_1366,leak,,2347.886911,8.777925225,0.922784683,0.745332864,0.335290492,0.749405281,0.753340116,0.31947869,111369.9227,16868.71484,0.769123829,60,0.222074775,9.46E-05,5
Leak_838,leak,,1840.892675,8.826097524,0.918553649,0.74251497,0.329577605,0.742596874,0.74716764,0.317717506,112009.5472,16856.86914,0.759409973,75,0.173902476,9.45E-05,5
Leak_2719,leak,,1697.881921,8.839747499,0.919339892,0.74145826,0.33214796,0.742026515,0.749235248,0.317365269,112278.1305,16844.91016,0.758169862,110,0.160252501,9.44E-05,5
L1779,pipe,0.05,1677.643,8.84181755,0.91917216,0.74145826,0.332398304,0.739358914,0.748734778,0.317365269,112356.1585,16855.81836,0.754082538,,0.15818245,9.43E-05,5
Leak_3246,leak,,2234.357421,8.789565813,0.922333904,0.745332864,0.33435687,0.748853039,0.752584222,0.319830926,111363.7588,16869.11719,0.768201544,60,0.210434187,9.42E-05,5
Leak_2191,leak,,2431.531947,8.771432278,0.922835002,0.745332864,0.335414143,0.750043188,0.753457685,0.319126453,111361.7517,16868.88281,0.769921328,63,0.228567722,9.40E-05,5
Leak_1244,leak,,2277.887935,8.788552142,0.923069827,0.74145826,0.336031363,0.749773777,0.754548204,0.319126453,112327.7992,16867.30469,0.769700209,50,0.211447858,9.28E-05,5
L2900,pipe,0.2,302.626,8.73494758,0.929332511,0.751320888,0.306346276,0.760376971,0.77755314,0.333215921,109182.8424,16693.39063,0.779278866,,0.26505242,0.000875842,6
L2801,pipe,0.15,247.473,8.818263915,0.931668176,0.729834449,0.309129993,0.762759338,0.781531056,0.327227897,117461.5797,16703.79102,0.782906236,,0.181736085,0.000734367,6
L3267,pipe,0.3,59.943,8.979323578,0.92737634,0.728777739,0.305460829,0.755514662,0.775392387,0.326523424,117508.8424,16693.33203,0.77373985,,0.020676422,0.000344935,6
L1779,pipe,0.063,205.720372,8.929820214,0.929018014,0.729129975,0.308430975,0.75662826,0.778841686,0.326523424,117555.7881,16692.2207,0.77510756,,0.070179786,0.000341142,6
L1631,pipe,0.125,501.423,8.92658607,0.928871249,0.728777739,0.307729808,0.757426483,0.778249279,0.327227897,117529.0806,16692.52539,0.7762177,,0.07341393,0.000146411,6
Leak_2310,leak,,2418.919628,8.777330537,0.922799359,0.745332864,0.335429931,0.749509623,0.753335241,0.319126453,111362.8635,16868.74609,0.769250994,32,0.222669463,9.21E-05,6
L382,pipe,0.05,1955.447,8.820466704,0.920889314,0.741810497,0.333422221,0.748196903,0.751055138,0.317365269,112190.4988,16868.03711,0.767418039,,0.179533296,9.18E-05,6
Leak_743,leak,,2245.320258,8.796595649,0.922315034,0.745332864,0.334776624,0.748311646,0.752530443,0.31947869,111376.9174,16868.74414,0.76758458,75,0.203404351,9.06E-05,6
Leak_3485,leak,,2471.44243,8.776530392,0.918727671,0.745332864,0.325855975,0.745629506,0.748005774,0.3205354,110923.9934,16846.04492,0.763806632,150,0.223469608,9.04E-05,6
Leak_2538,leak,,2281.29399,8.795026464,0.921621044,0.742162733,0.333853195,0.750382272,0.752118767,0.318774216,112202.6088,16856.74023,0.770470839,100,0.204973536,8.98E-05,6
Leak_2879,leak,,2414.565536,8.783578058,0.923245945,0.741810497,0.336208873,0.750178341,0.754377013,0.317365269,112170.9927,16868.70703,0.770082768,63,0.216421942,8.96E-05,6
Leak_3438,leak,,1898.474601,8.830360805,0.91810287,0.741810497,0.329406728,0.742584517,0.746309796,0.317717506,112177.4911,16869.10547,0.75958612,60,0.169639195,8.94E-05,6
L3267,pipe,0.35,70.383,8.969400525,0.929407991,0.729482212,0.305842517,0.759815056,0.778861762,0.32687566,117366.5301,16659.50586,0.779144223,,0.030599475,0.000434757,7
L1779,pipe,0.075,224.506128,8.931907378,0.930494054,0.729482212,0.306618156,0.761190404,0.780840053,0.32687566,117419.8092,16703.49414,0.78120029,,0.068092622,0.0003033,7
Leak_3203,leak,,2835.707885,8.726417787,0.931131435,0.753082071,0.306930442,0.764032132,0.781372497,0.333568158,109037.2307,16669.95508,0.784165558,200,0.273582213,9.65E-05,7
Leak_3181,leak,,2813.99148,8.747851269,0.930642916,0.753082071,0.306354189,0.763039596,0.780526133,0.333215921,109017.3651,16670.01367,0.782760687,200,0.252148731,8.96E-05,7
Leak_1817,leak,,2392.928548,8.787214061,0.919543266,0.744276154,0.32671618,0.743828514,0.749084918,0.3205354,111071.6706,16856.32422,0.760848646,75,0.212785939,8.89E-05,7
Leak_2796,leak,,2359.81844,8.790767214,0.923558345,0.74145826,0.337003074,0.748893859,0.755026397,0.317365269,112265.4547,16857.12109,0.768353591,32,0.209232786,8.87E-05,7
L769,pipe,0.125,1838.085,8.837578759,0.919386018,0.741810497,0.331601202,0.744404241,0.748180006,0.317365269,112202.527,16868.74609,0.762018361,,0.162421241,8.84E-05,7
Leak_1927,leak,,1895.999937,8.83299572,0.918700414,0.74145826,0.329934072,0.736180673,0.747096354,0.31842198,112341.1425,16857.3457,0.750124675,110,0.16700428,8.81E-05,7
Leak_1422,leak,,1997.184807,8.824399203,0.914802747,0.74145826,0.326497458,0.731711912,0.74128319,0.317365269,112282.6572,16879.73242,0.743885993,63,0.175600797,8.79E-05,7
L3267,pipe,0.4,80.823,8.937860242,0.930772908,0.729834449,0.305073528,0.761838767,0.782023663,0.328636844,117383.7884,16659.13867,0.782395674,,0.062139758,0.000768838,8
L1519,pipe,0.125,3288.81375,8.711673416,0.921092689,0.745332864,0.328571682,0.748114033,0.751423047,0.3205354,110931.7035,16845.27148,0.766962644,,0.288326584,8.77E-05,8
Leak_1755,leak,,2552.600484,8.779823545,0.922868549,0.74462839,0.335479039,0.749554357,0.753371461,0.318774216,111443.7495,16868.75977,0.769266624,110,0.220176455,8.63E-05,8
Leak_2430,leak,,1885.91186,8.837418604,0.918647998,0.74145826,0.330845914,0.740571541,0.747209048,0.317365269,112296.102,16868.49609,0.756465688,110,0.162581396,8.62E-05,8
Leak_3122,leak,,1961.80941,8.830976439,0.918872339,0.741810497,0.33092613,0.742365096,0.748307062,0.320183163,112271.4005,16845.73047,0.759252233,63,0.169023561,8.62E-05,8
Leak_259,leak,,1865.352158,8.839666007,0.920285479,0.74145826,0.332649379,0.744753222,0.749927456,0.318774216,112308.0488,16846.17188,0.762507901,75,0.160333993,8.60E-05,8
Leak_1416,leak,,2432.932324,8.791754315,0.922333904,0.745332864,0.334804447,0.748826982,0.752591561,0.319126453,111355.57,16868.88086,0.768222609,75,0.208245685,8.56E-05,8
L474,pipe,0.063,1961.526674,8.832111798,0.920350476,0.742162733,0.332635153,0.74666275,0.749869274,0.317365269,112180.8109,16868.64063,0.765227754,,0.167888202,8.56E-05,8
L474,pipe,0.075,233.823576,8.889630196,0.934131737,0.730186685,0.305806834,0.770393814,0.787667312,0.328636844,117254.2842,16646.74219,0.793185174,,0.110369804,0.000472022,9
L350,pipe,0.063,138.937214,8.968441761,0.931703819,0.730186685,0.303396699,0.766035658,0.783769226,0.328989081,117197.8037,16647.82813,0.787606034,,0.031558239,0.00022714,9
L473,pipe,0.075,109.334064,8.985811262,0.932102182,0.729482212,0.30378159,0.764808324,0.784374476,0.328636844,117266.2324,16647.61133,0.786052469,,0.014188738,0.000129774,9
Leak_1778,leak,,2389.431756,8.795964878,0.922338097,0.745332864,0.334732848,0.748407712,0.752493962,0.319126453,111374.1287,16868.78516,0.767685572,75,0.204035122,8.54E-05,9
L2737,pipe,0.075,1823.06375,8.845245817,0.920161777,0.741106023,0.333246157,0.743629727,0.749744943,0.317365269,112302.436,16857.00781,0.760873366,,0.154754183,8.49E-05,9
L1348,pipe,0.063,1844.967364,8.843499935,0.920132424,0.74145826,0.333126551,0.743635431,0.749741274,0.317365269,112291.7362,16856.99023,0.760910441,,0.156500065,8.48E-05,9
L1232,pipe,0.1,1949.373,8.835364235,0.917897398,0.74145826,0.330940174,0.740492698,0.746629954,0.318774216,112324.1821,16857.22852,0.756988355,,0.164635765,8.45E-05,9
L1684,pipe,0.05,1922.99,8.837658176,0.91990389,0.742162733,0.332143206,0.745214038,0.749046235,0.317365269,112175.4902,16868.62695,0.763200033,,0.162341824,8.44E-05,9
L1767,pipe,0.075,1938.38925,8.837716045,0.918645901,0.74145826,0.331386244,0.74049225,0.747270585,0.317717506,112277.1513,16857.16406,0.756400531,,0.162283955,8.37E-05,9
L1728,pipe,0.075,1882.042,8.842529406,0.919979369,0.74145826,0.333014534,0.744836931,0.74964661,0.317365269,112218.6576,16856.94727,0.762877791,,0.157470594,8.37E-05,9
Leak_216,leak,,2168.880496,8.818547184,0.919002331,0.74357168,0.331185247,0.742421573,0.74739219,0.31842198,111209.5239,16847.36914,0.759154121,75,0.181452816,8.37E-05,9
Leak_1389,leak,,2356.180752,8.803664026,0.921839095,0.745332864,0.334166547,0.747723282,0.751728895,0.320183163,111359.7987,16868.90039,0.76670102,63,0.196335974,8.33E-05,10
Leak_881,leak,,1986.581259,8.834514935,0.918893306,0.741810497,0.330824896,0.743723836,0.747260469,0.317365269,112191.6079,16857.71289,0.761082522,75,0.165485065,8.33E-05,10
L2898,pipe,0.1,1889.388,8.843521943,0.920153391,0.74145826,0.333165636,0.743658301,0.749753749,0.317365269,112280.7965,16856.99609,0.760934369,,0.156478057,8.28E-05,10
L644,pipe,0.05,2974.527,8.755633612,0.923313038,0.745332864,0.335923728,0.75066734,0.754243299,0.319126453,111357.0474,16868.71484,0.770858431,,0.244366388,8.22E-05,10
L391,pipe,0.063,1995.808824,8.836478249,0.919344085,0.741810497,0.331446374,0.744765412,0.747863726,0.317365269,112200.4401,16858.27539,0.762486011,,0.163521751,8.19E-05,10
Leak_2691,leak,,2329.804568,8.810831997,0.921325416,0.741810497,0.333408773,0.749292439,0.751486418,0.317365269,112306.9667,16868.73047,0.7689103,75,0.189168003,8.12E-05,10
L1024,pipe,0.1,2018.286,8.836597707,0.917838692,0.74145826,0.330798198,0.74064703,0.746474488,0.317717506,112349.9628,16857.22656,0.757260464,,0.163402293,8.10E-05,10
L1200,pipe,0.15,481.1975,8.961045059,0.931349486,0.730186685,0.300909244,0.768258771,0.782735684,0.328989081,117078.3946,16648.69531,0.790352294,,0.038954941,8.10E-05,10
L1643,pipe,0.075,1976.758,8.840146421,0.919373438,0.74145826,0.331818599,0.742340716,0.748784469,0.317365269,112268.6697,16878.55273,0.758416758,,0.159853579,8.09E-05,10
Leak_2881,leak,,2415.979239,8.804747372,0.922797263,0.741810497,0.335709113,0.748765472,0.753551825,0.318774216,112175.092,16868.64453,0.768105601,63,0.195252628,8.08E-05,10
Leak_262,leak,,2415.363076,8.806352567,0.917400493,0.74462839,0.328694553,0.744311977,0.744500757,0.31842198,111102.5789,16848.1582,0.76214891,75,0.193647433,8.02E-05,10
L1384,pipe,0.075,2041.43675,8.836808315,0.91985357,0.741810497,0.332062922,0.745792114,0.748705268,0.317365269,112215.4773,16858.24414,0.763937428,,0.163191685,7.99E-05,10
Leak_594,leak,,2180.41099,8.825724663,0.91989131,0.741810497,0.331763075,0.747103604,0.749362567,0.317365269,112227.2166,16869.10938,0.766117148,63,0.174275337,7.99E-05,10
Leak_2287,leak,,2075.53569,8.834809841,0.918884919,0.741810497,0.330708697,0.743774106,0.747287463,0.317365269,112190.1559,16868.74609,0.761116382,63,0.165190159,7.96E-05,10
Leak_1055,leak,,2060.104036,8.836125191,0.919394404,0.741810497,0.331206578,0.744896539,0.748176074,0.317365269,112170.5987,16868.75,0.762731799,63,0.163874809,7.95E-05,10
L3077,pipe,0.075,2090.11025,8.834454693,0.917706604,0.74145826,0.330688837,0.738626506,0.746286419,0.319126453,112361.0814,16857.18945,0.7538976,,0.165545307,7.92E-05,10
Leak_282,leak,,2331.8658,8.815475754,0.921866351,0.74145826,0.3347295,0.748929311,0.752415757,0.317717506,112276.3417,16845.80078,0.768280485,75,0.184524246,7.91E-05,10
Leak_2208,leak,,2296.688996,8.818658147,0.920826414,0.742162733,0.333000279,0.748136848,0.75056578,0.317365269,112169.6731,16869.01172,0.767269341,63,0.181341853,7.90E-05,10
L1519,pipe,0.15,834.40575,8.934119606,0.932278301,0.728777739,0.303205721,0.769527316,0.784233109,0.328989081,117327.526,16648.29688,0.792487005,,0.065880394,7.90E-05,10
Leak_3170,leak,,2284.657673,8.819780559,0.920822221,0.741810497,0.333124051,0.748139979,0.750697974,0.317717506,112182.5279,16868.68555,0.767303246,25,0.180219441,7.89E-05,10
Leak_727,leak,,2194.137569,8.827688661,0.920459501,0.742162733,0.332284008,0.746834305,0.750144407,0.317365269,111940.5504,16879.72852,0.765386435,63,0.172311339,7.85E-05,10
Leak_441,leak,,2171.450556,8.829727944,0.919046361,0.742162733,0.330672124,0.745120992,0.747925577,0.31947869,112169.935,16858.02734,0.763206404,75,0.170272056,7.84E-05,10
Leak_3579,leak,,2122.840107,8.833557649,0.919029588,0.741810497,0.330800949,0.745123116,0.747872532,0.31842198,112176.7356,16869.125,0.763200073,60,0.166442351,7.84E-05,10
Leak_1784,leak,,2117.485519,8.834239089,0.919908083,0.741810497,0.331796279,0.745965905,0.749217531,0.317717506,112073.1888,16868.71289,0.764196118,63,0.165760911,7.83E-05,10
Leak_3143,leak,,2134.668235,8.832958792,0.91881573,0.74145826,0.330963599,0.742307613,0.747896644,0.320183163,112257.4239,16857.48047,0.759161801,40,0.167041208,7.83E-05,10
L638,pipe,0.05,2870.874,8.775449157,0.922822422,0.745332864,0.335141894,0.749536352,0.753409463,0.31947869,111350.9817,16879.74609,0.769274668,,0.224550843,7.82E-05,10
Leak_2690,leak,,2325.686561,8.818165796,0.920857864,0.741810497,0.332821986,0.748279941,0.750693833,0.317365269,112182.837,16868.73633,0.767455625,75,0.181834204,7.82E-05,10
Leak_317,leak,,2225.072963,8.826053318,0.915635116,0.74145826,0.327268844,0.732583387,0.742419048,0.318069743,112318.3101,16879.61133,0.744930118,110,0.173946682,7.82E-05,10
Leak_3156,leak,,2306.664342,8.819788062,0.920832704,0.741810497,0.333113252,0.748138301,0.750707618,0.317717506,112181.8932,16868.68359,0.767294132,20,0.180211938,7.81E-05,10
L634,pipe,0.05,2110.5775,8.835204565,0.919849377,0.741810497,0.331852706,0.745875319,0.749025478,0.318069743,112179.2758,16868.69531,0.764101648,,0.164795435,7.81E-05,10
L393,pipe,0.05,2130.1215,8.833990578,0.918887016,0.741810497,0.330737771,0.741258097,0.747926206,0.31842198,112245.1595,16878.83203,0.756799117,,0.166009422,7.79E-05,10
Leak_756,leak,,1985.910101,8.845778827,0.922122142,0.74145826,0.33488353,0.745314298,0.752542814,0.317365269,112305.5405,16857.36719,0.763252562,63,0.154221173,7.77E-05,10
Leak_127,leak,,2163.109104,8.832024936,0.919033781,0.741810497,0.330616521,0.745095437,0.747844909,0.319126453,112173.9125,16869.08008,0.763173003,75,0.167975064,7.77E-05,10
Leak_1576,leak,,2205.140853,8.829063329,0.916501032,0.74145826,0.327936582,0.737567316,0.743938593,0.317365269,112325.5883,16879.90625,0.752515893,75,0.170936671,7.75E-05,10
L2737,pipe,0.1,496.82125,8.961548161,0.932840202,0.730186685,0.303038487,0.767849622,0.785516782,0.328989081,117080.5987,16647.30078,0.789862218,,0.038451839,7.74E-05,10
Leak_840,leak,,2241.17657,8.826986498,0.916381523,0.74145826,0.327681953,0.736769653,0.743417472,0.317717506,112228.7883,16879.82031,0.751097741,63,0.173013502,7.72E-05,10
Leak_1138,leak,,2153.172592,8.834099078,0.918941529,0.741810497,0.330643047,0.741029282,0.74801804,0.318069743,112235.1531,16878.7793,0.756444646,32,0.165900922,7.70E-05,10
L814,pipe,0.063,2136.463588,8.835504866,0.919876633,0.741810497,0.331638774,0.745629953,0.748989521,0.318069743,112170.2133,16880.03516,0.763687574,,0.164495134,7.70E-05,10
Leak_2341,leak,,2138.466493,8.835550973,0.919369245,0.741810497,0.331006673,0.744888542,0.74803974,0.317365269,112171.3254,16869.01367,0.762658201,63,0.164449027,7.69E-05,10
Leak_760,leak,,2171.239791,8.8331296,0.920381925,0.741810497,0.33261811,0.746693672,0.750015568,0.317365269,112184.1828,16868.70117,0.765260242,110,0.1668704,7.69E-05,10
Leak_2921,leak,,2170.873616,8.833360188,0.917163572,0.74145826,0.329412087,0.735183552,0.744997295,0.317365269,112313.6744,16879.33984,0.748697391,32,0.166639812,7.68E-05,10
Leak_1051,leak,,2129.310319,8.836791485,0.919375535,0.741810497,0.331363575,0.744891618,0.748128114,0.317365269,112193.3425,16868.76367,0.762719496,125,0.163208515,7.66E-05,10
Leak_2875,leak,,2265.637971,8.826807865,0.920356765,0.742162733,0.332518261,0.747094098,0.74986246,0.317365269,112162.6008,16857.65625,0.765804615,32,0.173192135,7.64E-05,10
Leak_1049,leak,,2049.678815,8.843469489,0.920138714,0.74145826,0.333065159,0.743828793,0.749743056,0.317365269,112308.9314,16857.04883,0.761207301,63,0.156530511,7.64E-05,10
Leak_2375,leak,,2055.804614,8.843120459,0.920128231,0.74145826,0.333012815,0.743834832,0.749771099,0.317365269,112286.864,16857.02344,0.761207779,63,0.156879541,7.63E-05,10
Leak_1417,leak,,2104.38236,8.83947576,0.919161677,0.74145826,0.331599453,0.741682063,0.748168369,0.317365269,112276.518,16868.15625,0.758085219,75,0.16052424,7.63E-05,10
Leak_1939,leak,,2370.880918,8.819252788,0.920851574,0.741810497,0.333154421,0.748162346,0.750687281,0.318069743,112181.6106,16868.68945,0.767313829,63,0.180747212,7.62E-05,10
Leak_2816,leak,,2361.773735,8.820140654,0.920876734,0.741810497,0.333531287,0.748190193,0.751051049,0.317365269,112182.1292,16857.00391,0.767406519,63,0.179859346,7.62E-05,10
Leak_1876,leak,,2379.306595,8.818910717,0.920832704,0.741810497,0.333129155,0.748131032,0.750705836,0.31842198,112178.0191,16868.67969,0.767285644,63,0.181089283,7.61E-05,10
Leak_2571,leak,,2338.058295,8.822284529,0.919646002,0.743219443,0.332169687,0.744681368,0.748304127,0.318774216,111284.4658,16836.13281,0.762468099,75,0.177715471,7.60E-05,10
Leak_3134,leak,,2394.795162,8.818414524,0.920887217,0.742162733,0.333383252,0.748199699,0.751076419,0.317717506,112173.3,16868.01172,0.767418314,63,0.181585476,7.58E-05,10
Leak_1176,leak,,2396.494168,8.818529811,0.920887217,0.741810497,0.333461048,0.748202886,0.751060432,0.318774216,112181.1753,16868.03711,0.767426784,20,0.181470189,7.57E-05,10
Leak_649,leak,,2031.415667,8.846287263,0.921163975,0.74145826,0.334056038,0.743617928,0.751389343,0.317365269,112295.4513,16856.70703,0.760746293,63,0.153712737,7.57E-05,10
Leak_3267,leak,,2188.970324,8.834596009,0.918801053,0.74145826,0.330972628,0.742273783,0.747824938,0.319126453,112277.7816,16857.48633,0.759128036,80,0.165403991,7.56E-05,10
Leak_3514,leak,,2034.532859,8.84645009,0.918880726,0.74040155,0.330727283,0.740910066,0.748030829,0.315251849,112592.0795,16889.55273,0.756408482,110,0.15354991,7.55E-05,10
Leak_2608,leak,,2349.899611,8.822865009,0.920885121,0.741810497,0.333317257,0.747727308,0.750769994,0.318774216,112188.6411,16868.22266,0.766763284,63,0.177134991,7.54E-05,10
Leak_3248,leak,,2383.667366,8.820376983,0.920872541,0.741810497,0.333414033,0.748191982,0.751052307,0.317365269,112177.9721,16868.03906,0.767412413,60,0.179623017,7.54E-05,10
Leak_3358,leak,,2283.674431,8.828135816,0.920337896,0.741810497,0.332258793,0.74706256,0.749758152,0.317717506,112177.007,16869,0.765719243,60,0.171864184,7.53E-05,10
Leak_2259,leak,,2247.314457,8.830959213,0.917977071,0.741810497,0.329887445,0.740054752,0.746848635,0.318774216,112243.1117,16878.83594,0.755431309,75,0.169040787,7.52E-05,10
Leak_3355,leak,,2401.079186,8.819475808,0.920889314,0.741810497,0.333472042,0.748210603,0.751056081,0.318069743,112182.6051,16868.04883,0.7674327,32,0.180524192,7.52E-05,10
Leak_1313,leak,,2388.602879,8.820695948,0.920874637,0.741810497,0.333435377,0.748173697,0.751034381,0.317365269,112191.5074,16868.04297,0.76739692,60,0.179304052,7.51E-05,10
Leak_2859,leak,,2243.113133,8.831718216,0.918536876,0.741810497,0.330176164,0.742429569,0.746824628,0.31842198,112176.2737,16880.31445,0.75950945,32,0.168281784,7.50E-05,10
Leak_1729,leak,,2246.892594,8.831480427,0.917880625,0.74145826,0.3299761,0.739676917,0.746277718,0.318069743,112248.6199,16835.14844,0.755427245,140,0.168519573,7.50E-05,10
Leak_1136,leak,,2399.732856,8.820533892,0.920847381,0.741810497,0.333170347,0.748116885,0.750653472,0.317365269,112183.1988,16868.71094,0.767293962,63,0.179466108,7.48E-05,10
Leak_318,leak,,2248.012733,8.831965804,0.917289371,0.74145826,0.329453685,0.736695841,0.74515402,0.318069743,112332.605,16857.32813,0.750984299,110,0.168034196,7.47E-05,10
Leak_3121,leak,,2405.537579,8.820407547,0.920885121,0.741810497,0.33342371,0.748185887,0.751053146,0.317365269,112172.7922,16868.03711,0.767407045,75,0.179592453,7.47E-05,10
Leak_133,leak,,2415.363076,8.819898035,0.920927053,0.741810497,0.333448063,0.748323948,0.751078777,0.317365269,112231.5078,16868.04102,0.767536309,75,0.180101965,7.46E-05,10
Leak_3073,leak,,2256.527625,8.831782979,0.920394505,0.741810497,0.332479284,0.74678163,0.7499284,0.317365269,112162.9331,16879.74219,0.765367455,60,0.168217021,7.45E-05,10
L474,pipe,0.1,598.27675,8.955414721,0.932779399,0.730186685,0.302712648,0.768466057,0.785447697,0.328989081,117072.627,16658.48828,0.790670607,,0.044585279,7.45E-05,10
Leak_2539,leak,,2267.517528,8.831030204,0.915848974,0.740049313,0.327234946,0.737358856,0.742950968,0.318774216,112496.5774,16857.88281,0.752069424,100,0.168969796,7.45E-05,10
Leak_3257,leak,,2411.85243,8.820283339,0.920815931,0.741810497,0.333268387,0.748111349,0.750662488,0.317365269,112181.3582,16857.66602,0.767269021,75,0.179716661,7.45E-05,10
Leak_288,leak,,2462.408979,8.816656836,0.917666767,0.743219443,0.329657101,0.742643733,0.745134626,0.317365269,111276.7632,16836.48633,0.759830586,75,0.183343164,7.45E-05,10
Leak_3079,leak,,2220.519321,8.83466821,0.918712994,0.741810497,0.330667817,0.7444048,0.748041417,0.317365269,112193.1409,16867.97656,0.761762551,63,0.16533179,7.45E-05,10
Leak_2540,leak,,2251.871401,8.832499859,0.920558044,0.74145826,0.333199649,0.746791751,0.750842328,0.318774216,112343.593,16845.63867,0.765584577,100,0.167500141,7.44E-05,10
Leak_270,leak,,2181.761538,8.837724623,0.919312635,0.74145826,0.331713084,0.743436196,0.748713864,0.31842198,112275.4946,16857.22852,0.760805613,75,0.162275377,7.44E-05,10
Leak_2149,leak,,2235.160404,8.833863886,0.920350476,0.741810497,0.332651233,0.746630765,0.749781739,0.317365269,112207.0504,16868.62109,0.76521441,63,0.166136114,7.43E-05,10
Leak_2689,leak,,2192.770812,8.837049124,0.919402791,0.741810497,0.331492186,0.744958272,0.748299934,0.317365269,112181.4177,16868.38477,0.762815869,75,0.162950876,7.43E-05,10
Leak_287,leak,,2454.706437,8.817588949,0.921830708,0.74145826,0.334798592,0.748842024,0.752431324,0.317365269,112284.8587,16856.85742,0.768181688,75,0.182411051,7.43E-05,10
Leak_271,leak,,2173.380119,8.838512171,0.917700314,0.740049313,0.330081043,0.742434378,0.746515268,0.31842198,112481.8541,16835.01367,0.759390228,75,0.161487829,7.43E-05,10
Leak_3307,leak,,2409.61871,8.820972467,0.920811738,0.741810497,0.333155634,0.748082719,0.750632663,0.317365269,112196.477,16868.70313,0.767239021,63,0.179027533,7.43E-05,10
Leak_2421,leak,,2306.877841,8.828633275,0.916243144,0.74145826,0.328104427,0.733814691,0.743492165,0.317365269,112227.7461,16868.21289,0.746637011,200,0.171366725,7.43E-05,10
Leak_286,leak,,2463.1081,8.817100674,0.921038176,0.741810497,0.333412787,0.748471011,0.750877447,0.317717506,112188.7936,16868.45313,0.767839941,75,0.182899326,7.43E-05,10
Leak_3353,leak,,2412.497951,8.8211052,0.920826414,0.741810497,0.333216119,0.748088647,0.750673495,0.317365269,112187.9662,16868.70313,0.767227385,32,0.1788948,7.42E-05,10
Leak_726,leak,,2131.960187,8.842006716,0.920688036,0.74145826,0.333335445,0.745189546,0.750827547,0.317717506,112102.6235,16857.02539,0.763063554,75,0.157993284,7.41E-05,10
Leak_737,leak,,2350.656772,8.826064596,0.919241349,0.743219443,0.331781255,0.741736639,0.748322682,0.317013033,111434.908,16857.12695,0.758096462,125,0.173935404,7.40E-05,10
Leak_784,leak,,2253.307178,8.833286369,0.919413274,0.742162733,0.3310439,0.744970797,0.748209883,0.317717506,112103.9117,16868.71484,0.762792978,75,0.166713631,7.40E-05,10
Leak_173,leak,,2239.838312,8.834375034,0.918492846,0.741810497,0.330570353,0.741229635,0.747662972,0.317717506,112236.8775,16878.86133,0.757100849,63,0.165624966,7.39E-05,10
Leak_951,leak,,2189.987238,8.838125801,0.918702511,0.74145826,0.331055096,0.742322934,0.747356862,0.317365269,112304.0588,16868.73828,0.75915405,60,0.161874199,7.39E-05,10
Leak_1052,leak,,2115.753763,8.843741285,0.920163874,0.74145826,0.333192385,0.743879902,0.749922739,0.317365269,112298.9282,16856.69727,0.761304757,125,0.156258715,7.39E-05,10
Leak_3360,leak,,2267.009754,8.832619058,0.918536876,0.741810497,0.330135998,0.742661403,0.746910171,0.317717506,112183.7737,16891.47266,0.759797781,32,0.167380942,7.38E-05,10
Leak_3429,leak,,2338.068448,8.827491822,0.920350476,0.741810497,0.332507197,0.747067593,0.74987787,0.318069743,112179.6706,16857.65234,0.765775152,63,0.172508178,7.38E-05,10
Leak_3342,leak,,2353.249485,8.826473464,0.920356765,0.741810497,0.332482851,0.747099298,0.749907328,0.31842198,112156.3261,16857.6543,0.765808337,75,0.173526536,7.37E-05,10
Leak_456,leak,,2249.22204,8.834222243,0.918947819,0.741810497,0.330507299,0.743364398,0.747359116,0.317365269,112191.5214,16868.76563,0.760512784,63,0.165777757,7.37E-05,10
Leak_16,leak,,2431.531947,8.8208876,0.920797061,0.741810497,0.333165565,0.748084621,0.750632506,0.317365269,112185.1465,16868.68555,0.767240829,63,0.1791124,7.37E-05,10
Leak_3474,leak,,2270.80904,8.832779262,0.919023298,0.741810497,0.330691624,0.745077544,0.747824047,0.318774216,112179.9065,16869.08984,0.763154118,63,0.167220738,7.36E-05,10
L709,pipe,0.063,2210.513032,8.83737239,0.919369245,0.741810497,0.331517793,0.744773296,0.748097188,0.317365269,112207.238,16868.77148,0.762552215,,0.16262761,7.36E-05,10
Leak_3012,leak,,2327.014665,8.828865139,0.916494742,0.74145826,0.328363961,0.738130406,0.743903894,0.31842198,112321.0512,16879.97266,0.753322403,60,0.171134861,7.35E-05,10
Leak_740,leak,,2289.854183,8.831744262,0.916794562,0.74145826,0.329206516,0.736453439,0.744922026,0.317365269,112206.9525,16868.29297,0.75078685,125,0.168255738,7.35E-05,10
Leak_3123,leak,,2341.504195,8.827980972,0.920331606,0.741810497,0.332328091,0.747058981,0.749769107,0.318069743,112188.6312,16869.02148,0.765719216,75,0.172019028,7.35E-05,10
Leak_1875,leak,,2349.899611,8.82743212,0.920381925,0.741810497,0.332477127,0.747078273,0.749914142,0.31842198,112168.8745,16868.70508,0.765777937,63,0.17256788,7.34E-05,10
Leak_3504,leak,,2239.063447,8.835616145,0.918343984,0.74145826,0.330716441,0.740693889,0.74700777,0.317717506,112265.7966,16857.09766,0.756925298,110,0.164383855,7.34E-05,10
Leak_370,leak,,2389.668525,8.824583314,0.922231168,0.742162733,0.334925351,0.747810177,0.7526,0.317365269,112198.3112,16868.70703,0.766797877,32,0.175416686,7.34E-05,10
Leak_2821,leak,,2395.065632,8.824331981,0.922285681,0.741810497,0.335077,0.7479304,0.752705828,0.317365269,112182.2094,16868.75391,0.766910355,20,0.175668019,7.33E-05,10
Leak_3306,leak,,2333.903509,8.828933339,0.920344186,0.741810497,0.33242912,0.747057751,0.749842804,0.317365269,112177.9426,16868.69727,0.765765647,63,0.171066661,7.33E-05,10
Leak_3518,leak,,2325.686561,8.830024837,0.916461195,0.74145826,0.328217071,0.738087685,0.743760221,0.317365269,112340.003,16880.28711,0.753246689,75,0.169975163,7.31E-05,10
Leak_1293,leak,,2461.109053,8.820376534,0.915318523,0.742162733,0.327694752,0.73663724,0.742624834,0.31842198,112031.4996,16846.13672,0.751231616,63,0.179623466,7.30E-05,10
Leak_3169,leak,,2314.544994,8.831254509,0.920396602,0.741810497,0.332450976,0.746791136,0.749947584,0.317717506,112172.264,16879.73438,0.765369778,63,0.168745491,7.29E-05,10
Leak_1063,leak,,2145.888348,8.843556571,0.920195324,0.74145826,0.333165925,0.744360961,0.750211447,0.317365269,112288.2926,16856.46875,0.76195349,75,0.156443429,7.29E-05,10
Leak_3348,leak,,2352.077995,8.828773567,0.920354669,0.741810497,0.332472555,0.747072681,0.749845949,0.317365269,112159.2407,16868.70313,0.765781828,60,0.171226433,7.28E-05,10
Leak_2417,leak,,2294.31922,8.832983587,0.916798755,0.74145826,0.32942082,0.736039481,0.744810484,0.317365269,112276.1737,16868.28906,0.75020149,75,0.167016413,7.28E-05,10
Leak_3072,leak,,2235.026203,8.837511774,0.919526493,0.741810497,0.331502849,0.745297411,0.749017354,0.317365269,112233.0213,16868.10156,0.7628399,60,0.162488226,7.27E-05,10
Leak_1309,leak,,2338.631007,8.83001647,0.916484258,0.74145826,0.328285022,0.738124814,0.743921925,0.317365269,112315.6782,16879.95313,0.753307387,32,0.16998353,7.27E-05,10
Leak_3499,leak,,2263.366926,8.835565598,0.919832604,0.741810497,0.331705362,0.745930733,0.748896849,0.317365269,112184.2253,16869.02539,0.764149999,63,0.164434402,7.27E-05,10
Leak_3382,leak,,2347.886911,8.829532282,0.920337896,0.741810497,0.332491579,0.747065971,0.749718735,0.317365269,112218.3457,16869.06641,0.765748569,60,0.170467718,7.26E-05,10
Leak_2130,leak,,2351.992007,8.829343468,0.920331606,0.741810497,0.332472179,0.747059429,0.74969803,0.317365269,112200.355,16869.03906,0.765748327,63,0.170656532,7.26E-05,10
Leak_2286,leak,,2257.294699,8.836230129,0.919813734,0.741810497,0.331845269,0.745921507,0.748791597,0.317365269,112208.4239,16869.04492,0.76414488,63,0.163769871,7.26E-05,10
Leak_2181,leak,,2300.799089,8.833128444,0.916800852,0.74145826,0.329412244,0.735731432,0.744704813,0.317365269,112296.8353,16868.14063,0.749804196,63,0.166871556,7.25E-05,10
Leak_1546,leak,,2270.704238,8.835383024,0.919415371,0.741810497,0.330867581,0.744345415,0.748172038,0.317365269,112201.7171,16868.73047,0.761943539,75,0.164616976,7.25E-05,10
L287,pipe,0.1,2248.182,8.837034908,0.919348278,0.741810497,0.331506744,0.744310076,0.747920545,0.317717506,112223.593,16869.30078,0.761866959,,0.162965092,7.25E-05,10
Leak_3503,leak,,2258.927891,8.836267069,0.918916369,0.74145826,0.331466316,0.742048156,0.747994557,0.31842198,112268.7538,16846.04102,0.758791436,110,0.163732931,7.25E-05,10
Leak_2266,leak,,2291.98753,8.833908024,0.919386018,0.742162733,0.331018626,0.744922708,0.748072133,0.317365269,112127.0369,16869.0293,0.762704618,110,0.166091976,7.25E-05,10
Leak_829,leak,,2366.908057,8.828586986,0.920381925,0.741810497,0.332513048,0.747081908,0.749899675,0.317717506,112175.7646,16868.70898,0.765767009,32,0.171413014,7.24E-05,10
Leak_2333,leak,,2352.841077,8.829621492,0.920304349,0.741810497,0.332436241,0.746965375,0.749721565,0.317717506,112189.4764,16869.00781,0.765609576,50,0.170378508,7.24E-05,10
Leak_2801,leak,,2146.523655,8.844582753,0.921281387,0.74145826,0.333812485,0.74520895,0.751466605,0.318069743,112286.503,16857.63477,0.763277593,75,0.155417247,7.24E-05,10
Leak_3186,leak,,2465.997126,8.821542494,0.922273101,0.742162733,0.334989297,0.748007119,0.752689002,0.317717506,112162.1203,16868.74805,0.767029974,63,0.178457506,7.24E-05,10
Leak_1145,leak,,2252.582353,8.837210702,0.919371341,0.741810497,0.331468569,0.744429739,0.748154846,0.317365269,112205.6544,16868.75195,0.762101444,63,0.162789298,7.23E-05,10
L406,pipe,0.063,2258.508042,8.836820941,0.919193126,0.74145826,0.332097189,0.741240427,0.748098498,0.320183163,112315.5836,16857.09375,0.757497862,,0.163179059,7.23E-05,10
Leak_3224,leak,,2382.545445,8.827929094,0.915978966,0.74145826,0.327585549,0.737005345,0.74297466,0.317365269,112315.5138,16880.27734,0.751659811,32,0.172070906,7.22E-05,10
Leak_514,leak,,2427.29084,8.825111165,0.921015113,0.74145826,0.33370388,0.748547506,0.751710969,0.317365269,112663.4257,16867.55078,0.767462152,63,0.174888835,7.21E-05,10
Leak_1393,leak,,2262.290439,8.837007632,0.919126034,0.74145826,0.331392979,0.741196364,0.748058033,0.31842198,112302.4332,16857.29492,0.757414677,100,0.162992368,7.20E-05,10
Leak_958,leak,,2219.856021,8.840181568,0.920147101,0.74145826,0.332712763,0.744296152,0.749819374,0.318774216,112270.7766,16857.13477,0.76181645,63,0.159818432,7.20E-05,10
Leak_2692,leak,,2303.146565,8.834245293,0.919882923,0.741810497,0.331721544,0.746210153,0.74926827,0.317365269,112249.1466,16880.01172,0.764960539,75,0.165754707,7.20E-05,10
Leak_3223,leak,,2277.594025,8.836186699,0.919413274,0.741810497,0.331378757,0.742422859,0.748940145,0.318069743,112222.8884,16878.47266,0.758487921,63,0.163813301,7.19E-05,10
Leak_2761,leak,,2501.817861,8.820101328,0.920836898,0.741810497,0.333077987,0.748143781,0.750714013,0.317365269,112181.323,16868.68359,0.767301868,150,0.179898672,7.19E-05,10
Leak_1738,leak,,2344.954049,8.831484231,0.920849478,0.739697076,0.333097019,0.748210603,0.750718469,0.317365269,112651.9383,16868.68945,0.767364487,75,0.168515769,7.19E-05,10
Leak_823,leak,,2383.144567,8.828980001,0.920358862,0.741810497,0.332598591,0.747102933,0.749825926,0.317365269,112175.727,16868.74023,0.765827896,75,0.171019999,7.18E-05,10
Leak_2138,leak,,2391.27081,8.828593268,0.916067026,0.74145826,0.327870535,0.736555656,0.743166608,0.317365269,112294.1061,16879.93945,0.751021501,63,0.171406732,7.17E-05,10
Leak_3424,leak,,2374.6899,8.829840507,0.916482162,0.74145826,0.328293936,0.738127554,0.743921768,0.317365269,112292.3288,16879.94922,0.753312664,50,0.170159493,7.17E-05,10
Leak_1374,leak,,2305.966647,8.834767224,0.917004227,0.741106023,0.329110896,0.739069317,0.744805871,0.316660796,112325.0102,16868.85156,0.754646781,20,0.165232776,7.17E-05,10
Leak_2797,leak,,2372.588398,8.830096291,0.916475872,0.74145826,0.328322042,0.738122689,0.743912543,0.317365269,112312.1529,16879.95898,0.753304564,32,0.169903709,7.16E-05,10
Leak_474,leak,,2285.760204,8.836482516,0.919386018,0.741810497,0.331245638,0.744358668,0.748157257,0.317365269,112198.3494,16868.75195,0.761970082,63,0.163517484,7.15E-05,10
Leak_2136,leak,,2370.179581,8.830455732,0.916524095,0.74145826,0.328458378,0.737618593,0.743989385,0.317365269,112306.7192,16879.88281,0.752572046,63,0.169544268,7.15E-05,10
L790,pipe,0.05,2225.3985,8.840919771,0.919629229,0.74145826,0.332301685,0.743082909,0.748981187,0.317365269,112276.9769,16857.12109,0.760078303,,0.159080229,7.15E-05,10
L811,pipe,0.1,2210.796,8.841981645,0.919568426,0.74145826,0.332351699,0.742915101,0.748854916,0.317013033,112327.1298,16857.11914,0.759918225,,0.158018355,7.15E-05,10
Leak_2041,leak,,2209.786885,8.842107042,0.920639813,0.74145826,0.333318892,0.745782831,0.750671713,0.317365269,112249.1437,16857.05273,0.763837444,90,0.157892958,7.15E-05,10
Leak_2190,leak,,2414.565536,8.827556511,0.920358862,0.741810497,0.332632942,0.747087499,0.749821575,0.318774216,112202.0287,16868.74219,0.765805238,63,0.172443489,7.14E-05,10
Leak_134,leak,,2406.238927,8.828164223,0.916006223,0.74145826,0.327677976,0.736923929,0.74305559,0.317365269,112310.8444,16879.94336,0.751579804,75,0.171835777,7.14E-05,10
Leak_1538,leak,,2300.799089,8.835888151,0.919375535,0.741810497,0.331265555,0.744920975,0.7481853,0.317717506,112178.0897,16868.74805,0.762723912,63,0.164111849,7.13E-05,10
Leak_61,leak,,2397.780957,8.828987768,0.920388215,0.741810497,0.332769571,0.747108748,0.750011427,0.317717506,112183.8776,16868.36719,0.76583968,60,0.171012232,7.13E-05,10
Leak_1146,leak,,2285.760204,8.837138113,0.919388115,0.741810497,0.331476207,0.74439809,0.748203698,0.317365269,112194.8342,16868.72656,0.762049811,63,0.162861887,7.13E-05,10
Leak_1466,leak,,2186.936796,8.844193176,0.921132525,0.74145826,0.334234892,0.745971497,0.75145696,0.317365269,112260.6776,16856.97461,0.764206723,63,0.155806824,7.12E-05,10
Leak_2542,leak,,2255.773037,8.83930168,0.919991949,0.74145826,0.332651459,0.745064068,0.749827865,0.318774216,112266.6156,16845.98438,0.763212981,100,0.16069832,7.12E-05,10
Leak_1766,leak,,2396.368018,8.829465179,0.916488452,0.74145826,0.328272404,0.738130853,0.743932146,0.317717506,112311.5421,16879.94922,0.753309655,60,0.170534821,7.12E-05,10
Leak_1376,leak,,2360.498321,8.832040439,0.916268304,0.74145826,0.328784541,0.734908549,0.743857925,0.317013033,112328.8556,16868.61914,0.748564054,125,0.167959561,7.12E-05,10
Leak_1144,leak,,2289.170503,8.837128362,0.919421661,0.741810497,0.331522743,0.74447095,0.748211612,0.317365269,112177.5648,16868.74805,0.762119748,63,0.162871638,7.11E-05,10
Leak_302,leak,,2334.6164,8.833955998,0.921302353,0.74145826,0.334364108,0.747009774,0.751752011,0.318774216,112272.6045,16845.86719,0.765715837,75,0.166044002,7.11E-05,10
Leak_257,leak,,2222.838003,8.841988832,0.920157584,0.74145826,0.332825662,0.744023722,0.749794948,0.317717506,112272.8931,16857.45313,0.761355798,75,0.158011168,7.11E-05,10
Leak_2814,leak,,2393.38515,8.830002563,0.920335799,0.741810497,0.332589476,0.746990091,0.749824511,0.317365269,112176.8304,16868.70898,0.765687019,63,0.169997437,7.10E-05,10
Leak_831,leak,,2399.732856,8.829606181,0.920337896,0.741810497,0.332626342,0.747063567,0.749797464,0.317365269,112199.5864,16868.75,0.765785254,63,0.170393819,7.10E-05,10
Leak_3054,leak,,2300.102947,8.836771584,0.9198347,0.741810497,0.331971712,0.745845347,0.748967821,0.317365269,112195.055,16868.72852,0.764079641,60,0.163228416,7.10E-05,10
Leak_1545,leak,,2284.846581,8.838059899,0.919155387,0.74145826,0.331202098,0.741297966,0.748081253,0.317365269,112325.6188,16857.07617,0.757571457,75,0.161940101,7.09E-05,10
Leak_3383,leak,,2306.978411,8.836805268,0.91990389,0.741810497,0.332216971,0.746008962,0.749352241,0.317365269,112193.0884,16868.08594,0.764334598,60,0.163194732,7.07E-05,10
Leak_52,leak,,2288.864543,8.838093526,0.918650095,0.74145826,0.331135665,0.740422577,0.747286991,0.317365269,112276.4706,16868.17773,0.756317966,50,0.161906474,7.07E-05,10
Leak_2042,leak,,2412.201772,8.829502349,0.920920764,0.742162733,0.333576957,0.747117359,0.750824716,0.317717506,112168.5139,16868.13672,0.765937798,110,0.170497651,7.07E-05,10
Leak_2915,leak,,2309.202861,8.836788897,0.919836797,0.741810497,0.331949614,0.745833605,0.74896651,0.317365269,112199.3578,16868.72461,0.764057635,32,0.163211103,7.07E-05,10
Leak_2584,leak,,2402.325271,8.8302132,0.916475872,0.74145826,0.328333942,0.738116706,0.743902164,0.317365269,112321.5392,16879.95898,0.753296443,50,0.1697868,7.07E-05,10
Leak_54,leak,,2325.549554,8.835732219,0.918169963,0.74145826,0.33060992,0.739345717,0.746419661,0.317365269,112260.3054,16857.1582,0.754775362,50,0.164267781,7.06E-05,10
Leak_2370,leak,,2247.879236,8.841351564,0.919339892,0.74145826,0.332344777,0.741585214,0.749111598,0.317365269,112320.4545,16855.875,0.75759688,63,0.158648436,7.06E-05,10
Leak_2880,leak,,2411.031881,8.830132571,0.916477968,0.74145826,0.328273006,0.738099651,0.743886492,0.317365269,112333.1932,16879.94922,0.753275271,63,0.169867429,7.05E-05,10
Leak_2800,leak,,2416.767747,8.829733102,0.916482162,0.74145826,0.328228567,0.738160937,0.743837325,0.317365269,112302.4199,16880.28125,0.753318786,75,0.170266898,7.05E-05,10
Leak_699,leak,,2324.852937,8.836403305,0.919843087,0.741810497,0.331969077,0.745934368,0.748947903,0.317365269,112193.7158,16868.74219,0.764202639,50,0.163596695,7.04E-05,10
Leak_674,leak,,2312.003606,8.837318361,0.919358761,0.741810497,0.331525728,0.744340103,0.748159983,0.317365269,112198.5486,16868.73242,0.761964485,75,0.162681639,7.04E-05,10
Leak_2541,leak,,2301.112201,8.838101919,0.919524397,0.74145826,0.331940081,0.743524322,0.748814556,0.318774216,112296.0434,16857.22656,0.760983678,100,0.161898081,7.04E-05,10
Leak_1765,leak,,2254.503637,8.84138216,0.919618746,0.74145826,0.332410676,0.743027943,0.748922061,0.317365269,112292.6514,16857.14453,0.760036058,60,0.15861784,7.04E-05,10
Leak_3586,leak,,2427.497001,8.829257162,0.920404988,0.741810497,0.332857549,0.747141851,0.750192158,0.317365269,112186.9207,16868.07422,0.765921963,60,0.170742838,7.03E-05,10
Leak_733,leak,,2324.899433,8.83648924,0.919390211,0.741810497,0.331431218,0.744423029,0.748261408,0.317365269,112135.4589,16868.73242,0.762050768,63,0.16351076,7.03E-05,10
Leak_2487,leak,,2257.294699,8.841388613,0.919354568,0.74145826,0.331998009,0.742024279,0.748216749,0.317365269,112435.7434,16857.07422,0.758478723,63,0.158611387,7.03E-05,10
Leak_3396,leak,,2412.632302,8.83054793,0.920304349,0.741810497,0.332592875,0.74693764,0.749777022,0.317365269,112190.0491,16868.70508,0.765636488,60,0.16945207,7.02E-05,10
Leak_2639,leak,,2333.003564,8.836158285,0.918924756,0.741810497,0.331108824,0.744769438,0.747824886,0.317365269,112207.8464,16868.77539,0.762870079,32,0.163841715,7.02E-05,10
Leak_2205,leak,,2318.682213,8.837169371,0.919379728,0.741810497,0.33147667,0.744366832,0.748174764,0.317365269,112198.3583,16868.71484,0.761989726,63,0.162830629,7.02E-05,10
Leak_1654,leak,,2319.397946,8.837138092,0.918205606,0.74145826,0.330934505,0.740461831,0.746804291,0.317365269,112311.107,16857.11133,0.756739228,60,0.162861908,7.02E-05,10
Leak_3265,leak,,2420.799079,8.830486997,0.919790671,0.74251497,0.332375166,0.74287389,0.748953721,0.317013033,111442.4661,16857.04297,0.75971246,80,0.169513003,7.00E-05,10
Leak_3294,leak,,2427.29084,8.830056049,0.916473775,0.74145826,0.328297519,0.738123975,0.743907982,0.317365269,112315.9446,16879.95117,0.753306355,63,0.169943951,7.00E-05,10
Leak_2061,leak,,2436.300725,8.82946594,0.920350476,0.741810497,0.332628707,0.74707475,0.749809048,0.317365269,112193.2723,16868.74805,0.765796659,90,0.17053406,7.00E-05,10
Leak_3273,leak,,2440.932934,8.829286944,0.920339992,0.741810497,0.332599253,0.747072346,0.749820999,0.317365269,112178.9609,16868.74023,0.765791012,60,0.170713056,6.99E-05,10
Leak_2658,leak,,2388.033804,8.833026627,0.920375635,0.741810497,0.332837199,0.746699432,0.749957124,0.317717506,112188.577,16868.2832,0.765323587,75,0.166973373,6.99E-05,10
Leak_256,leak,,2239.347818,8.843429195,0.920618846,0.74145826,0.333406247,0.745341586,0.75064084,0.31842198,112276.2786,16868.16797,0.76330233,75,0.156570805,6.99E-05,10
Leak_2121,leak,,2393.38515,8.832734184,0.920365152,0.741810497,0.332652739,0.746691044,0.749834155,0.317717506,112184.7765,16868.63477,0.765267873,63,0.167265816,6.99E-05,10
Leak_505,leak,,2451.285213,8.828744812,0.916031383,0.74145826,0.327759326,0.736755282,0.74304343,0.317013033,112294.729,16880.28906,0.751286165,63,0.171255188,6.99E-05,10
