,delta,delta,delta,delta,delta
L10,4.92837e-08,3.3469405e-10,8.731149e-11,2.4538167e-08,2.6309863e-08
L1079,2.5465852e-10,1.8189894e-11,1.4551915e-11,3.274181e-10,1.4551915e-10
L1085,2.910383e-11,1.8189894e-11,1.8189894e-11,2.6921043e-10,9.349606e-10
L213,2.910383e-11,1.8189894e-11,1.0913936e-11,3.1286618e-10,1.7462298e-10
L360,7.357448e-08,3.57104e-08,4.0512532e-08,7.5116986e-07,4.4924673e-07
L361,2.1827873e-11,1.0913936e-11,1.4551915e-11,2.6921043e-10,1.5643309e-10
L363,2.5465852e-11,1.4551915e-11,1.4551915e-11,2.2555469e-10,2.764864e-10
L372,2.7024354e-05,1.4551915e-11,1.4551915e-11,2.6921043e-10,1.4188117e-10
L765,2.1827873e-11,7.3123374e-10,1.4551915e-11,3.929017e-10,1.70985e-10
L1929,3.297915e-06,1.8725768e-06,2.4198453e-06,1.0188465e-05,1.2434328e-05
L932,5.023321e-07,1.5908154e-07,1.2820237e-07,1.5730475e-06,1.1646189e-06
L1135,2.5735062e-08,1.4442776e-08,1.5621481e-08,2.7913484e-07,1.3823592e-07
L1791,1.3297758e-06,3.115856e-07,4.212052e-07,,
L1959,1.0874355e-06,1.4842954e-07,3.0137016e-07,1.0835647e-06,
L2328,0.00016227359,1.538865e-06,6.2864274e-09,3.7424616e-06,5.8463775e-07
L373,2.1827873e-11,1.0913936e-11,1.0913936e-11,3.7471182e-10,1.4551915e-10
L59,2.1827873e-11,2.3646862e-10,1.4551915e-11,6.2937033e-10,1.2732926e-10
L666,2.4148903e-08,1.9070285e-08,1.2325472e-08,3.4692494e-07,1.8782157e-07
L75,6.639311e-08,3.6568963e-08,2.5676854e-08,8.481438e-07,5.5612327e-07
L809,6.3242624e-08,3.6263373e-08,3.8242433e-08,8.1275357e-07,3.6638812e-07
L94,2.3079338e-08,1.956505e-08,1.1277734e-08,3.1688978e-07,1.835142e-07
L1003,3.274181e-11,1.4551915e-11,1.4551915e-11,2.6557245e-10,
L1020,2.4519977e-08,1.4180841e-08,1.4624675e-08,2.4928886e-07,1.4773832e-07
L106,5.7843863e-08,4.7701178e-08,2.7932401e-08,7.7786535e-07,4.4732587e-07
L1343,2.910383e-11,1.8189894e-11,1.4551915e-11,4.5474735e-10,1.8189894e-10
L1344,2.910383e-11,1.8189894e-11,1.0913936e-11,3.783498e-10,1.8553692e-10
L1355,6.541086e-08,3.7558493e-08,2.6317139e-08,7.4678246e-07,
L182,2.9111106e-08,2.3544999e-08,1.3882527e-08,3.88005e-07,2.2406311e-07
L1863,1.0627409e-06,5.3124924e-05,5.820766e-11,6.2573235e-10,5.977927e-08
L1865,4.5110937e-10,1.4551915e-11,8.731149e-11,6.1118044e-10,3.270543e-07
L199,2.010347e-08,3.4015102e-08,2.716115e-08,7.983108e-07,4.11761e-07
L2027,3.8759026e-08,2.0576408e-08,1.7564162e-08,4.385074e-07,
L2035,2.1827873e-11,1.0913936e-11,1.0913936e-11,2.5465852e-10,3.2014214e-10
L2067,2.5444024e-08,1.4209945e-08,1.1648808e-08,2.872839e-07,1.6330159e-07
L270,2.0641892e-08,2.9584044e-08,2.8121576e-08,3.331223e-05,2.220404e-07
L276,7.275958e-12,1.0913936e-11,1.0913936e-11,4.5110937e-10,1.7826096e-10
L299,5.1455572e-08,2.991146e-08,2.2315362e-08,,
L3,3.274181e-11,1.8189894e-11,1.0913936e-11,3.5652192e-10,1.8189894e-10
L301,2.5465852e-11,1.4551915e-11,1.0913936e-11,3.237801e-10,
L333,7.158087e-08,7.428753e-08,3.630703e-08,1.0163494e-06,3.3271208e-05
L351,2.910383e-11,1.4551915e-11,1.4551915e-11,2.6921043e-10,1.4188117e-10
L37,2.1827873e-11,2.1827873e-11,1.4551915e-11,,
L410,1.18176104e-07,6.213668e-08,6.9252565e-08,9.967625e-07,5.3769327e-07
L432,2.910383e-11,1.0913936e-11,1.0913936e-11,2.1827873e-10,1.200533e-10
L439,2.131419e-07,7.884228e-08,1.3285899e-07,5.065187e-06,0.00012599892
L468,2.5465852e-11,1.4551915e-11,1.4551915e-11,2.3646862e-10,
L581,3.7682184e-08,3.839523e-08,1.8873834e-08,5.246766e-07,2.849556e-07
L601,2.5465852e-11,1.8189894e-11,,,
L708,3.8271537e-08,2.5283953e-08,2.0962034e-08,,
L817,2.5465852e-11,1.4551915e-11,1.4551915e-11,,
L838,3.637979e-12,3.5488483e-08,3.1432137e-08,2.5065674e-09,9.531504e-10
L979,4.7344656e-08,3.6707206e-08,2.107845e-08,5.9077865e-07,3.357418e-07
L998,4.220783e-08,2.3392204e-08,2.5662303e-08,4.1165185e-07,2.1859887e-07
L1876,6.5545755e-06,3.0250012e-06,3.266352e-06,2.8974318e-06,1.6996142e-05
L1589,8.1666076e-07,9.670475e-08,4.2052852e-07,8.824136e-07,1.5721162e-06
L1940,1.1195079e-06,7.5124844e-06,5.4889824e-07,1.9324827e-05,1.5257043e-05
L2005,9.009818e-08,4.7853973e-08,4.0832674e-08,1.0232106e-06,2.6399954e-05
L2018,5.2154064e-08,2.773595e-08,4.3364707e-08,5.9211743e-07,3.3705146e-07
L217,1.1201337e-07,3.0267984e-08,2.3894245e-08,6.271148e-07,3.4776167e-07
L219,4.735487e-05,2.5035115e-07,5.6053977e-08,6.4762717e-06,6.8501686e-07
L2201,1.5082769e-06,9.713403e-06,7.111812e-07,2.5154499e-05,1.1592929e-05
L263,1.6872946e-08,3.3582182e-07,2.3064786e-08,1.0198346e-06,3.539899e-07
L232,2.5465852e-11,1.4551915e-11,1.0913936e-11,3.0559022e-10,
L888,1.4551915e-11,6.184564e-11,3.637979e-12,9.604264e-10,6.002665e-10
L2623,1.4880381e-05,1.964101e-06,4.6988134e-06,7.3233095e-05,4.442851e-05
L471,3.274181e-11,1.8189894e-11,1.8189894e-11,2.3646862e-10,1.7462298e-10
L701,4.620233e-08,3.5019184e-08,2.473098e-08,6.800474e-07,4.198082e-07
L1349,1.5745172e-08,5.228503e-08,3.684545e-08,1.035005e-06,6.136979e-07
L1552,2.6526322e-06,6.535338e-07,9.769865e-07,2.8362701e-06,4.520829e-06
L1789,2.9129733e-06,6.794435e-07,9.183277e-07,,
L2070,4.4841727e-08,2.2977474e-08,2.2118911e-08,4.921094e-07,2.7710485e-07
L2074,5.3623808e-08,2.7823262e-08,2.6120688e-08,,
L233,3.972673e-09,3.8038706e-08,2.7619535e-08,3.6840655e-05,
L627,4.3044565e-08,3.9304723e-08,2.1878805e-08,2.4608024e-05,
L1002,2.4074689e-07,2.561137e-07,4.0179293e-07,6.051341e-06,1.5352853e-05
L1128,2.5465852e-11,1.4551915e-11,2.1827873e-11,2.1827873e-10,1.09139364e-10
L131,6.574555e-08,5.3660187e-08,3.1555828e-08,8.804127e-07,5.075708e-07
L420,3.1504896e-09,1.8029823e-08,1.9703293e-08,3.0598312e-07,1.6528793e-07
L747,1.4551915e-11,2.1827873e-11,2.1827873e-11,3.7471182e-10,
L783,5.576294e-08,3.3396645e-08,3.3993274e-08,8.782954e-07,3.8593134e-07
L1043,8.268922e-06,1.8643914e-06,2.184388e-06,,
L1560,2.1405576e-06,3.6235724e-07,5.3706754e-07,,
L1036,8.000713e-05,0.00054961676,0.00013400172,1.4029909e-05,0.00020497036
L1143,1.4142279e-07,1.3045792e-07,1.1509837e-07,2.2988945e-05,8.6942855e-06
L1150,2.079294e-06,1.1507655e-05,8.336501e-07,3.0004187e-05,1.041661e-05
L1340,9.860378e-08,5.2445102e-08,3.547364e-05,6.627524e-07,3.772293e-07
L14,1.2584496e-07,6.920891e-08,7.581548e-08,3.5231933e-06,
L1670,1.0232106e-06,2.6581984e-07,3.8192957e-07,7.259878e-07,1.3928875e-06
L1783,2.7938397e-05,3.1448784e-05,7.034396e-06,5.35344e-05,3.77947e-05
L1784,3.1600008e-05,2.9457617e-05,8.6165965e-06,5.3094584e-05,4.4985092e-05
L2000,2.0544394e-07,1.0928488e-07,9.316136e-08,2.7004338e-05,2.6005902e-05
L2013,1.8137507e-07,9.639189e-08,3.539375e-05,1.602748e-06,9.123469e-07
L2022,2.5250483e-07,1.3434328e-07,3.535836e-05,2.409215e-06,1.3714307e-06
L2069,7.059134e-08,3.617606e-08,3.480818e-08,7.749986e-07,4.3640466e-07
L207,7.433118e-08,9.0221874e-08,7.2526745e-08,1.9588624e-06,1.0601361e-06
L210,3.1723175e-08,1.6851118e-08,1.3416866e-08,3.5669655e-07,1.9557774e-07
L23,2.3970642e-07,1.3230601e-07,1.3351382e-07,7.4444906e-06,9.854048e-07
L240,3.2897806e-06,2.0317966e-06,3.958121e-08,1.8678838e-06,2.9719668e-06
L249,1.1059456e-09,6.0827006e-09,4.612957e-09,1.3476529e-07,7.446215e-08
L25,2.2020686e-07,1.3553654e-07,1.2600867e-07,,
L264,1.2665987e-07,2.5231857e-06,1.7334241e-07,8.9977984e-05,2.1078158e-06
L3115,3.0035153e-07,1.8870924e-07,2.1146843e-07,4.114851e-05,8.888473e-05
L3128,5.005859e-08,1.7444836e-07,1.17579475e-07,6.9717644e-06,0.0001096272
L3130,3.7514837e-08,1.3105455e-07,8.838833e-08,5.237467e-06,0.0001113177
L3164,3.0338997e-06,1.6710255e-06,1.3969839e-08,9.511132e-07,3.1706877e-06
L325,1.3739918e-07,1.393928e-07,6.984919e-08,1.9580184e-06,1.0883814e-06
L33,1.0039075e-05,8.3085615e-07,7.179333e-07,5.3255353e-05,2.8476235e-05
L342,7.333583e-07,9.983912e-05,8.774805e-07,5.1655225e-05,2.1658663e-05
L346,7.6019205e-07,9.985606e-05,9.367941e-07,5.1494804e-05,2.2704015e-05
L391,1.4846446e-06,1.6225968e-06,8.1327744e-07,8.5456646e-05,0.00012372097
L406,8.685747e-07,3.480818e-08,4.803296e-07,0.00016926182,4.791282e-05
L419,2.5355257e-07,1.3358658e-07,1.466833e-07,2.2458844e-06,2.6456371e-05
L426,8.881034e-08,4.885078e-08,5.3507392e-08,2.4860492e-06,5.419424e-07
L43,1.0069285e-05,8.989591e-07,6.505288e-07,5.4538075e-05,2.9166811e-05
L430,1.7433194e-07,9.586802e-08,1.0500662e-07,4.8807124e-06,3.7992606e-05
L506,8.359348e-08,2.8237992e-08,2.3617758e-08,,
L525,1.0122312e-07,5.3893018e-08,4.593312e-08,1.1748925e-06,6.691116e-07
L529,1.2659802e-07,6.3850166e-08,5.536276e-08,5.6559657e-08,1.0395888e-07
L536,3.766545e-07,1.3847603e-07,1.2327655e-07,3.7562131e-06,3.2046737e-06
L541,1.1580414e-07,2.309389e-08,1.8546416e-08,5.0098606e-07,3.1386298e-07
L58,4.172325e-07,1.6402919e-07,2.521556e-07,1.665519e-05,0.00010700466
L633,5.614129e-08,7.507042e-07,4.141475e-08,5.8797377e-06,3.5986668e-06
L649,2.6391353e-07,7.2910916e-07,2.2765016e-07,4.0479877e-05,2.4926965e-05
L709,1.446344e-06,1.6477425e-06,7.924391e-07,4.5249588e-05,0.00012372027
L755,1.1076918e-07,7.6775905e-08,7.2759576e-08,3.3469114e-06,1.2299104e-05
L766,9.872892e-07,7.4945274e-07,6.0739694e-07,,
L77,8.4750354e-08,4.665344e-08,3.2770913e-08,1.0828226e-06,
L779,2.2871245e-07,1.1437805e-08,1.1760858e-07,9.748415e-06,2.453162e-07
L802,4.0745363e-08,2.3748726e-08,2.4738256e-08,6.321352e-07,2.462184e-07
L808,6.5076165e-07,1.5442492e-07,3.4930417e-07,0.00020750292,9.921321e-06
L825,3.8466533e-07,1.497101e-07,7.6630386e-08,3.396417e-06,2.0916254e-05
L847,3.9115548e-08,5.0116796e-08,2.6833732e-08,8.1423495e-06,
L850,3.6874553e-08,4.5423803e-08,2.2919266e-08,7.197108e-06,1.2536111e-06
L852,1.2108649e-07,7.2759576e-08,1.0874646e-07,1.6549253e-05,6.479677e-06
L856,1.1181692e-07,8.5754436e-08,5.812035e-08,1.6868289e-06,9.393116e-07
L860,1.2514647e-08,8.905772e-09,6.15546e-09,2.1205051e-07,1.2043165e-07
L864,5.830225e-08,4.4667104e-08,3.028981e-08,8.4498606e-07,4.722242e-07
L876,5.752372e-08,4.4048647e-08,2.9685907e-08,9.994692e-07,5.4006523e-07
L892,9.289943e-08,3.2340176e-07,2.1816231e-07,5.6855322e-05,0.00010670553
L948,1.0631629e-07,5.1848474e-08,3.7704012e-08,9.858777e-07,5.920738e-07
L995,3.251189e-07,2.082379e-07,4.5253546e-07,5.2081305e-06,1.48763065e-05
L2999,4.0265295e-06,1.3359386e-06,1.7652637e-06,,
L1148,1.1193333e-07,6.100163e-08,6.8394e-08,9.949872e-07,5.269103e-07
L1934,1.0739168e-06,3.0697265e-07,3.7437712e-07,,
L2363,7.356284e-07,1.222454e-05,7.401686e-07,3.0750816e-05,4.261965e-06
L2625,3.32747e-06,,,,
L57,3.9857696e-08,1.36424205e-08,2.2519089e-08,,
L66,1.19020115e-07,6.557093e-08,4.6071364e-08,1.3013632e-06,7.752824e-07
L7,2.910383e-11,1.0913936e-11,1.4551915e-11,2.1100277e-10,
L2706,8.5309875e-07,1.11082045e-07,1.7468847e-07,8.0129394e-07,1.3060053e-06
L2725,5.672162e-06,9.0539106e-07,9.369978e-07,3.754918e-06,6.913411e-06
L1,4.9709342e-08,7.695926e-07,6.7957444e-08,1.9913481e-05,9.1735274e-07
L1001,1.3735553e-07,3.3676042e-07,1.5457044e-07,2.7207134e-06,8.413157e-06
L1011,2.5465852e-11,1.4551915e-11,1.0913936e-11,2.9467628e-10,1.5643309e-10
L1074,3.0733645e-07,1.0948861e-07,2.773013e-07,,
L1082,2.1827873e-11,1.0913936e-11,2.1827873e-11,2.764864e-10,1.5643309e-10
L1098,5.8185833e-08,3.324385e-08,3.4764525e-08,5.6115823e-07,
L1138,6.661867e-08,3.7398422e-08,4.0454324e-08,7.2279363e-07,3.5797711e-07
L1152,2.4964102e-06,1.1343509e-05,1.0854565e-06,4.6659727e-05,0.00011742092
L1168,4.6891393e-05,3.0128285e-06,5.0652307e-06,3.232062e-05,6.911345e-06
L128,4.9898517e-08,4.0556188e-08,2.3894245e-08,6.6689245e-07,3.8481812e-07
L1360,2.5465852e-11,1.4551915e-11,1.0913936e-11,3.1650416e-10,1.8189894e-10
L1470,1.1188968e-06,3.190944e-07,6.086775e-07,,
L1485,1.3879617e-07,7.048948e-08,2.195884e-08,1.686858e-07,5.5156124e-07
L1500,1.0152115e-05,4.049216e-06,3.5412377e-06,,
L1503,7.338892e-05,2.6925467e-05,2.4191802e-05,2.012588e-05,0.00012286287
L1504,0.0012692455,0.00013060216,0.00084932055,0.00014461298,0.0007605655
L1509,5.501417e-06,1.8509163e-06,2.0912194e-06,,
L1510,1.1357246e-05,1.0361313e-05,7.422059e-07,8.579227e-07,4.153489e-05
L155,3.045716e-08,1.6785634e-08,1.1794327e-08,3.3153628e-07,1.9692379e-07
L1627,1.8134597e-06,5.187758e-07,5.9389276e-07,2.663408e-06,3.296096e-06
L1919,2.886611e-05,5.1442767e-06,1.0298565e-05,2.3862929e-05,0.0001130242
L1926,1.5014608e-05,6.8481895e-06,9.558949e-06,,
L1999,7.831841e-08,4.1640305e-08,3.549212e-08,9.56592e-07,5.649781e-07
L20,2.3079338e-08,1.2150849e-08,1.3416866e-08,2.017623e-07,1.0893564e-07
L202,1.7193088e-08,2.3923349e-08,1.9193976e-08,5.3736585e-07,2.8467184e-07
L2050,1.9965228e-08,2.4258043e-08,1.9514118e-08,5.2683754e-07,2.8511568e-07
L2077,6.444316e-08,3.426976e-08,2.9191142e-08,2.875484e-05,
L2204,3.403693e-08,2.4410838e-08,1.8568244e-08,4.6092464e-07,
L221,4.7354813e-05,2.5029294e-07,5.5966666e-08,6.4759515e-06,6.8507507e-07
L2361,4.9581286e-07,1.2255739e-05,7.939525e-07,3.0524214e-05,3.8789585e-06
L251,1.0913936e-11,1.6734703e-10,1.0913936e-11,5.711627e-10,1.70985e-10
L253,1.3184035e-08,2.6282214e-07,1.8029823e-08,9.193027e-07,2.7815986e-07
L266,1.5163096e-08,2.1551386e-08,2.0649168e-08,,
L27,2.910383e-11,1.8189894e-11,1.8189894e-11,2.2919266e-10,2.5465852e-10
L271,4.9330993e-09,9.829819e-08,6.7666406e-09,3.1822128e-07,1.0378426e-07
L2893,4.1858293e-06,7.1264803e-06,5.9814192e-06,6.526534e-06,4.9482565e-05
L296,2.910383e-11,1.8189894e-11,1.4551915e-11,3.3105607e-10,1.8189894e-10
L304,1.8742867e-07,1.0896474e-07,8.119969e-08,9.339966e-05,6.536138e-07
L3078,2.2730092e-07,5.2311225e-07,4.254398e-07,2.7602131e-05,1.7078128e-07
L354,1.4342368e-07,7.986382e-07,5.0172093e-07,,
L414,9.937503e-08,5.234324e-08,5.8309524e-08,8.450297e-07,4.5563502e-07
L415,3.7085556e-08,1.952867e-08,2.1675078e-08,3.195455e-07,1.7233833e-07
L418,5.142647e-08,2.46946e-08,1.493172e-07,4.645539e-06,2.5774061e-06
L434,2.4301698e-07,1.2814417e-07,1.4563557e-07,1.9311265e-06,1.0399381e-06
L449,3.7776772e-08,1.983426e-08,2.2802851e-08,2.9613875e-07,2.1252345e-07
L461,1.6472768e-07,1.8725405e-07,2.6941416e-07,5.9790036e-06,
L477,1.4575198e-07,4.4098124e-07,7.3894626e-07,2.6110909e-05,8.8552886e-05
L484,1.2706732e-07,1.4269608e-07,2.0378502e-07,4.0295417e-06,
L494,2.910383e-11,1.0913936e-11,1.4551915e-11,2.2191671e-10,2.582965e-10
L497,5.986658e-08,3.0646333e-08,3.4924597e-08,5.245529e-07,6.1708124e-07
L498,8.0719474e-08,2.444649e-07,5.20522e-08,1.3943645e-07,8.229472e-07
L558,3.1090167e-08,3.0464435e-08,1.580338e-08,4.484973e-07,2.5607005e-07
L611,1.1466909e-07,1.0924123e-07,5.7945726e-08,1.7807615e-06,1.0293006e-06
L621,2.7182978e-08,2.5516783e-08,1.3758836e-08,4.4119224e-07,2.586312e-07
L622,5.5646524e-08,5.2255928e-08,2.818706e-08,9.0325193e-07,5.2950054e-07
L656,3.567402e-08,2.8645445e-08,1.792796e-08,5.068723e-07,2.6883208e-07
L676,5.84987e-09,4.10364e-09,2.8667273e-09,4.3098116e-06,8.955976e-08
L685,1.4551915e-11,5.820766e-11,0.0,,
L726,2.910383e-11,2.1827873e-11,1.0913936e-11,3.45608e-10,1.891749e-10
L762,1.8038554e-07,1.5163096e-07,1.1723023e-07,6.1889295e-06,1.025782e-05
L763,1.6545528e-08,5.2692485e-08,1.7389539e-08,8.747971e-06,1.1366137e-05
L78,2.910383e-11,1.8189894e-11,1.0913936e-11,,
L781,1.7887214e-07,6.437767e-08,1.01688784e-07,1.18147e-05,1.2705394e-05
L803,7.75035e-08,4.5853085e-08,4.7148205e-08,,
L84,5.2641553e-08,4.478352e-08,2.5735062e-08,7.2556577e-07,4.206231e-07
L85,9.899668e-08,8.4226485e-08,4.8428774e-08,1.3644021e-06,7.909839e-07
L96,1.7383718e-06,1.2121745e-06,7.811468e-08,4.546717e-06,4.50894e-06
L1060,4.0052073e-06,1.246306e-06,2.9415998e-05,2.488913e-05,9.259245e-06
L1313,1.2695731e-05,4.0707237e-06,2.2242893e-06,,
L1333,7.62142e-06,7.2218245e-07,1.782144e-05,6.65721e-06,8.3295745e-06
L1337,1.8653736e-07,2.343586e-08,1.5941623e-07,3.4717596e-07,1.2581222e-07
L1370,3.0442607e-08,1.5483238e-08,1.693843e-08,1.853035e-05,7.336566e-05
L1378,9.749783e-09,4.976755e-09,5.47152e-09,1.3056269e-06,1.4843536e-06
L1385,9.336509e-08,4.7730282e-08,5.227048e-08,4.0605664e-05,0.0001807448
L1395,1.0229996e-08,5.2095857e-09,5.7043508e-09,1.3828248e-06,
L1400,9.080395e-09,4.7148205e-09,5.2386895e-09,2.9154762e-07,1.3393015e-05
L1404,1.7971615e-09,8.2945917e-10,8.1490725e-10,1.1829834e-06,1.1173088e-05
L1405,6.3082553e-09,3.2159733e-09,3.5215635e-09,8.5588545e-07,1.2948876e-06
L1418,9.822543e-09,5.122274e-09,5.675247e-09,2.1681335e-06,2.576498e-05
L1436,5.4982956e-07,2.743909e-07,1.4167745e-07,7.482944e-06,5.092239e-06
L1448,7.315539e-07,3.6519486e-07,1.8056016e-07,1.156819e-06,2.6165508e-06
L1487,9.3562994e-07,3.4440018e-07,5.021575e-07,,
L1492,1.4455873e-07,7.331255e-08,2.302113e-08,1.7572893e-07,2.629304e-05
L1531,2.4249603e-06,4.5266643e-07,8.0117024e-07,2.2658496e-06,3.1196832e-06
L1566,1.4826073e-05,1.0956544e-05,1.3610115e-06,1.0375166e-05,5.9096143e-05
L1578,6.495975e-07,1.319786e-07,1.2608507e-07,7.403214e-07,1.1336961e-06
L1607,6.9282396e-07,1.360313e-07,3.5615085e-07,7.9853635e-07,1.587774e-06
L1612,3.9190054e-06,2.4490291e-06,3.515801e-06,7.263734e-06,2.1130603e-05
L1618,7.706549e-07,1.298904e-07,2.2971653e-07,1.869761e-06,9.4791176e-07
L1620,7.669005e-07,2.33631e-07,3.4477853e-07,1.2552337e-06,4.6115718e-05
L1656,2.3010361e-06,7.509225e-07,8.005154e-07,,
L1666,2.0651787e-06,4.932954e-07,7.314229e-07,,
L1678,1.7859275e-06,2.515735e-07,3.6190613e-07,1.600536e-06,2.7271744e-06
L1685,2.0886582e-06,3.3053948e-07,6.279297e-07,1.9096697e-06,3.111898e-06
L1708,3.789668e-05,4.438206e-05,1.6446924e-05,4.0965737e-05,6.236939e-05
L1716,1.2322154e-05,1.8825231e-06,3.592082e-06,1.0445539e-05,
L1748,4.1365165e-06,1.438726e-06,0.0006162522,0.0006130273,8.744071e-06
L1759,2.8237002e-05,9.280862e-06,1.1486874e-05,7.06889e-05,1.6541802e-05
L1761,2.4296285e-05,4.5835623e-06,2.1678221e-05,7.2735595e-05,3.098452e-06
L1769,2.129376e-05,1.3795565e-05,2.4639186e-05,8.293893e-06,8.0381404e-05
L1770,2.0063366e-05,1.588359e-05,1.9698637e-05,1.46772945e-05,8.273474e-05
L1780,2.8611626e-05,9.398733e-06,1.967966e-05,0.0003455393,0.00024095655
L1843,2.1907443e-05,2.6805792e-06,6.229093e-06,0.00014175719,3.6206096e-05
L1844,8.216521e-06,1.0675576e-06,2.2036693e-06,2.6212554e-05,
L1845,2.2385793e-05,3.3748802e-06,6.0275197e-06,5.391828e-05,3.3609278e-05
L1855,1.0955555e-05,9.3580456e-07,3.2603857e-06,,
L1856,5.9162267e-06,4.8361835e-07,1.6570848e-06,1.5618949e-05,
L1871,5.8420555e-06,9.864016e-07,1.3331592e-06,5.9816957e-06,9.700714e-06
L1874,1.8187711e-06,3.944806e-07,5.500697e-07,2.0555963e-06,2.8223221e-06
L1884,2.1709711e-06,2.3219764e-07,7.339622e-07,4.1464446e-06,3.275156e-06
L1898,1.5755068e-06,1.5195837e-07,4.3345062e-07,,
L1908,6.01371e-06,4.5757042e-07,1.609922e-06,5.2604446e-06,
L1909,7.86758e-06,8.7797525e-07,2.8961222e-06,6.824208e-06,1.7994782e-05
L1943,1.9976869e-07,1.0176154e-07,1.9863364e-08,,
L1950,5.8890786e-05,6.425427e-05,3.3981167e-05,6.891042e-05,0.00029238244
L1958,2.5588233e-06,3.6900747e-07,9.717551e-07,2.1103988e-06,5.6742792e-06
L2131,4.5387205e-06,2.9712028e-06,3.7820428e-06,4.4284388e-07,1.5083919e-05
L2136,3.6865968e-06,4.843532e-07,1.2817327e-06,,
L2153,8.816132e-06,2.7465867e-06,4.1595194e-06,6.5502245e-06,1.346902e-05
L2173,2.8605864e-06,1.300883e-06,9.094947e-08,,
L2189,6.172736e-05,1.5868573e-05,2.7730246e-05,8.860079e-05,0.0001721126
L2194,5.4660486e-06,2.795423e-07,1.6687845e-06,1.0895863e-05,1.0519754e-05
L2211,6.929622e-08,3.5652192e-08,1.132139e-08,3.047753e-07,9.62289e-07
L2216,1.8364517e-08,9.546056e-09,2.4650944e-08,1.10740075e-07,0.00013724968
L2219,2.4956535e-09,1.3023964e-09,3.3687684e-09,1.508306e-08,5.361653e-08
L2222,2.9831426e-09,1.549779e-09,4.0090526e-09,1.8007995e-08,6.399205e-08
L2223,2.8063369e-08,1.4428224e-08,2.6411726e-09,1.0606891e-07,
L2227,1.4551915e-11,7.275958e-12,3.637979e-12,6.91216e-11,1.70985e-10
L2237,2.2861059e-08,1.17652235e-08,3.739842e-09,1.0056101e-07,2.877423e-07
L2257,0.00010021002,5.4382253e-06,8.5821375e-07,2.2219028e-06,3.4945202e-05
L2264,6.522966e-05,6.4451015e-06,5.015754e-07,2.4417532e-06,3.994134e-05
L2267,0.00017010531,4.3130596e-05,1.9231811e-07,5.05324e-06,5.2994816e-05
L2269,0.00017462642,4.3375767e-05,5.856855e-07,5.305279e-06,5.3343363e-05
L2272,4.1197927e-06,5.161128e-07,1.1657248e-06,2.7048081e-06,5.0735835e-06
L2287,1.3553581e-06,1.481294e-06,3.79041e-07,,
L2415,2.5640475e-08,1.3620593e-08,1.4930265e-08,6.8517984e-06,5.2795396e-05
L2416,1.9819709e-08,1.0099029e-08,1.1030352e-08,2.6810158e-06,
L2436,2.323126e-06,3.073219e-07,,,
L2474,7.043127e-09,3.587047e-09,3.929017e-09,9.579744e-07,1.4044272e-06
L2483,6.5076165e-08,3.349851e-08,1.0681106e-08,2.8629438e-07,3.857717e-05
L2498,2.7175702e-08,1.3948011e-08,1.4551915e-09,9.751966e-08,2.634697e-07
L2502,2.1827873e-11,1.0913936e-11,0.0,,
L2608,3.884459e-06,6.92904e-07,1.33703e-07,6.360351e-06,7.756767e-06
L2610,2.6989437e-06,4.2219472e-07,6.0524326e-07,3.6880956e-06,6.83266e-05
L2614,2.0084117e-06,3.571331e-07,3.7906284e-07,2.9981456e-06,3.898851e-06
L2696,2.3480388e-06,2.890156e-07,4.8310903e-07,2.20511e-06,
L2727,1.9319355e-05,3.910158e-06,3.376417e-05,2.834713e-05,9.6682226e-05
L2728,1.5004887e-05,2.8933864e-06,3.5958015e-05,2.247328e-05,0.00010477239
L2730,5.9764425e-06,1.0204967e-06,2.3258617e-06,5.6287827e-06,3.2623837e-05
L2732,2.5754562e-06,4.0132727e-07,6.939954e-07,2.636516e-06,4.6788628e-06
L2738,3.1942618e-06,1.2243399e-06,4.7605718e-06,2.2440217e-06,6.452028e-06
L2741,2.8445356e-07,4.7366484e-09,9.926254e-06,1.17397576e-07,1.4129546e-06
L2742,3.040026e-06,4.2559986e-07,8.600764e-07,2.945948e-06,5.997703e-06
L2745,1.26577215e-05,3.849389e-06,1.973682e-05,7.752213e-06,0.000110762776
L2747,1.9346917e-06,3.6836718e-07,5.8951264e-07,2.1273881e-06,2.5579648e-06
L2771,2.533925e-07,8.7707303e-07,6.950286e-07,1.87353e-06,5.668553e-06
L2775,2.6979978e-07,9.684591e-07,1.2657256e-07,2.6930284e-06,3.8020153e-06
L2780,4.925532e-07,9.1977563e-07,2.0907464e-07,,
L2784,2.3002212e-06,7.374838e-07,6.062328e-08,,
L2809,1.43322395e-05,3.5140547e-06,1.2158998e-06,,
L2810,3.0203955e-05,3.3657416e-06,8.6124055e-07,1.8740597e-05,4.391186e-07
L2812,9.381503e-05,5.5568526e-06,2.0160805e-06,3.3684424e-05,6.571063e-06
L2814,8.373288e-06,3.4110853e-06,1.0379008e-06,1.7559389e-05,1.9222498e-06
L2820,8.117e-06,1.1000375e-06,2.0407606e-07,8.726158e-06,5.070324e-07
L2824,5.846705e-06,3.5611447e-07,7.2672265e-08,2.1132219e-06,2.62932e-06
L2825,8.424418e-06,5.9285594e-07,5.5005876e-07,,
L2861,1.115934e-05,5.9891026e-06,1.2104865e-06,2.0798645e-05,6.903778e-06
L2883,2.0542357e-06,3.0657975e-07,4.315516e-07,1.7528655e-06,3.1207746e-06
L2907,4.1361316e-05,3.41548e-06,1.6657868e-06,2.646353e-06,3.318154e-05
L2912,0.000100000354,5.3962576e-06,5.264301e-07,2.2579916e-06,3.5191595e-05
L2936,1.4298363e-05,4.079833e-06,1.0687276e-05,1.0149786e-05,1.8499093e-05
L2986,1.8981285e-05,8.361414e-06,2.50843e-06,3.3552787e-05,
L3003,9.2400296e-07,2.3514367e-06,2.0350708e-06,5.2315663e-06,3.2879034e-06
L3024,3.6948477e-06,1.5123223e-06,1.4291436e-06,1.0733493e-05,6.546703e-06
L3025,6.409595e-06,2.4800102e-06,4.5550405e-06,3.8718368e-05,7.950657e-06
L3031,1.4421457e-06,3.2568278e-07,5.597358e-07,,
L3036,4.7559966e-05,1.6028527e-05,2.3862813e-05,1.5725498e-05,0.0002358571
L3129,5.4569682e-11,4.3655746e-11,0.0,1.382432e-09,1.4806574e-09
L3143,6.942719e-08,4.0308805e-08,3.0158844e-08,7.884373e-07,4.5011257e-07
L3150,4.1791005e-05,3.077701e-06,8.061761e-09,7.640716e-06,1.1074299e-06
L101,5.0116796e-08,4.5096385e-08,2.5225745e-08,,
L1019,4.6595233e-07,6.6432403e-07,8.0425525e-07,6.0597085e-06,
L1037,2.0614025e-06,4.3030013e-08,2.2504537e-08,7.5308344e-07,3.8504368e-07
L1039,1.8648687e-05,1.1931988e-06,1.7922721e-06,1.1392753e-05,
L1047,7.8682206e-07,2.6085763e-07,2.6242924e-07,4.0019513e-06,3.8479047e-06
L1049,3.8351573e-07,1.6995182e-07,5.973852e-07,3.1521486e-06,3.1867035e-05
L1089,2.3501343e-07,1.5096157e-07,2.34053e-07,2.685425e-06,
L1096,8.7486114e-08,3.9872248e-08,5.203765e-08,2.9520015e-07,3.4915865e-07
L11,2.1827873e-11,1.0913936e-11,1.4551915e-11,2.0372681e-10,1.1277734e-10
L1105,1.6094418e-08,2.2613676e-08,6.344635e-09,5.4396514e-07,2.6149792e-07
L1123,4.848116e-07,3.8999133e-09,4.2590545e-07,2.5860267e-05,1.5666476e-05
L1175,2.3494795e-07,6.090704e-08,3.678142e-07,7.894851e-06,2.1129817e-06
L1186,2.9211515e-07,1.5308615e-07,1.6772537e-07,,
L1205,4.5541907e-05,4.4537592e-07,2.1661981e-07,0.00019840748,
L1208,6.548362e-11,5.0931703e-11,1.5279511e-10,,
L1211,6.968272e-06,1.2608944e-06,1.078588e-06,2.2627064e-05,8.473871e-07
L1212,1.1213298e-05,8.023315e-06,1.6364502e-06,,
L1224,5.2431133e-06,1.0288786e-06,1.0356307e-06,4.194677e-05,1.2596138e-07
L1225,6.031827e-06,8.6659566e-07,3.2049138e-07,9.181094e-05,3.682333e-06
L1229,5.02856e-06,1.3707904e-06,2.015382e-06,0.0001365341,1.0066433e-06
L1230,7.4214768e-06,1.3641547e-06,1.2051314e-06,6.4635184e-05,1.9918894e-05
L1235,6.548362e-11,4.3655746e-11,1.6007107e-10,6.4028427e-10,1.0986696e-09
L189,3.8853614e-09,4.2215106e-08,3.0719093e-08,8.868519e-07,5.156762e-07
L1925,5.252962e-05,1.4246791e-05,2.357841e-05,1.6416423e-05,0.00019274512
L1965,2.829096e-05,,,,
L2200,2.8382055e-07,5.611546e-07,5.6736644e-07,,
L241,1.9202707e-07,1.1024531e-07,7.7241566e-08,3.2666838e-05,
L279,1.5017577e-07,1.858105e-06,2.0489097e-07,0.0001084652,2.466957e-06
L283,2.5640475e-08,3.6146957e-08,3.450259e-08,1.4568941e-06,5.269103e-07
L289,2.8070644e-08,4.2738975e-08,3.822788e-08,1.4570396e-06,5.838083e-07
L3087,5.6675344e-07,2.1966116e-07,5.5537384e-07,3.89466e-06,4.8395304e-06
L3090,1.212291e-06,4.78467e-07,1.6651757e-06,2.1997723e-05,2.6256996e-05
L38,4.656613e-10,5.6569115e-07,5.197944e-08,4.7695736e-05,
L459,7.2584953e-07,5.7031866e-07,7.788185e-07,9.693555e-06,6.781757e-05
L460,3.107707e-07,2.6647467e-07,3.4400728e-07,5.035952e-06,
L485,7.576309e-07,5.5134296e-07,7.187482e-07,5.670823e-06,7.9746475e-05
L53,1.17055606e-07,5.6810677e-08,6.967457e-08,5.842885e-07,5.271868e-07
L602,1.0873191e-07,3.5431003e-07,3.1664968e-08,1.4213787e-05,1.1693279e-05
L732,5.910115e-07,4.596368e-07,3.2948446e-07,3.251669e-06,1.8786668e-06
L733,3.2494427e-08,2.5058398e-08,1.9303116e-08,5.30752e-07,3.0786032e-07
L80,2.546003e-07,1.4022226e-07,9.854557e-08,3.7511287e-05,3.893164e-05
L90,1.8029823e-07,7.8510493e-07,8.6569344e-08,3.0818337e-06,2.2325257e-06
L921,1.8465653e-07,7.500785e-08,5.336915e-08,1.1473385e-06,7.859853e-07
L93,1.6879058e-06,1.2545206e-06,5.3551048e-08,5.235139e-06,4.9073715e-06
L930,7.9956953e-07,3.107998e-07,2.4028122e-07,3.9742736e-06,2.7083152e-06
L1396,2.4330802e-08,1.2398232e-08,1.3562385e-08,3.2875687e-06,
L1428,7.959898e-09,3.8999133e-09,4.3655746e-09,1.0144868e-07,1.3028533e-05
L1429,7.275958e-12,7.275958e-12,7.275958e-12,1.2732926e-09,
L1444,1.557637e-07,7.9890015e-08,3.259629e-09,4.953181e-07,1.363951e-06
L1446,9.792857e-07,4.8894435e-07,2.5401823e-07,2.2551161e-05,1.3208482e-05
L1474,0.00021585077,0.0001952909,5.955249e-05,0.00015110895,0.00088860467
L1513,0.000118875876,0.000133086,0.0002631396,0.00015531294,0.0008124029
L1519,0.00044425484,0.00016935542,0.00017532427,0.00014638249,0.0005811071
L1546,3.872346e-05,3.2719458e-05,2.9702205e-06,1.39810145e-05,0.00011762802
L1547,3.5168836e-05,2.8053997e-05,3.2419339e-06,1.3707904e-05,0.0001009237
L1548,3.3311313e-05,2.3817876e-05,2.5739428e-06,1.2387056e-05,8.8041415e-05
L1551,2.8952782e-06,3.1577656e-07,8.0495374e-07,2.888366e-06,4.6350615e-06
L1637,1.3210229e-05,7.860013e-06,1.8569408e-06,4.6157627e-05,3.4621917e-06
L1638,2.6764581e-05,1.49309635e-05,3.912719e-06,8.415198e-05,3.3213291e-06
L1653,1.7795246e-05,1.47193205e-05,2.7720816e-06,6.788899e-05,8.933712e-07
L1662,6.9525326e-05,0.00025561056,6.0543418e-05,1.1438271e-05,0.00016057864
L1674,2.9075163e-06,1.0101357e-06,4.609101e-07,2.5600748e-06,4.2769025e-06
L1752,1.9610161e-05,1.7905608e-05,5.4859556e-06,6.5372325e-05,9.747455e-06
L1858,1.3289158e-05,1.1624652e-06,4.605332e-06,7.735501e-05,8.352089e-05
L1861,1.2907694e-06,5.9604645e-08,3.9188308e-08,1.8705614e-06,
L1882,6.906441e-06,6.5482163e-07,1.9931613e-06,6.2473206e-05,
L1893,6.5683853e-06,6.331247e-07,1.9373838e-06,0.00011910664,5.348731e-06
L1894,2.438217e-06,2.3546454e-07,7.632043e-07,,
L1901,7.0844253e-06,6.6531356e-07,2.052897e-06,,
L1945,3.0710362e-07,1.5640398e-07,3.2334356e-08,5.377806e-07,1.5383703e-06
L1952,2.5147892e-07,1.7101411e-07,3.25359e-07,2.4109613e-07,1.2899545e-07
L2087,3.9828825e-05,3.4829485e-05,4.2369356e-06,1.5623868e-05,0.00012217299
L2104,2.3804532e-06,1.3644312e-06,1.3447861e-06,,
L2112,3.699903e-05,1.4694e-05,6.984861e-06,,
L2115,3.2688084e-05,1.0179996e-05,6.2237377e-06,9.030773e-05,3.4154567e-05
L2130,3.086531e-05,6.3184416e-06,1.25938095e-05,4.5848894e-05,6.403576e-05
L2138,4.876952e-05,1.8671155e-05,2.6449212e-05,7.749186e-06,1.6044825e-05
L2147,4.9994444e-05,1.723005e-05,2.5204848e-05,1.7782557e-05,0.00024230371
L2187,8.6000364e-07,3.0809897e-06,1.9673462e-06,,
L2225,4.7078356e-07,2.3894245e-07,9.2957634e-08,4.0591753e-05,6.4605265e-06
L2230,1.5622936e-06,7.8068115e-07,3.9231963e-07,3.0185794e-05,1.8655788e-05
L2246,5.7183206e-07,1.4403486e-07,1.7926504e-07,1.2203818e-06,5.22763e-07
L2308,3.4242694e-06,1.046923e-06,6.6109933e-06,,
L2446,4.9592927e-07,2.537854e-07,2.7939677e-07,0.00016376423,0.0007263059
L2514,9.6377335e-08,4.922913e-08,3.5070116e-09,2.4634937e-07,
L2520,1.2332748e-07,6.2791514e-08,1.3285899e-08,2.1079904e-07,6.065384e-07
L2612,2.3071916e-06,4.687172e-07,4.563044e-07,2.6362104e-06,4.040281e-06
L2802,6.591581e-07,7.842318e-07,2.7578499e-06,1.21963385e-05,8.619711e-06
L2804,2.3164903e-06,1.4316174e-06,7.237075e-06,1.6147387e-06,1.2899749e-05
L2867,5.799069e-06,1.2010569e-06,1.9802392e-06,4.3183536e-06,8.40587e-06
L2877,1.4328325e-06,4.266185e-07,1.0377626e-06,1.0886288e-06,1.8209903e-06
L2878,2.0953885e-06,4.938047e-07,7.547351e-07,6.082555e-07,3.4846453e-06
L2880,3.0595838e-06,5.39716e-07,4.164758e-07,4.6167406e-07,1.7519284e-05
L2889,7.169449e-05,8.872594e-06,4.422851e-05,1.1420925e-05,8.402439e-05
L2890,0.000120354816,0.00013940968,0.00027092546,0.0001619272,0.0008439794
L3002,8.639996e-06,3.6344863e-07,2.5847694e-06,1.7207174e-05,1.6170088e-05
L3039,5.6996825e-05,1.3764948e-05,2.4698558e-05,8.16572e-05,0.000157782
L3226,2.565357e-07,6.4173946e-08,3.605237e-08,8.7123044e-07,2.5875488e-06
L3236,1.4959718e-05,1.843553e-05,2.0332634e-05,5.161157e-05,3.2752403e-05
L1006,2.9534567e-07,4.9057417e-07,3.676396e-07,8.221797e-05,2.4307461e-05
L1013,4.6088826e-07,5.8626756e-07,2.682209e-07,8.0394675e-05,2.5288202e-05
L1014,5.271286e-07,2.878951e-07,4.9942173e-08,6.1478e-05,8.92533e-06
L1025,9.1060065e-07,7.3589035e-07,9.844371e-07,4.359687e-05,
L200,2.9010698e-07,2.7602073e-06,3.958121e-07,0.00015790807,5.052658e-06
L3121,6.1214087e-07,9.536452e-07,8.3702616e-08,7.4363255e-05,1.7330254e-05
L658,2.905581e-06,3.5343692e-06,2.1879969e-06,4.452042e-05,5.2760006e-05
L736,5.9574377e-06,2.1745218e-06,2.069166e-06,,
L737,3.2386743e-06,2.4082838e-06,2.0399457e-06,4.1374005e-05,7.0015434e-05
L770,1.1541415e-06,5.8987644e-07,4.868489e-07,9.369489e-05,3.3628894e-06
L885,2.0372681e-07,5.4819975e-07,3.700843e-07,,
L886,9.452924e-08,4.650792e-07,3.138557e-07,,
L2316,7.703784e-08,3.9319275e-08,2.8230716e-09,1.9700383e-07,7.908966e-07
L2317,3.6408892e-08,1.8582796e-08,1.3533281e-09,9.3103154e-08,3.737805e-07
L2511,9.985524e-08,5.098991e-08,3.6379788e-09,2.5544432e-07,1.0255608e-06
L2638,5.5507408e-06,7.045455e-07,1.1341181e-06,,
L2650,2.9265939e-06,1.2677338e-06,1.0894728e-06,3.4576515e-06,6.9006055e-06
L2657,2.7334754e-06,1.2443561e-06,1.8630817e-07,5.7604484e-07,1.5178739e-06
L2663,1.2834353e-05,8.596544e-06,3.276291e-06,1.5741782e-05,6.435148e-06
L2677,3.4667828e-05,1.6291553e-05,2.4557812e-07,5.7759025e-06,5.0730305e-06
L2678,2.2128246e-05,1.0251795e-05,2.758752e-07,3.1108502e-05,4.525573e-06
L2684,7.2942858e-06,5.1807074e-06,2.4974725e-06,,
L2687,8.599884e-06,1.7879356e-06,1.792534e-06,5.2002288e-06,4.5535126e-07
L2693,2.0752617e-05,5.7857833e-06,1.9184372e-06,,
L2717,3.5695048e-06,2.534107e-06,4.4918124e-07,1.1428856e-05,2.389832e-06
L1156,2.6401132e-05,1.1637807e-05,1.1324883e-06,5.4527074e-05,0.00013981014
L1187,1.0996591e-06,4.604226e-07,,,
L1189,6.2951585e-07,2.7113128e-07,1.103268e-06,,
L1226,1.1396827e-05,1.8281862e-06,1.1324883e-06,0.00016442966,3.8093422e-06
L1227,2.4680514e-05,4.0316954e-06,2.6351772e-06,8.0511905e-05,7.3793344e-06
L1228,1.3139797e-05,2.2714958e-06,1.735054e-06,8.271332e-05,1.2909761e-05
L1301,2.791878e-05,1.2448727e-05,8.644711e-06,,
L3089,2.6224297e-06,1.0664226e-06,1.6926788e-06,1.4927704e-05,1.7053215e-05
L3097,5.2456744e-07,2.3073517e-07,8.1182225e-07,4.2913016e-06,6.2233303e-06
L3117,5.820766e-11,3.6379788e-11,3.6379788e-11,4.5838533e-10,
L313,2.7159695e-07,8.973293e-07,9.7439624e-08,,
L488,3.7485734e-08,1.9288564e-08,2.20316e-08,3.2231037e-07,3.6368147e-07
L559,2.4648034e-07,1.587614e-07,2.3283064e-08,4.427071e-06,
L1406,2.5320332e-08,1.2485543e-08,1.3591489e-08,1.2516102e-06,9.275071e-06
L1422,9.662472e-09,4.809408e-09,5.2023097e-09,2.2235472e-06,4.0609306e-05
L1423,3.3396645e-09,1.6952981e-09,1.8480932e-09,1.2877354e-06,
L1599,1.5588594e-06,3.7098653e-07,1.273962e-06,6.7675137e-07,
L1602,1.0131858e-05,3.9377483e-07,1.3854587e-06,1.8303923e-05,1.5384401e-05
L1617,2.3922184e-06,6.984337e-07,1.1723605e-06,4.4428743e-06,4.4456683e-05
L2469,1.8499122e-09,1.3151293e-09,1.5315891e-09,2.4352903e-06,
L2472,3.075911e-09,3.265086e-09,3.417881e-09,3.5218363e-07,1.11577065e-05
L2705,1.0658463e-05,8.055795e-06,5.401671e-07,2.8008071e-06,5.7920697e-06
L125,7.881317e-08,9.763462e-07,1.6094418e-08,2.7010683e-06,1.2970995e-06
L1655,0.00010669092,3.476767e-05,1.9571744e-05,4.805671e-05,0.00021990063
L1658,0.00011032773,3.5990495e-05,2.1036714e-05,7.2168186e-06,0.00022168783
L1659,0.000113985036,3.8023107e-05,2.3594126e-05,1.0713004e-05,0.00022572558
L1660,6.47821e-05,0.0002543861,6.262679e-05,8.202158e-06,0.00015403656
L1737,1.6125414e-05,7.0761016e-06,6.6856446e-06,6.203729e-06,
L186,1.8814579e-05,2.9376242e-06,1.6810372e-07,4.4766348e-05,7.734634e-06
L187,1.8791296e-05,2.8267968e-06,8.800998e-08,4.703994e-05,9.070849e-06
L195,1.8804567e-05,2.6784837e-06,2.2351742e-08,1.2614531e-05,3.4858705e-05
L21,4.835427e-06,1.5632249e-06,1.6025733e-06,0.00018439116,7.1908114e-05
L6,1.9052532e-06,4.4237822e-08,1.6659033e-06,0.000111416215,5.9723854e-05
L872,3.093155e-07,5.4202974e-07,2.878951e-07,0.00015565718,6.968214e-05
L875,3.4086406e-07,6.528571e-07,4.4098124e-07,,
L988,1.714332e-06,3.3527613e-08,1.4253892e-06,0.00013539381,3.605755e-05
L2639,2.910936e-06,3.684836e-07,5.939364e-07,2.7244678e-06,4.4414774e-06
L2642,3.2785465e-06,4.1056774e-07,6.937771e-07,3.0968804e-06,4.9704104e-06
L2675,0.0002974132,8.7274704e-05,1.6082078e-05,0.00025607506,9.510666e-06
L2681,7.640844e-05,2.5959453e-05,2.5207992e-06,1.0637625e-05,6.8785157e-06
L3158,3.108289e-08,2.705201e-08,1.5395926e-08,4.3403998e-07,2.5173358e-07
L3160,8.629286e-09,7.494236e-09,4.278263e-09,1.2064993e-07,6.9936505e-08
L103,1.5067635e-06,2.46102e-06,1.7916318e-07,1.3495854e-05,
L1050,1.0186341e-10,2.910383e-11,1.382432e-10,,
L1051,0.000107523985,2.1081883e-05,4.132744e-05,2.6322436e-05,0.0001089531
L1160,2.3278408e-06,9.9116e-07,1.0327436e-05,7.861946e-05,
L1507,0.0002392754,0.00012575742,3.312528e-05,0.00010399148,0.0006022891
L2892,0.00022713747,0.00012762472,2.9212795e-05,9.4096176e-05,0.0005884273
L3102,6.5774657e-07,2.9592775e-07,9.384239e-07,3.3477263e-05,1.5153142e-05
L592,3.3923425e-07,1.3352837e-06,7.7998266e-08,5.8692647e-05,4.7900598e-05
L951,1.7114216e-06,3.1860545e-06,2.7100905e-06,,
L1035,0.000109565444,0.00025318423,9.9533936e-05,3.5261037e-05,0.00018680422
L1371,1.5296973e-07,7.7998266e-08,8.568168e-08,,
L1377,1.9487925e-07,9.9418685e-08,1.0873191e-07,,
L1381,3.8091093e-07,1.9464642e-07,2.1373853e-07,0.00019068457,0.00078766746
L1382,3.8882717e-07,1.9837171e-07,2.1746382e-07,0.00018975697,0.0007868265
L1398,5.7392754e-08,2.8987415e-08,3.1664968e-08,6.288872e-06,0.000120967976
L1399,2.7474016e-08,1.4202669e-08,1.565786e-08,8.140749e-06,0.0001293334
L1402,7.6761353e-10,8.403731e-10,9.531504e-10,6.3447333e-06,0.00010593632
L1411,9.289943e-08,4.749745e-08,5.2154064e-08,,
L1415,1.1664815e-07,5.9604645e-08,6.519258e-08,1.5801284e-05,
L1462,8.42585e-07,3.0273804e-07,5.346956e-07,1.2828386e-06,5.658367e-07
L1525,0.0002618339,0.00027820002,2.4988316e-05,0.00025933795,0.0006893184
L1532,0.00019857846,1.3620593e-05,0.00013231579,2.2851862e-05,0.00022412557
L1534,0.00019924063,1.6250648e-05,0.000131323,2.4511945e-05,0.00023023877
L1536,0.00020028418,1.8815976e-05,0.0001307251,2.6742928e-05,0.00023614685
L1557,8.827541e-06,1.3753539e-05,4.250789e-06,,
L1558,6.111688e-06,1.3376819e-05,2.357876e-06,9.463297e-05,
L1569,9.307172e-05,6.8554655e-05,1.2585893e-05,8.2209706e-05,0.00037411507
L1574,0.000100217294,6.774906e-06,2.1057203e-05,4.5506284e-05,0.00024536904
L1592,7.841177e-05,5.971268e-05,1.2190081e-05,6.95521e-05,0.00032221992
L1664,0.00010677101,0.00025377143,9.8504126e-05,1.1319527e-05,0.00018589874
L1883,3.017066e-05,2.864981e-06,9.1472175e-06,0.0003541439,3.1815027e-05
L1889,2.2199005e-05,2.1238811e-06,6.441027e-06,0.0003689417,1.953519e-05
L2210,2.9010698e-07,1.4924444e-07,4.7381036e-08,1.2762612e-06,
L2229,1.01164915e-07,5.1717507e-08,5.122274e-09,2.41198e-07,
L2232,4.057074e-08,2.1129381e-08,0.00013168436,1.7636921e-07,7.1503804e-05
L2284,2.078752e-06,2.2510612e-06,3.4364712e-07,1.435059e-06,6.3855186e-06
L2400,1.3822573e-06,3.1513628e-07,5.036709e-07,2.925779e-06,1.4761754e-06
L2460,1.7508864e-07,8.917414e-08,9.755604e-08,2.9972056e-05,0.0004426001
L2461,1.618173e-08,8.294592e-09,9.094947e-09,2.1664746e-06,2.5904737e-06
L2463,4.4237822e-08,2.2584572e-08,2.4796464e-08,5.9226295e-06,7.0942915e-06
L2471,2.142042e-08,1.05646905e-08,1.1612428e-08,1.3603101e-05,0.00013398565
L2478,2.3952452e-08,1.2456439e-08,,,
L2479,1.6589183e-08,8.643838e-09,6.3562766e-08,9.991345e-08,
L2481,1.5913974e-07,8.183997e-08,2.6018824e-08,7.0023816e-07,2.211018e-06
L2489,2.287561e-08,1.1772499e-08,3.747118e-09,1.02911144e-07,
L2495,8.745701e-08,4.4965418e-08,8.236384e-09,3.305904e-07,9.042851e-07
L2507,2.3515895e-08,1.22818165e-08,3.160676e-08,1.4138641e-07,5.0273957e-07
L2525,9.306986e-05,6.854255e-05,1.2471341e-05,8.211471e-05,0.00037408154
L2532,7.220311e-06,5.856622e-06,2.1301676e-06,2.9379735e-05,6.452319e-05
L2577,6.1816536e-08,1.7571438e-07,4.2039028e-07,1.0443531e-05,1.1011478e-05
L2578,1.4730031e-06,3.8652797e-07,6.5698987e-07,3.170088e-05,2.5695364e-05
L2584,1.1617085e-06,3.25148e-07,5.628972e-07,5.606271e-07,
L2592,2.636516e-07,7.745257e-09,3.2276148e-08,4.2987303e-06,2.2369426e-05
L2602,3.2780372e-07,5.8375008e-08,9.728683e-08,7.629351e-07,3.518726e-07
L2754,0.00011160225,7.203035e-05,1.4290214e-05,0.00036241114,5.2182004e-06
L2806,1.7740065e-05,1.4304649e-05,4.6747737e-06,7.3119765e-05,9.33744e-06
L2850,1.5743775e-05,8.34791e-06,2.952991e-06,5.4376666e-05,1.3452722e-05
L2894,0.00015059672,0.00016413815,8.958392e-05,0.00019791536,0.0011244826
L2902,0.00043646898,0.00011508074,1.9151717e-05,6.35013e-05,0.0008120239
L2920,3.593415e-05,4.427368e-05,2.5285408e-06,2.6308e-05,0.00027108076
L3209,3.425579e-05,1.3039913e-05,1.6058446e-05,5.859649e-06,6.224355e-05
L1334,4.1090883e-05,7.024035e-06,8.9081936e-05,9.219069e-05,0.00027683284
L2899,0.00028459402,0.00010640966,5.187001e-06,7.173279e-05,0.00059835333
L1468,3.7873979e-06,1.8563005e-06,2.7570059e-06,4.6530913e-05,2.6955968e-07
L1472,0.0005436428,0.00033714995,1.013279e-05,0.00034774467,0.0015725568
L1540,0.0015596319,0.00024456903,0.0006783474,0.00021667965,0.00087317824
L1541,0.0003904067,0.00034594536,0.00010102242,0.00027231127,0.0015804637
L1588,6.0657505e-05,6.554322e-05,2.0041596e-05,6.645778e-05,0.00024114037
L1593,5.9584156e-05,5.3094234e-05,1.2985896e-05,6.315624e-05,0.00027767243
L1594,5.9569255e-05,5.315477e-05,1.3278797e-05,6.339373e-05,0.00027775206
L1595,5.5762008e-05,5.1730778e-05,9.421259e-06,5.4799486e-05,0.00026101433
L2616,4.0292507e-06,1.9103318e-06,1.7174025e-06,6.337816e-05,
L2757,2.1941989e-05,1.4688092e-05,3.976893e-06,6.08922e-06,3.3114397e-05
L2887,0.00046657026,0.00027868152,0.00011198409,0.00024642423,0.0008825734
L437,2.332963e-06,1.5133992e-06,1.943903e-06,9.36538e-06,0.00020458247
L445,1.0576332e-06,6.556511e-07,8.351635e-07,4.043337e-06,7.848698e-05
L446,9.743962e-07,6.1199535e-07,7.849885e-07,4.695379e-06,7.895497e-05
L1465,0.0007155612,0.0004799068,2.95192e-05,0.0005388148,0.0022326186
L1467,0.00071389973,0.00048150867,3.142655e-05,0.0005131513,0.0022331774
L1471,0.0001702793,0.00015072152,4.3286942e-05,0.000116888434,0.0006867396
L1475,0.0003899485,0.00034587458,0.000101391226,0.00027173758,0.0015796013
L1860,5.53641e-05,7.480942e-05,2.710661e-05,2.6077032e-06,7.4983574e-05
L1868,4.818698e-05,2.1045795e-05,2.6109163e-05,6.909715e-06,9.681401e-05
L2365,2.1464075e-10,6.548362e-11,1.4188117e-10,6.9849193e-10,1.1132215e-09
L1720,0.00047331257,0.000115315896,4.627742e-05,0.00027254503,0.00018231152
L1736,0.0005031219,0.000120001845,3.732089e-05,0.00026642345,0.00019156747
L2059,1.5873928e-05,1.8948456e-05,1.0980293e-06,3.0200463e-05,4.5304187e-06
L3148,7.6610595e-06,3.4137163e-05,5.0337985e-07,5.786121e-05,1.5765196e-05
L3149,1.1336058e-05,3.0316412e-05,2.4260953e-07,7.206015e-05,4.7632493e-06
L327,3.8604485e-06,1.8214225e-05,3.821915e-07,3.4923083e-05,1.9930303e-05
L516,2.2346503e-06,1.1312077e-06,1.1039083e-06,4.266732e-05,9.866839e-06
L913,1.2213131e-06,7.869676e-07,5.947659e-07,1.459755e-05,4.5170193e-05
L914,5.310285e-07,3.1088712e-07,2.3265602e-07,5.6050485e-06,2.3501227e-05
L916,3.0529918e-07,1.4901161e-07,1.0925578e-07,2.5501358e-06,2.5404734e-05
L917,2.0273728e-07,7.543713e-08,5.3318217e-08,1.1611264e-06,7.9293386e-07
L976,5.3045573e-05,2.7166214e-05,1.937151e-07,6.329478e-05,3.0172523e-06
L1026,6.6794455e-06,4.033558e-06,6.761402e-06,0.00022287201,0.00019376678
L1076,8.3222985e-06,3.3136457e-06,7.4654818e-06,0.00037681405,0.00033599976
L1222,1.7356128e-05,3.7373975e-06,4.304573e-06,,
L1756,0.0001932662,0.00015741866,4.328601e-05,0.00013552047,0.00073496345
L2929,0.00022824854,0.00017262436,4.5892783e-05,0.0001091836,0.0008352995
L906,7.034745e-06,4.7646463e-06,7.5018033e-06,0.00018488523,0.00017332146
L1367,1.6391277e-07,8.35862e-08,9.1735274e-08,2.0827167e-05,0.00031977333
L1431,7.209601e-07,3.0186493e-07,8.6613e-08,7.994671e-05,0.00022298621
L1875,0.00016944204,0.00011391565,7.557031e-05,3.6564656e-05,0.00022305828
L2233,1.382432e-10,5.820766e-11,1.4551915e-10,7.203198e-10,1.0841177e-09
L2407,6.2006293e-06,4.829606e-06,1.8076971e-06,2.5862479e-05,6.470119e-05
L2535,1.4269026e-05,9.178184e-06,1.6018748e-07,3.7228456e-05,4.532677e-05
L2540,8.878065e-06,7.0093665e-06,2.6829075e-06,3.942754e-05,
L2549,9.035924e-06,3.4668483e-06,6.537419e-06,8.451729e-05,8.8825356e-05
L2579,3.5349512e-06,9.916257e-07,1.7088605e-06,,
L2580,9.374926e-07,3.4747063e-07,7.209019e-07,1.8495659e-05,3.0055526e-07
L2586,2.3900648e-06,6.170594e-07,1.2466335e-06,3.592344e-06,2.9352726e-05
L2599,6.085029e-07,3.024761e-07,4.0215673e-07,1.47283135e-05,3.8579165e-06
L2881,0.00013856031,7.553771e-05,2.0686537e-05,0.00043220446,2.0671636e-05
L3198,1.4503603e-06,5.230657e-06,7.30576e-06,9.039708e-06,1.7651066e-05
L3234,4.5242952e-05,1.666753e-05,2.0580133e-05,7.327413e-06,
L1122,8.32323e-06,3.3127144e-06,7.4654818e-06,0.00037681218,0.0003360007
L1989,8.190051e-06,2.9427465e-06,2.6510097e-06,1.5843194e-05,4.910398e-07
L2089,1.4640391e-06,9.216834e-06,4.1029416e-06,1.3088342e-05,0.00014927238
L3124,8.034054e-06,2.859626e-06,2.5799964e-06,1.762854e-05,1.5085097e-06
L383,1.4992431e-05,4.4615008e-05,2.7296133e-05,0.0006958535,0.0004003113
L600,6.4019114e-06,1.5101396e-05,6.311573e-06,0.0006242404,0.0002888469
L661,1.8458813e-06,9.879004e-06,3.908761e-06,4.4716056e-05,0.00014593266
L670,1.6898848e-06,9.756535e-06,3.9879233e-06,4.6948437e-05,0.00014713872
L2682,0.00017378479,0.00018100161,1.789676e-05,0.00021335343,1.8444844e-05
L1195,2.4881214e-05,1.6227365e-05,1.1984259e-05,0.00029112212,0.00010173768
L1196,2.6239082e-05,1.549907e-05,1.0868534e-05,0.00031591207,9.6516684e-05
L1199,2.7799979e-05,1.3012439e-05,7.685274e-06,0.00070475973,0.00010014698
L1209,2.5700778e-05,1.6855076e-05,1.4016405e-05,0.0001902692,5.8133155e-06
L295,1.1103228e-05,8.381903e-09,7.6461583e-07,0.00010550395,0.00014122576
L2144,0.00013987208,4.9311202e-05,8.903723e-05,0.0005763867,0.0001706793
L2989,1.0956544e-05,8.247909e-06,1.5882018e-05,,
L3040,3.2825512e-05,1.3142824e-05,2.0125182e-05,7.274555e-05,
L2038,5.745329e-06,2.5253743e-05,2.6083551e-05,0.00031110272,0.00019389391
L2056,2.6058406e-06,2.5461894e-05,2.1690503e-06,0.00015257765,7.548835e-05
L3122,5.519949e-06,2.5353394e-05,2.5978312e-05,0.00030473806,0.00019118749
L376,2.765935e-05,7.260591e-05,3.3219345e-05,0.00040615816,0.00037444476
L386,4.38001e-05,2.1830201e-05,5.9574842e-05,0.0011566933,0.000636315
L2629,3.7292717e-05,3.102119e-05,1.4218735e-05,6.960891e-05,2.5958056e-05
L156,3.9916486e-06,1.1436641e-06,3.8556755e-07,2.880022e-05,3.111735e-05
L184,4.068017e-06,1.1008233e-06,4.1350722e-07,2.7993694e-05,3.0640513e-05
L74,3.2782555e-07,1.7881393e-07,1.2479722e-07,3.574416e-06,2.1290034e-06
L81,8.2328916e-07,4.5262277e-07,3.1851232e-07,3.1212345e-05,3.5157427e-05
L2423,1.9017607e-05,7.319264e-06,1.3760757e-05,0.00016650045,0.00016872538
L2504,1.9557774e-08,1.0157237e-08,2.6251655e-08,1.1769589e-07,0.00013718242
L2364,5.131215e-05,0.00027289055,0.000111087225,0.00032835593,0.0011835615
L2950,2.1340675e-05,1.3321522e-05,2.5435467e-05,6.4504566e-06,7.9492806e-05
L1374,8.2179904e-05,4.1037798e-05,2.0563602e-05,0.0002772659,0.00059361756
L1437,8.222461e-05,4.10676e-05,2.0325184e-05,0.00015071034,0.00033953786
L1438,8.277595e-05,4.133582e-05,2.0489097e-05,0.00015819073,0.00034463406
L1439,8.277595e-05,4.133582e-05,2.0474195e-05,0.00015817583,0.00034457445
L1440,8.140504e-05,4.0650368e-05,2.0071864e-05,0.00012879074,0.0002913475
L1441,8.0645084e-05,4.027784e-05,1.9878149e-05,0.00012747943,0.00028842688
L1442,8.313358e-05,4.1514635e-05,2.0459294e-05,2.7388334e-05,0.00026896596
L1443,8.328259e-05,4.158914e-05,2.0444393e-05,2.7865171e-05,0.00027035177
L1447,8.125603e-05,4.0575862e-05,2.0086765e-05,0.00012816489,0.00032633543
L1449,8.0659986e-05,4.0262938e-05,1.9907951e-05,0.00012750924,0.00028842688
L1452,8.353591e-05,4.1738153e-05,2.0459294e-05,2.8505921e-05,9.164214e-05
L1453,8.3863735e-05,4.1902065e-05,2.0459294e-05,2.9236078e-05,2.3841858e-06
L1454,8.3848834e-05,4.1887164e-05,2.0459294e-05,2.9221177e-05,2.399087e-06
L1460,2.2985041e-05,1.1779368e-05,2.7574599e-05,0.0002867505,0.0005474761
L2085,8.1792474e-05,4.082918e-05,2.0474195e-05,0.00026634336,0.0005877763
L2095,8.404255e-05,4.197657e-05,2.0503998e-05,4.3958426e-05,3.0249357e-06
L2458,8.1688166e-05,4.0754676e-05,2.0861626e-05,0.00044099987,0.0013198704
L2459,8.2194805e-05,4.1037798e-05,2.0563602e-05,0.000277251,0.00059363246
L2500,8.305907e-05,4.146993e-05,2.0474195e-05,0.00012111664,0.00026860833
L2515,8.378923e-05,4.185736e-05,2.0459294e-05,2.9116869e-05,2.0116568e-06
L2517,8.442998e-05,4.2185187e-05,2.05338e-05,4.3272972e-05,4.9471855e-06
L2518,8.456409e-05,4.2259693e-05,2.0518899e-05,4.3079257e-05,5.543232e-06
L394,4.3803826e-05,2.1826476e-05,5.957298e-05,0.0011568796,0.00063639134
L1773,0.008914739,0.0023811013,0.0012150407,0.0036879405,0.0061742067
L2452,8.158386e-05,4.0709972e-05,0.00011073053,0.0005055666,0.001768142
L2453,8.158386e-05,4.0709972e-05,0.00011071563,0.0005055815,0.0017681122
L3265,0.00019291323,0.0001572622,4.4120476e-05,0.00013474654,0.00073344447
L503,3.080815e-06,2.40691e-05,2.3908913e-05,9.9826604e-05,5.7194382e-05
L3171,0.0048014075,0.00072643906,5.6494027e-05,0.0013102703,0.0018295683
L1001_1,2.0633888e-07,2.7767237e-07,3.7978316e-07,6.242597e-06,1.4536534e-05
L1002_1,2.795132e-07,2.340239e-07,4.251051e-07,5.663169e-06,1.513226e-05
L1026_1,6.652903e-06,4.048925e-06,6.7465007e-06,,
L103_1,1.5730038e-06,2.476736e-06,1.62574e-07,1.4108024e-05,1.19006145e-05
L1043_1,6.04456e-06,1.3643439e-06,1.5943369e-06,,
L1043_2,4.170666e-06,9.450887e-07,1.1005177e-06,6.3943444e-06,9.506897e-06
L1043_4,1.9280778e-06,4.4342596e-07,5.096663e-07,3.0318552e-06,4.3060645e-06
L1049_1,1.982553e-07,8.783536e-08,3.0564843e-07,1.6328268e-06,
L1050_1,2.22979e-07,9.893847e-08,3.5125413e-07,3.963239e-05,1.1132215e-09
L1076_2,8.3222985e-06,3.3136457e-06,7.4654818e-06,,
L1089_1,2.6868656e-07,1.3163663e-07,2.5419286e-07,2.3569446e-06,1.8528139e-05
L1099_2,5.3449185e-08,3.0711817e-08,3.1883246e-08,5.225593e-07,3.2179378e-07
L1109_2,4.580943e-08,1.2922101e-08,3.0588126e-08,6.0972525e-08,6.342598e-07
L1122_2,8.504838e-06,3.2158569e-06,7.575378e-06,0.00037538167,0.00033521466
L1123_1,5.523907e-07,3.259629e-08,4.672911e-07,2.5287736e-05,1.5364029e-05
L1148_1,5.977927e-08,3.2581738e-08,3.6532583e-08,5.31385e-07,2.8140494e-07
L1175_2,5.820766e-10,4.235335e-08,3.932655e-09,5.9534896e-06,6.3155494e-07
L1208_1,6.085611e-08,4.5925844e-08,1.44777e-07,2.698852e-05,1.0841177e-09
L1208_2,1.260778e-07,9.514042e-08,2.9987132e-07,2.631647e-05,
L1209_1,2.541393e-05,1.663901e-05,1.3329089e-05,0.00018732809,
L1209_2,2.5155023e-05,1.6439706e-05,1.26846135e-05,,
L1225_1,5.8276346e-06,9.903451e-07,7.235212e-07,2.7689035e-05,3.682333e-06
L1225_2,5.6532444e-06,1.0980293e-06,1.0735821e-06,2.9135728e-05,1.1154916e-06
L1225_3,5.479902e-06,1.208391e-06,1.4301622e-06,3.062864e-05,1.4966354e-06
L1229_1,5.3280964e-06,1.1613593e-06,1.3486715e-06,1.39919575e-05,1.0066433e-06
L1230_1,7.3129777e-06,1.4337711e-06,1.4302786e-06,6.353995e-05,1.755287e-05
L1247_1,2.8210343e-07,8.515781e-08,4.3475302e-07,,
L1248_1,9.8894816e-08,8.320785e-08,1.549779e-07,3.8296028e-05,
L1312_1,3.8673898e-06,8.9014065e-07,1.0532822e-06,,
L1312_2,2.1329834e-06,5.1136885e-07,6.1199535e-07,2.869805e-06,4.612579e-06
L1333_1,5.4711127e-06,1.2498931e-06,1.6586448e-05,,
L1333_2,2.8367504e-06,2.582441e-06,1.5599304e-05,2.8039736e-05,4.272908e-06
L1333_3,3.374298e-07,3.735302e-06,1.4282123e-05,3.6147656e-05,1.2331293e-06
L1340_1,6.1743776e-08,3.282912e-08,,,
L1343_1,4.3939508e-08,2.5538611e-08,1.9033905e-08,,
L1360_1,3.776222e-08,2.2046152e-08,1.599983e-08,4.2494503e-07,2.445886e-07
L1367_1,1.5203841e-07,7.7532604e-08,8.4983185e-08,2.2384571e-05,0.00032143085
L1370_1,3.579771e-08,1.8218998e-08,1.9965228e-08,1.7840357e-05,7.2621566e-05
L1371_1,1.4016405e-07,7.171184e-08,7.846393e-08,6.1597675e-06,
L1379_1,7.392373e-09,3.790774e-09,4.1691237e-09,9.736104e-07,1.0572403e-06
L1385_1,9.336509e-08,4.7730282e-08,5.227048e-08,4.0605664e-05,0.0001807448
L1395_1,6.8394e-09,3.4924597e-09,3.8271537e-09,9.250143e-07,1.4077596e-06
L1395_2,3.4560799e-09,1.7607817e-09,1.9281288e-09,4.6721834e-07,7.110648e-07
L1398_1,5.5122655e-08,2.7823262e-08,3.0442607e-08,6.579852e-06,0.00012052612
L1400_1,5.2386895e-09,2.750312e-09,3.099558e-09,2.2892345e-07,1.2609176e-05
L1400_2,2.0008883e-09,1.0986696e-09,1.2878445e-09,6.700211e-07,1.1945158e-05
L1405_1,3.3251126e-09,1.6952981e-09,1.8480932e-09,4.5030902e-07,6.8126974e-07
L1411_1,9.7206794e-08,4.9592927e-08,5.4598786e-08,1.667277e-05,0.00024778536
L1415_1,1.2246892e-07,6.239861e-08,6.845221e-08,1.5005469e-05,0.00034358504
L1415_3,1.2828968e-07,6.565824e-08,7.171184e-08,1.4235498e-05,
L1422_1,6.530172e-09,3.2159733e-09,3.4597178e-09,1.7980346e-06,4.123303e-05
L1428_1,1.24418875e-08,6.184564e-09,6.868504e-09,5.072652e-07,1.2112127e-05
L1444_1,1.08149834e-07,5.5442797e-08,2.240995e-09,3.4400728e-07,9.473006e-07
L1444_2,5.4234988e-08,2.780871e-08,1.1350494e-09,1.724984e-07,4.7507638e-07
L1449_1,8.0659986e-05,4.0262938e-05,1.9907951e-05,0.00012756884,0.000288561
L1451_1,1.4019315e-07,7.1537215e-08,5.151378e-09,3.5823905e-07,0.00017973901
L1455_1,5.985203e-08,3.0529918e-08,4.452886e-09,1.272856e-07,3.6908023e-07
L1460_1,2.2985041e-05,1.1779368e-05,2.7574599e-05,0.0002867505,0.0005474761
L1485_1,6.6589564e-08,3.381865e-08,1.05646905e-08,8.098141e-08,2.6472844e-07
L1492_1,9.094947e-08,4.612957e-08,1.4479156e-08,1.105509e-07,
L1492_2,4.722824e-08,2.3945177e-08,7.530616e-09,5.7421857e-08,1.9138679e-07
L1495_1,1.2194505e-07,6.1816536e-08,1.945591e-08,1.4824036e-07,4.8510265e-07
L1495_3,3.8293365e-08,1.9404979e-08,6.1190804e-09,4.656613e-08,1.5235855e-07
L1500_1,1.0752614e-05,4.1862368e-06,3.5871053e-06,,
L1500_2,1.1407275e-05,4.335132e-06,3.6435958e-06,9.132898e-06,1.9197032e-05
L1546_1,3.872346e-05,3.2719458e-05,2.9702205e-06,1.39810145e-05,0.00011762802
L1546_2,3.763009e-05,3.143237e-05,2.9178336e-06,1.4763791e-05,0.00011228304
L1548_1,3.246311e-05,2.2895634e-05,2.6349444e-06,1.3316749e-05,0.00011591916
L1551_1,1.5828264e-06,7.683411e-09,6.2734034e-07,1.3294193e-06,2.157889e-06
L1560_1,9.978467e-07,1.7087586e-07,2.9465446e-07,,
L1566_1,1.4696154e-05,1.0618824e-05,1.3585668e-06,1.0845019e-05,5.7755387e-05
L1566_2,1.4609541e-05,1.0287506e-05,1.3386598e-06,1.1326862e-05,5.647377e-05
L1566_3,1.4542835e-05,1.0000658e-05,1.3207318e-06,1.1730241e-05,5.53563e-05
L1586_2,6.3027255e-05,6.9216825e-05,2.053054e-05,9.583309e-06,0.00025160285
L1587_1,6.0168095e-06,1.2169767e-06,1.1073425e-06,0.000117312244,7.0082897e-06
L1587_2,4.129077e-06,8.350471e-07,7.59901e-07,0.000120127675,3.5575358e-06
L1587_3,2.1837768e-06,4.415342e-07,4.018657e-07,,
L1614_1,1.2237288e-06,5.158654e-08,3.515015e-07,2.0374428e-06,1.998531e-06
L1614_3,6.3105836e-07,7.203198e-09,2.5704503e-07,9.760697e-07,9.977957e-07
L1617_1,2.1097367e-06,6.555347e-07,1.1322554e-06,3.7177233e-06,4.481693e-05
L1618_2,3.9325096e-07,7.261406e-08,1.7612183e-07,9.0076355e-07,4.6445348e-07
L1620_1,4.9878145e-07,1.9442814e-07,3.1590753e-07,5.8130536e-07,
L1641_1,4.2846586e-06,1.4606776e-06,1.9718645e-06,,
L1662_2,7.053302e-05,0.00025606994,6.0413964e-05,1.2298813e-05,0.00016208133
L1789_1,1.6053673e-06,3.7439167e-07,5.0604285e-07,3.270281e-06,4.386806e-06
L1791_1,6.4176857e-07,1.5031401e-07,2.0319567e-07,1.1533702e-06,1.7465281e-06
L1844_2,4.5135603e-06,5.841139e-07,1.4175166e-06,3.474734e-05,4.1290477e-06
L1844_3,2.636014e-06,3.5971607e-07,9.760697e-07,,
L1855_1,9.771669e-06,8.365023e-07,2.9384391e-06,5.0992356e-05,
L1855_2,8.669478e-06,7.4433046e-07,2.6389025e-06,,
L1855_4,7.3798e-06,6.3647167e-07,2.2884342e-06,,
L1856_1,3.8866565e-06,3.1411764e-07,1.1056545e-06,1.0257267e-05,8.357209e-06
L1856_2,1.9121871e-06,1.4924444e-07,5.6917634e-07,5.0414237e-06,4.115893e-06
L1858_1,1.7850427e-05,1.5479745e-06,5.8469595e-06,6.582454e-05,7.424678e-05
L1861_1,6.521004e-07,3.009336e-08,2.1638698e-08,9.4316783e-07,7.4887066e-07
L1868_1,4.6434347e-05,2.102519e-05,2.5991816e-05,9.423122e-06,9.3637966e-05
L1868_2,4.4640503e-05,2.100633e-05,2.5868765e-05,1.1995784e-05,9.038113e-05
L1882_1,4.587331e-06,4.2672036e-07,1.3509562e-06,6.657214e-05,
L1882_2,2.4457477e-06,2.1611777e-07,7.578783e-07,,
L1889_1,2.0863372e-05,1.9947765e-06,6.073271e-06,0.00037153182,1.7402112e-05
L189_1,1.8408173e-09,1.9987056e-08,1.4544639e-08,4.200192e-07,2.4423207e-07
L1893_1,4.950969e-06,4.771864e-07,1.4924444e-06,0.00012236602,2.7606147e-06
L1893_2,3.2307871e-06,3.115274e-07,1.019449e-06,,
L1893_3,1.5369587e-06,1.485314e-07,5.537586e-07,,
L1900_1,1.2449018e-06,1.2009696e-07,3.425157e-07,2.4876426e-06,1.9910367e-06
L1901_1,4.9057417e-06,4.5559136e-07,1.4537072e-06,2.6161259e-05,6.3416664e-06
L1908_1,4.4650515e-06,3.3962715e-07,1.195338e-06,3.905734e-06,
L1908_2,3.0335505e-06,2.3070606e-07,8.120842e-07,2.6535854e-06,
L1908_3,1.4963298e-06,1.137596e-07,4.0055602e-07,1.3089375e-06,3.647161e-06
L1909_1,6.552713e-06,7.7523873e-07,2.5448826e-06,5.6764547e-06,1.4877369e-05
L1943_1,1.6162812e-07,8.230563e-08,1.6094418e-08,3.8253595e-05,6.202026e-07
L1943_3,1.2064993e-07,6.1438186e-08,1.2019882e-08,3.836138e-05,4.0556915e-07
L1943_4,8.082861e-08,4.1160092e-08,8.047209e-09,,
L1943_5,3.758032e-08,1.9135769e-08,3.747118e-09,1.05537765e-07,1.9690924e-07
L1945_1,2.0337757e-07,1.0358053e-07,2.142042e-08,3.5605626e-07,1.018605e-06
L1945_2,1.0378426e-07,5.2852556e-08,1.0928488e-08,1.8172432e-07,5.1983807e-07
L1965_1,2.689357e-05,6.42697e-06,1.18577445e-05,3.9832317e-05,1.9664294e-06
L1965_2,2.5401241e-05,6.501825e-06,1.1699798e-05,3.670901e-05,5.3070253e-06
L1965_3,2.3903907e-05,6.583752e-06,1.1600612e-05,3.3546152e-05,8.68534e-06
L1965_4,2.2273452e-05,6.6912908e-06,1.1469645e-05,3.0162715e-05,
L1965_5,2.0749634e-05,6.7846267e-06,1.1359429e-05,2.7013186e-05,
L1969_1,4.120957e-07,1.7981802e-07,6.1513856e-07,3.0958763e-06,4.5264314e-06
L1970_1,4.2331667e-06,1.1300654e-06,1.0008152e-06,3.3571196e-06,7.968032e-06
L1980_1,1.9267973e-06,1.8615538e-07,5.5549026e-07,3.2277792e-05,1.5472178e-06
L1980_2,9.642026e-07,9.357609e-08,2.9087823e-07,,
L1989_1,8.226372e-06,2.9618386e-06,2.6666094e-06,1.5431084e-05,2.561137e-07
L199_1,9.98989e-09,1.6909325e-08,1.3504177e-08,3.969035e-07,2.0471634e-07
L1999_1,3.9515726e-08,2.100569e-08,1.7906132e-08,4.8261427e-07,2.8505747e-07
L2000_1,1.375156e-07,7.3137926e-08,6.23113e-08,2.784247e-05,2.6503272e-05
L2005_1,5.9473678e-08,3.1592208e-08,2.6957423e-08,6.753471e-07,
L2013_1,2.1763844e-07,1.1565862e-07,3.5367382e-05,2.0147418e-06,1.1468655e-06
L2029_1,6.548362e-11,2.910383e-11,2.910383e-11,8.1490725e-10,4.802132e-10
L2029_2,4.1807652e-08,2.0983862e-08,2.1071173e-08,4.5224442e-07,2.541783e-07
L2035_1,5.7989382e-08,2.7837814e-08,3.0144292e-08,6.0854654e-07,7.474082e-07
L2035_2,1.19020115e-07,5.714537e-08,6.190385e-08,1.2490054e-06,
L2054_1,9.634532e-07,2.3633707e-05,1.3741665e-06,0.00012239022,5.8872625e-05
L2069_1,3.567402e-08,1.8284481e-08,1.7578714e-08,3.9149745e-07,2.2046152e-07
L207_1,5.6636054e-08,6.8801455e-08,5.5355486e-08,1.4933175e-06,8.0815516e-07
L207_2,3.8475264e-08,4.674075e-08,3.760215e-08,1.0153162e-06,5.494803e-07
L2077_1,3.3251126e-08,1.7680577e-08,1.5075784e-08,,
L2095_1,8.404255e-05,4.197657e-05,2.0503998e-05,4.3958426e-05,3.0249357e-06
L2108_3,1.4298683e-05,5.35688e-06,2.561428e-07,2.2260749e-05,8.87597e-06
L2112_1,3.7486316e-05,1.4712103e-05,7.2764815e-06,6.962064e-05,4.1268737e-05
L2115_1,2.9994291e-05,9.8008895e-06,5.6821154e-06,9.418593e-05,2.8753071e-05
L2115_2,2.7169997e-05,9.366311e-06,5.0244853e-06,,
L2153_1,7.700786e-06,2.6749622e-06,3.7939171e-06,8.809322e-06,1.088166e-05
L2194_1,4.5566703e-06,2.5652116e-07,1.4075777e-06,9.088544e-06,8.758041e-06
L2194_2,3.6218262e-06,2.3322355e-07,1.1396478e-06,7.231938e-06,6.8866066e-06
L2200_1,5.66979e-08,2.1447704e-07,3.0116644e-07,5.2530268e-06,
L2200_2,7.82602e-08,2.60261e-08,1.10143446e-07,1.097417e-05,1.1552755e-05
L2201_1,1.5082769e-06,9.713403e-06,7.111812e-07,2.5154499e-05,
L2211_1,4.726462e-08,2.431625e-08,7.727067e-09,2.0799052e-07,6.5678614e-07
L2211_2,2.374145e-08,1.2209057e-08,3.8926373e-09,1.04439096e-07,3.2981916e-07
L2216_1,8.6729415e-09,4.5110937e-09,1.162698e-08,5.2212272e-08,
L2222_1,1.4915713e-09,7.712515e-10,2.0008883e-09,9.0149115e-09,3.203604e-08
L2223_1,1.4624675e-08,7.516064e-09,1.375156e-09,5.5297278e-08,1.5183468e-07
L2224_1,5.3085387e-08,2.7343049e-08,8.716597e-09,2.2808672e-07,6.289047e-07
L2224_2,2.4629117e-08,1.2667442e-08,4.0381565e-09,1.0574149e-07,2.9157673e-07
L2225_1,4.4942135e-07,2.2799941e-07,9.6450094e-08,,
L2227_1,2.4614565e-08,1.2681994e-08,4.0454324e-09,,
L2229_1,4.892354e-08,2.500019e-08,2.4738256e-09,1.166045e-07,3.4486584e-07
L2230_1,1.5762635e-06,7.8743324e-07,3.913883e-07,7.953029e-06,1.8655788e-05
L2230_2,1.5900005e-06,7.9441816e-07,3.8999133e-07,7.888535e-06,1.880643e-05
L2230_3,1.6035046e-06,8.016359e-07,3.8906e-07,7.83219e-06,
L2232_1,4.400499e-08,2.2933818e-08,0.00013167452,1.9668369e-07,7.143058e-05
L2233_1,2.6305497e-07,9.831274e-08,2.9469084e-07,1.4863472e-06,2.2207823e-06
L2246_1,3.2257958e-07,9.9600584e-08,1.438384e-07,5.944021e-07,2.5700137e-07
L2248_1,1.8188002e-06,2.2386666e-07,5.040347e-07,1.8016435e-06,2.8895302e-06
L2299_1,4.078611e-06,9.573996e-07,3.8805592e-07,5.4112897e-06,2.0782318e-06
L2299_2,2.9984803e-06,7.991912e-07,1.6346166e-07,6.3568586e-06,
L2316_1,6.041955e-08,3.085006e-08,2.2118911e-09,1.5451224e-07,6.2031904e-07
L232_1,2.7932401e-08,1.6123522e-08,1.2245437e-08,3.1692616e-07,2.8792783e-05
L233_1,1.8189894e-09,1.7338607e-08,1.2580131e-08,,
L2363_1,1.3940735e-06,1.2137927e-05,6.0378807e-07,,
L2390_1,7.3025876e-07,1.7351704e-07,3.2568641e-07,1.0471733e-05,5.394133e-06
L2400_1,1.1445081e-06,2.7904753e-07,4.6991045e-07,2.3152097e-06,1.174747e-06
L241_1,1.5934347e-07,9.150244e-08,6.405753e-08,3.303177e-05,7.2229275e-05
L241_2,1.2549572e-07,7.2061084e-08,5.0466042e-08,3.3415214e-05,7.2470924e-05
L241_3,9.778887e-08,5.614129e-08,3.9319275e-08,,
L2463_2,2.1595042e-08,1.1030352e-08,1.2136297e-08,2.890767e-06,3.4625991e-06
L2465_1,2.2322638e-08,1.1379598e-08,1.2456439e-08,2.9875955e-06,
L2465_2,1.07247615e-08,5.486072e-09,6.009941e-09,1.4368416e-06,1.8447754e-06
L2469_1,9.596988e-09,5.2532414e-09,5.828042e-09,3.4845652e-06,7.074805e-05
L2469_2,1.6851118e-08,8.949428e-09,9.895302e-09,4.472109e-06,6.9254034e-05
L2478_1,1.2732926e-08,6.6356733e-09,5.6286808e-08,7.645576e-08,2.8201612e-07
L2479_1,1.1044904e-08,5.7480065e-09,4.233152e-08,6.6531356e-08,2.4569454e-07
L2479_2,5.0640665e-09,2.6338967e-09,1.9397703e-08,3.0478986e-08,1.1262455e-07
L2480_2,1.4333636e-07,7.372e-08,2.3428584e-08,6.304472e-07,1.9908766e-06
L2480_3,7.3283445e-08,3.768946e-08,1.1976226e-08,3.224559e-07,1.0181975e-06
L2483_1,5.0160452e-08,2.5815098e-08,8.20728e-09,2.2072345e-07,3.8761136e-05
L2483_2,3.6437996e-08,1.8742867e-08,5.9662852e-09,1.6021659e-07,
L2487_1,4.0000305e-07,2.0250445e-07,1.04890205e-07,1.0929711e-05,5.8262376e-06
L2489_1,1.12486305e-08,5.798938e-09,1.8553692e-09,5.061156e-08,1.3679528e-07
L2495_1,4.5038178e-08,2.3152097e-08,4.2200554e-09,1.7024286e-07,4.6561763e-07
L2498_1,1.3191311e-08,6.7739165e-09,7.057679e-10,4.733738e-08,1.2792589e-07
L2502_1,3.6743586e-08,1.8859282e-08,1.6007107e-09,9.3868584e-05,1.8553692e-10
L2504_1,2.5902409e-08,1.344597e-08,3.4749974e-08,1.5599653e-07,0.00013703512
L251_1,1.2703822e-08,2.531524e-07,1.7389539e-08,8.8548404e-07,2.679153e-07
L2551_1,2.0109e-06,6.7119254e-07,1.2340024e-06,1.5561178e-05,2.165843e-05
L2551_2,1.7925631e-06,6.381306e-07,1.2029195e-06,1.6120437e-05,2.193288e-05
L2551_3,1.6079866e-06,6.100745e-07,1.1766097e-06,1.6593724e-05,2.2165303e-05
L2559_1,9.961368e-07,3.1475793e-07,5.759066e-07,,
L256_1,6.6589564e-08,1.3266108e-06,9.109499e-08,,
L2565_1,1.8248102e-06,4.992471e-07,9.2556e-07,2.8659182e-05,3.0873634e-05
L2577_2,4.966423e-07,2.3833127e-07,4.8225047e-07,1.1091106e-05,1.1965967e-05
L2584_1,9.4631105e-07,2.925226e-07,5.3222175e-07,1.1135417e-06,4.046684e-06
L2592_1,2.1780579e-07,7.473864e-08,1.4506804e-07,3.1219897e-06,
L2597_1,4.369649e-07,1.4252146e-07,2.097222e-07,5.629263e-06,9.4261486e-07
L2603_1,5.1218376e-07,1.1578959e-07,1.7158163e-07,1.1138909e-06,5.909824e-07
L2608_1,2.2282911e-06,2.0198058e-07,1.3920362e-07,3.5835837e-06,4.117712e-06
L2610_1,1.453518e-06,1.8501305e-07,4.289759e-07,1.8775463e-06,
L2612_1,1.2024248e-06,2.4450128e-07,2.42042e-07,1.376844e-06,2.1128217e-06
L2616_1,4.890724e-06,1.2372038e-07,1.216511e-06,,
L2616_3,5.767797e-06,2.1200685e-06,6.905175e-07,,
L2638_1,1.8312276e-06,2.3243774e-07,3.7415884e-07,1.7220591e-06,2.796136e-06
L2639_1,7.8909943e-07,9.98989e-08,1.6100967e-07,7.385388e-07,1.2040036e-06
L2650_1,1.2806559e-06,1.0587682e-06,7.531489e-07,1.9173312e-06,4.387868e-06
L2657_1,1.2360979e-06,1.5843107e-06,7.1433897e-07,9.927608e-07,
L2662_1,7.47382e-06,4.804322e-06,1.8112551e-06,9.328811e-06,3.3395045e-06
L2662_2,8.924115e-06,4.3885157e-06,1.2956189e-06,6.018283e-06,4.7242793e-08
L2665_1,1.1651398e-05,7.2694966e-06,2.7038332e-06,,
L2665_2,1.2879464e-05,7.114344e-06,2.4532055e-06,2.1888991e-07,3.3458055e-06
L2677_1,3.961273e-05,1.6318852e-05,7.087365e-07,7.9756865e-06,1.8917926e-06
L2678_1,2.8699826e-05,1.12129055e-05,4.4221815e-07,,
L2678_2,3.1362826e-05,1.1170458e-05,7.135677e-07,,
L2678_3,3.258267e-05,1.1017037e-05,9.623473e-07,3.037331e-05,2.355635e-06
L2681_1,7.968274e-05,2.5549729e-05,3.187859e-06,,
L2682_1,0.00017573172,0.00018075341,1.749862e-05,0.0002151751,2.1418091e-05
L2687_1,6.8410627e-06,2.0071493e-06,1.429049e-06,6.8400586e-06,3.131623e-06
L2687_2,4.168067e-06,2.0640364e-06,9.421783e-07,3.242878e-06,
L2696_2,1.2950768e-06,1.5940168e-07,2.6646012e-07,1.21622e-06,2.1073793e-06
L270_1,1.00408215e-08,1.4384568e-08,1.3664248e-08,,
L2716_1,8.7235094e-07,1.1371594e-07,1.7865386e-07,,
L2725_2,3.532623e-06,1.1782686e-06,4.9971277e-07,1.7514103e-06,3.645575e-06
L2730_1,4.3493346e-06,8.0416794e-07,1.94741e-06,4.139918e-06,3.577747e-05
L2730_2,2.6181806e-06,5.74204e-07,1.5450714e-06,2.555833e-06,
L2742_1,1.9601284e-06,2.8246723e-07,5.9971353e-07,1.958615e-06,3.8890284e-06
L2742_2,9.854048e-07,1.5328988e-07,3.647001e-07,1.0674557e-06,1.9856889e-06
L2775_1,1.247703e-06,1.1786433e-06,4.40461e-07,1.3052486e-06,1.4842481e-06
L2780_1,3.1944364e-07,5.7051693e-07,3.0689625e-07,2.5135232e-06,2.8103495e-06
L2780_2,2.0220214e-06,1.3089448e-06,4.1329622e-07,5.6078534e-06,3.9322003e-06
L2810_1,3.1490345e-05,3.5492703e-06,1.1251541e-06,1.7610379e-05,2.3764442e-06
L2825_1,1.7982322e-05,9.541691e-08,1.4740363e-07,2.0459564e-05,4.3605105e-06
L283_1,6.322807e-09,8.534698e-09,8.192728e-09,3.419991e-07,1.2377859e-07
L2850_1,1.7426442e-05,8.596806e-06,3.3034012e-06,5.2918447e-05,
L2861_1,7.010123e-06,5.175185e-06,6.8795634e-07,2.3941917e-05,3.175228e-07
L2867_1,4.4600165e-06,9.814539e-07,1.6951599e-06,3.2766984e-06,6.4052147e-06
L2870_3,7.72411e-05,4.891213e-05,0.00023315148,5.3693075e-05,0.0002741022
L2871_1,0.0002005957,9.850226e-05,3.2663345e-05,0.0005481243,7.773191e-05
L2875_1,0.00012038555,5.1986426e-06,0.00020361692,7.551629e-05,0.00036743795
L2875_2,0.00012188172,4.274305e-06,0.00020117685,7.671304e-05,0.00036870455
L2877_1,3.4624973e-06,7.577619e-07,1.4669058e-06,2.6455382e-06,4.8421643e-06
L2880_1,9.678479e-07,1.9801519e-07,2.6193447e-08,1.1419106e-06,
L2880_2,7.0974784e-07,6.28017e-07,7.977833e-07,3.513196e-07,3.538129e-05
L289_1,1.5214027e-08,2.3152097e-08,2.0714651e-08,7.8939775e-07,3.1628588e-07
L290_1,8.0843165e-08,4.663889e-08,3.2712705e-08,8.96609e-07,5.301408e-07
L290_2,4.06435e-08,2.3443135e-08,1.6443664e-08,4.5071647e-07,2.6648922e-07
L2930_3,0.00028119888,0.00014383439,2.594944e-05,0.00010045245,0.0006085858
L2936_1,1.6507052e-05,4.4756453e-06,1.11698755e-05,,
L2986_1,2.0165113e-05,8.483214e-06,2.8852373e-06,3.6202604e-05,1.6683509e-05
L2986_2,2.1747663e-05,8.564792e-06,3.3545366e-06,3.2617012e-05,1.941374e-05
L2989_3,1.2542587e-06,3.4607947e-06,1.935882e-05,,
L2989_4,1.6055012e-05,4.758971e-06,1.3231795e-05,,
L299_1,2.6309863e-08,1.5301339e-08,1.14087015e-08,3.1487434e-07,1.7479033e-07
L3002_1,7.771188e-06,3.3975812e-07,2.3331959e-06,1.5478989e-05,1.4384859e-05
L3002_2,7.0157694e-06,3.1926902e-07,2.1145097e-06,1.3976707e-05,1.2833043e-05
L3002_3,6.2701292e-06,3.001187e-07,1.9000145e-06,1.2494216e-05,1.1304626e-05
L3003_1,6.6692155e-07,4.4524495e-07,8.709758e-07,8.494535e-07,3.4006298e-06
L3003_2,3.59978e-07,2.2664608e-08,1.369699e-07,1.070337e-06,2.1951564e-08
L3003_3,1.6755948e-06,5.538459e-08,5.140755e-07,3.6817946e-06,2.7114584e-06
L3003_4,3.078545e-06,9.033829e-08,9.1631955e-07,6.4667693e-06,5.579728e-06
L301_1,3.312016e-08,1.9252184e-08,1.436274e-08,3.9483712e-07,3.5180066e-05
L3024_1,4.716043e-06,1.5793485e-06,1.7613638e-06,1.358756e-05,8.775882e-06
L3040_1,2.6541238e-05,1.2480596e-05,1.914968e-05,7.6339114e-05,1.5505299e-05
L3040_2,2.100208e-05,1.1664932e-05,1.8268358e-05,8.017442e-05,4.240952e-06
L3040_3,1.4824967e-05,1.0559917e-05,1.7381273e-05,,
L3040_4,8.071191e-06,9.605137e-06,1.6552105e-05,,
L3040_5,4.209869e-06,9.123294e-06,1.581118e-05,3.0526775e-05,7.226423e-06
L3040_6,3.3623655e-07,8.57783e-06,1.4991383e-05,2.4423993e-05,1.522986e-05
L3040_7,3.0927185e-06,8.19657e-06,1.4248595e-05,1.8589577e-05,
L3040_8,5.9727463e-06,7.630326e-06,1.2848352e-05,,
L3090_1,9.89312e-07,3.81493e-07,1.3215904e-06,2.3846223e-05,2.8950919e-05
L3090_2,7.6252036e-07,2.8288923e-07,9.721116e-07,,
L3090_3,5.604379e-07,1.9535946e-07,6.612245e-07,4.306872e-06,3.1691787e-05
L3090_4,3.2916432e-07,9.544601e-08,3.0570664e-07,2.3682078e-06,
L3091_1,2.205561e-07,6.085611e-08,2.2315362e-08,9.4906864e-07,5.3539407e-07
L3091_2,6.208138e-07,2.3507164e-07,5.9507147e-07,4.241956e-06,
L3097_1,3.0954834e-07,1.3614772e-07,4.7899084e-07,2.531975e-06,3.671681e-06
L3121_1,5.7014404e-07,8.796342e-07,1.4872057e-08,7.6691096e-05,1.913699e-05
L3121_2,1.899025e-07,4.3510227e-07,4.2680767e-07,8.001391e-05,2.155875e-05
L3122_1,5.5534765e-06,2.533663e-05,2.5995076e-05,0.00030575786,0.00019144267
L3128_1,5.6810677e-08,1.9761501e-07,1.3329554e-07,,
L3128_2,6.2864274e-08,2.1903543e-07,1.4778925e-07,6.034592e-05,0.0001096272
L3128_3,7.0082024e-08,2.4447218e-07,1.6496051e-07,5.9409882e-05,0.00010878476
L3128_4,7.706694e-08,2.6868656e-07,1.8125866e-07,5.8577047e-05,0.00010807224
L3128_5,8.393545e-08,2.924353e-07,1.9744039e-07,5.7772326e-05,0.000107393775
L3129_1,5.682523e-09,1.9768777e-08,1.3329554e-08,7.8978337e-07,7.6957076e-07
L3130_1,3.11411e-08,1.0855729e-07,7.3196134e-08,4.3381588e-06,0.0001122042
L3130_2,2.4592737e-08,8.5594365e-08,5.7683792e-08,3.42133e-06,
L3130_3,1.7695129e-08,6.15546e-08,4.1443855e-08,2.4593028e-06,
L3130_4,1.071021e-08,3.7049176e-08,2.4898327e-08,1.4794641e-06,
L3143_1,3.5877747e-08,2.0831067e-08,1.5577825e-08,4.0735904e-07,2.3256143e-07
L3209_1,3.5484554e-05,1.3101613e-05,1.6226782e-05,7.5105345e-06,6.451504e-05
L3209_2,3.6734156e-05,1.3165176e-05,1.6381382e-05,9.205425e-06,6.682682e-05
L3209_3,3.793533e-05,1.3228389e-05,1.6496982e-05,1.0865391e-05,6.905093e-05
L3234_1,4.771317e-05,1.6795355e-05,2.0692823e-05,1.0868302e-05,2.2898312e-05
L325_2,6.7993824e-08,6.8983354e-08,3.457535e-08,9.690702e-07,5.3866825e-07
L333_1,3.5128323e-08,3.6452548e-08,1.7796992e-08,4.987378e-07,
L334_2,6.031769e-08,6.2573235e-08,3.0573574e-08,8.553616e-07,4.731337e-07
L355_1,2.5465852e-11,1.0913936e-11,1.0913936e-11,2.6557245e-10,1.5279511e-10
L360_1,3.6619895e-08,1.7804268e-08,2.0132575e-08,3.7445716e-07,2.2396125e-07
L373_1,3.5412086e-08,1.697481e-08,1.93686e-08,,
L410_1,1.18176104e-07,6.213668e-08,6.9252565e-08,9.967625e-07,5.3769327e-07
L414_1,5.0837116e-08,2.6790076e-08,2.982415e-08,4.3219916e-07,2.3306347e-07
L419_1,2.1554297e-07,1.13563146e-07,1.2473902e-07,1.911074e-06,2.6646652e-05
L419_2,1.7671846e-07,9.313226e-08,1.02154445e-07,1.5653786e-06,2.6876281e-05
L434_1,1.7340062e-07,9.1444235e-08,1.0392978e-07,1.3783574e-06,7.422641e-07
L434_2,1.0925578e-07,5.7625584e-08,6.548362e-08,8.68371e-07,4.6761124e-07
L439_1,1.5564729e-07,5.758193e-08,9.697396e-08,3.6969868e-06,7.855543e-05
L439_2,1.05952495e-07,3.9173756e-08,6.596383e-08,2.5154004e-06,
L439_3,4.9869413e-08,1.8444553e-08,3.103196e-08,1.183631e-06,
L445_1,1.1491356e-06,7.034978e-07,8.903444e-07,3.3261022e-06,7.797603e-05
L458_1,7.376366e-08,3.8504368e-08,4.4179615e-08,5.928596e-07,2.8321287e-05
L458_2,3.727473e-08,1.9463187e-08,2.2329914e-08,2.9955117e-07,
L459_1,7.6543074e-07,5.9080776e-07,8.024508e-07,9.365263e-06,
L459_2,8.123461e-07,6.1513856e-07,8.302741e-07,8.984236e-06,0.0001001081
L460_1,3.5075936e-07,2.8690556e-07,3.6729034e-07,4.6881614e-06,
L460_2,3.9115548e-07,3.076857e-07,3.9098086e-07,4.3378095e-06,
L460_3,4.3667387e-07,3.3108518e-07,4.1769817e-07,3.9434526e-06,4.9615745e-05
L461_1,2.0147127e-07,1.990702e-07,3.0298543e-07,6.1031315e-06,1.580872e-05
L484_1,2.2008317e-07,1.907465e-07,2.5864574e-07,3.2389362e-06,5.2246352e-05
L503_1,3.1366944e-06,2.4024397e-05,2.3771077e-05,,
L525_1,4.9942173e-08,2.6593625e-08,2.2657332e-08,5.7961006e-07,3.3010292e-07
L546_1,1.9388244e-07,5.486436e-08,5.5624696e-08,1.2003875e-07,
L546_2,2.6863563e-07,9.464566e-08,8.950883e-08,9.880605e-07,7.018807e-06
L554_1,3.1846866e-08,3.1170202e-08,1.6130798e-08,4.5885827e-07,2.628949e-07
L592_1,4.172325e-07,1.4102552e-06,1.17113814e-07,5.753478e-05,4.7241338e-05
L601_1,3.502646e-08,2.7903297e-08,3.3557855e-05,3.237801e-10,1.7462298e-10
L611_1,7.903145e-08,7.529161e-08,3.9930455e-08,1.2274832e-06,7.0950773e-07
L611_2,3.6292477e-08,3.4582627e-08,1.8349965e-08,5.6361023e-07,3.25781e-07
L627_1,2.0729203e-08,1.8924766e-08,1.0528311e-08,,
L649_1,2.3498433e-07,7.5326534e-07,2.1298183e-07,8.49471e-06,2.4926965e-05
L653_2,5.87292e-06,1.4675781e-05,6.5788627e-06,,
L658_1,2.8724608e-06,3.5086414e-06,2.2057793e-06,,
L66_2,8.01665e-08,4.4179615e-08,3.1039235e-08,8.76782e-07,5.2232645e-07
L66_3,3.8417056e-08,2.116576e-08,1.4872057e-08,4.2027386e-07,2.503657e-07
L676_1,2.689194e-08,2.0954758e-08,1.3969839e-08,4.31214e-06,1.827284e-07
L7_1,7.345079e-08,3.801688e-08,4.5569323e-08,5.345428e-07,4.8680926e-05
L7_2,1.3517274e-07,6.995106e-08,8.3833584e-08,9.836222e-07,4.8418733e-05
L711_1,3.5960693e-07,1.6044069e-06,9.490468e-07,,
L726_1,3.653986e-08,2.8972863e-08,1.8604624e-08,5.2450196e-07,2.8270006e-07
L727_1,1.8412538e-07,1.3849058e-07,2.6542693e-08,,
L732_1,6.318296e-07,4.8113e-07,3.1548552e-07,2.887813e-06,1.9907893e-06
L732_2,6.606133e-07,5.031616e-07,2.9831426e-07,2.420653e-06,
L755_1,8.539064e-08,5.7159923e-08,8.803909e-08,2.9273797e-06,1.2552162e-05
L763_1,3.1199306e-08,2.4061592e-08,1.1721568e-08,9.495037e-06,1.1690769e-05
L766_1,9.557698e-07,7.2515104e-07,6.269547e-07,3.6161655e-05,2.8196344e-05
L77_1,1.18423486e-07,6.5221684e-08,4.580943e-08,1.5133992e-06,3.9759412e-05
L770_1,1.2419187e-06,5.3597614e-07,5.408656e-07,9.498536e-05,3.9420556e-06
L774_1,6.2573235e-08,3.7500286e-08,3.814057e-08,9.693031e-07,4.0826853e-07
L78_1,3.623427e-08,1.9957952e-08,1.402077e-08,4.0307328e-05,2.5102054e-10
L78_2,7.452036e-08,4.1050953e-08,2.8827344e-08,3.9813007e-05,3.1650416e-07
L781_1,2.1076994e-07,8.352799e-08,1.2118835e-07,1.2317265e-05,
L781_2,2.377783e-07,9.9651515e-08,1.3760291e-07,,
L809_1,3.1242962e-08,1.7920684e-08,1.8895662e-08,4.014655e-07,1.8098945e-07
L812_1,3.274181e-11,1.8189894e-11,1.8189894e-11,3.45608e-10,1.4915713e-10
L838_1,4.618778e-08,7.098424e-08,5.5602868e-08,6.7354995e-07,
L85_1,6.7215296e-08,5.7189027e-08,3.2872777e-08,9.263749e-07,5.37053e-07
L85_2,3.0464435e-08,2.5916961e-08,1.4901161e-08,4.2000465e-07,2.434972e-07
L851_1,7.9977326e-08,9.738142e-08,5.0262315e-08,1.5567144e-05,6.7088695e-06
L852_1,4.7992216e-08,1.679291e-08,7.072231e-08,1.7668703e-05,7.101422e-06
L852_2,1.9448635e-08,3.4822733e-08,3.5666744e-08,1.844555e-05,6.7313304e-06
L856_1,7.3552656e-08,5.64105e-08,3.8220605e-08,1.1097509e-06,6.179689e-07
L856_2,3.461173e-08,2.658635e-08,1.7978891e-08,5.2266114e-07,2.910674e-07
L876_1,9.397627e-08,7.179915e-08,4.8516085e-08,,
L886_1,3.7951395e-08,4.2223837e-07,2.849847e-07,5.4367236e-05,0.0001052171
L90_1,3.1206582e-07,8.844945e-07,1.3032695e-07,3.6319107e-06,2.4656183e-06
L906_1,6.971881e-06,4.8028305e-06,7.464085e-06,0.00018555997,0.00017374055
L906_2,6.9038942e-06,4.8452057e-06,7.424969e-06,0.0001863055,
L906_3,6.8400986e-06,4.8852526e-06,7.388182e-06,0.000187031,
L906_4,6.7702495e-06,4.9294904e-06,7.348601e-06,0.0001878338,4.1306484e-05
L913_1,1.1236407e-06,7.1700197e-07,5.415641e-07,1.3276236e-05,4.5961933e-05
L913_2,1.0210788e-06,6.435439e-07,4.855683e-07,1.1891709e-05,4.6793604e-05
L913_4,9.3039125e-07,5.7846773e-07,4.360918e-07,1.0664109e-05,4.7541456e-05
L913_5,8.343486e-07,5.096663e-07,3.8347207e-07,9.365729e-06,4.8341928e-05
L916_1,3.7637074e-07,1.9994332e-07,1.481385e-07,3.512483e-06,2.4804729e-05
L926_1,6.228947e-08,2.617162e-08,1.9543222e-08,5.00062e-07,3.2751996e-07
L926_3,1.3262616e-07,7.657218e-08,5.7945726e-08,1.4515099e-06,
L930_1,7.093622e-07,2.4786277e-07,1.9020808e-07,2.7964124e-06,1.9976433e-06
L988_1,1.6817357e-06,5.1688403e-08,1.4058314e-06,0.0001357405,3.6230544e-05
L995_2,3.715977e-07,1.8210267e-07,4.8064976e-07,4.7484937e-06,1.4623889e-05
