,"('V_CO', 'day')","('V_CO', 'night')","('V_MO1', 'day')","('V_MO1', 'night')","('V_MO2', 'day')","('V_MO2', 'night')","('V_MO3', 'day')","('V_MO3', 'night')","('V_MO4', 'day')","('V_MO4', 'night')",1,2,3,4,5,6,7,8,9
0,0,0,0,0,0,0,0,0,0,0,0.8012,0.6097,0.2606,0.5434,0.6212,0.2476,161990.1022,14978.3877,0.4943
1,0,0,0,0,0,0,0,0,0,1,0.7968,0.6097,0.2545,0.541,0.6112,0.2476,161967.0711,15016.5098,0.4892
2,0,0,0,0,0,0,0,0,1,0,0.8003,0.2163,0.2625,0.5478,0.6293,0.1338,259226.2084,14978.3896,0.4968
3,0,0,0,0,0,0,0,0,1,1,0.7984,0.6051,0.2572,0.5459,0.6211,0.2793,165275.633,14999.3574,0.4922
4,0,0,0,0,0,0,0,1,0,0,0.796,0.6101,0.2538,0.5423,0.6094,0.2476,161962.2812,15034.8691,0.4904
5,0,0,0,0,0,0,0,1,0,1,0.7958,0.6101,0.2535,0.5421,0.6089,0.2476,161956.9595,15034.2471,0.4901
6,0,0,0,0,0,0,0,1,1,0,0.7968,0.6051,0.256,0.5455,0.6178,0.2793,165078.8161,15017.7188,0.4915
7,0,0,0,0,0,0,0,1,1,1,0.7967,0.6051,0.2558,0.5454,0.6174,0.2793,165076.7919,15034.249,0.4913
8,0,0,0,0,0,0,1,0,0,0,0.8036,0.6118,0.2633,0.5494,0.6327,0.3131,163030.6317,14984.4502,0.4975
9,0,0,0,0,0,0,1,0,0,1,0.8007,0.6048,0.2583,0.5502,0.6257,0.2902,165082.4721,15008.9287,0.4986
10,0,0,0,0,0,0,1,0,1,0,0.8053,0.5995,0.2641,0.5524,0.6354,0.2934,166646.8952,14984.0918,0.5033
11,0,0,0,0,0,0,1,0,1,1,0.8001,0.6055,0.258,0.5483,0.6247,0.2934,165054.7853,14999.2568,0.4974
12,0,0,0,0,0,0,1,1,0,0,0.7984,0.6041,0.2568,0.5484,0.6211,0.2902,165180.4152,15022.7646,0.4958
13,0,0,0,0,0,0,1,1,0,1,0.7963,0.3389,0.2557,0.5464,0.619,0.1388,234662.2778,15048.2148,0.4977
14,0,0,0,0,0,0,1,1,1,0,0.798,0.596,0.2563,0.5469,0.6205,0.2931,167418.3741,15000.4648,0.4944
15,0,0,0,0,0,0,1,1,1,1,0.7996,0.6009,0.2565,0.5503,0.6225,0.2931,166298.1494,15045.3408,0.5003
16,0,0,0,0,0,1,0,0,0,0,0.8085,0.6087,0.2838,0.5474,0.6402,0.2476,162248.2721,14749.7598,0.5048
17,0,0,0,0,0,1,0,0,0,1,0.816,0.6101,0.2561,0.5615,0.6499,0.2476,161955.5206,15062.0352,0.5226
18,0,0,0,0,0,1,0,0,1,0,0.8103,0.6051,0.2864,0.5529,0.6501,0.2793,165083.0447,14749.7598,0.5097
19,0,0,0,0,0,1,0,0,1,1,0.8172,0.1127,0.2579,0.5661,0.6589,0.1074,291336.2045,15051.0566,0.5324
20,0,0,0,0,0,1,0,1,0,0,0.8199,0.6101,0.2429,0.5658,0.6539,0.2476,161953.5305,15418.1953,0.5276
21,0,0,0,0,0,1,0,1,0,1,0.8204,0.5442,0.2364,0.5684,0.6532,0.2275,185744.3762,15430.0479,0.5305
22,0,0,0,0,0,1,0,1,1,0,0.8234,0.6051,0.2451,0.5722,0.6632,0.2793,165082.7079,15387.6953,0.534
23,0,0,0,0,0,1,0,1,1,1,0.8232,0.6051,0.2385,0.5735,0.6619,0.2793,165084.2952,15407.8604,0.5342
24,0,0,0,0,0,1,1,0,0,0,0.8119,0.4086,0.2871,0.5567,0.6546,0.2198,208244.4043,14759.4883,0.5178
25,0,0,0,0,0,1,1,0,0,1,0.8191,0.6041,0.2587,0.5676,0.6606,0.2902,165166.9808,15051.0557,0.5296
26,0,0,0,0,0,1,1,0,1,0,0.8104,0.6055,0.2859,0.5522,0.651,0.2934,165081.8028,14759.3828,0.5116
27,0,0,0,0,0,1,1,0,1,1,0.8205,0.6055,0.2594,0.5702,0.6627,0.2934,165276.3019,15055.9717,0.5342
28,0,0,0,0,0,1,1,1,0,0,0.824,0.6044,0.2457,0.5735,0.6656,0.2902,165085.0738,15393.1504,0.537
29,0,0,0,0,0,1,1,1,0,1,0.8256,0.6048,0.2394,0.5757,0.6664,0.2902,165073.0715,15408.7969,0.5375
30,0,0,0,0,0,1,1,1,1,0,0.826,0.6111,0.2465,0.577,0.6683,0.3156,163217.8881,15386.4785,0.5416
31,0,0,0,0,0,1,1,1,1,1,0.8236,0.6055,0.239,0.5741,0.6631,0.2934,165044.602,15399.1377,0.5375
32,0,0,0,0,1,0,0,0,0,0,0.8768,0.6573,0.2597,0.6757,0.7474,0.2702,148066.8044,14696.7275,0.7016
33,0,0,0,0,1,0,0,0,0,1,0.8742,0.6756,0.2556,0.6778,0.7413,0.2864,143089.1653,14743.6055,0.7057
34,0,0,0,0,1,0,0,0,1,0,0.9016,0.7164,0.2368,0.7384,0.7844,0.4699,125141.6651,15278.6553,0.7503
35,0,0,0,0,1,0,0,0,1,1,0.8982,0.7341,0.2324,0.7379,0.7762,0.4864,121054.4792,15539.7461,0.7498
36,0,0,0,0,1,0,0,1,0,0,0.8722,0.6752,0.254,0.6761,0.7368,0.2864,142970.2618,14744.8379,0.7045
37,0,0,0,0,1,0,0,1,0,1,0.8724,0.6752,0.2542,0.6764,0.7368,0.2864,143019.1462,14761.3691,0.7052
38,0,0,0,0,1,0,0,1,1,0,0.8968,0.733,0.2312,0.7376,0.773,0.4864,121189.3936,15506.6455,0.7498
39,0,0,0,0,1,0,0,1,1,1,0.8966,0.733,0.2311,0.7375,0.7726,0.4861,121202.9608,15506.0381,0.7497
40,0,0,0,0,1,0,1,0,0,0,0.906,0.7432,0.2264,0.7501,0.7824,0.5019,113384.935,16040.2734,0.7561
41,0,0,0,0,1,0,1,0,0,1,0.9029,0.7615,0.2222,0.7496,0.7746,0.5181,108306.9081,16095.584,0.755
42,0,0,0,0,1,0,1,0,1,0,0.9059,0.7929,0.2215,0.752,0.7751,0.5713,87628.8053,16332.4316,0.7522
43,0,0,0,0,1,0,1,0,1,1,0.903,0.8211,0.2173,0.7516,0.7676,0.5928,79266.4902,16267.7383,0.7508
44,0,0,0,0,1,0,1,1,0,0,0.9015,0.7605,0.2211,0.7494,0.7716,0.5181,108351.6475,16113.9463,0.7548
45,0,0,0,0,1,0,1,1,0,1,0.9014,0.7605,0.221,0.7492,0.7711,0.5181,108396.7665,16096.1797,0.7546
46,0,0,0,0,1,0,1,1,1,0,0.9016,0.8249,0.2163,0.7512,0.7645,0.5953,78739.2745,16268.9521,0.7503
47,0,0,0,0,1,0,1,1,1,1,0.901,0.7851,0.2157,0.7497,0.7631,0.5446,97190.5274,16251.1953,0.7491
48,0,0,0,0,1,1,0,0,0,0,0.8841,0.7432,0.2842,0.683,0.7663,0.3853,117003.0087,14459.7578,0.704
49,0,0,0,0,1,1,0,0,0,1,0.891,0.7393,0.2626,0.6963,0.7754,0.3804,118787.0185,14795.2588,0.7205
50,0,0,0,0,1,1,0,0,1,0,0.9086,0.7876,0.2579,0.7441,0.8027,0.5417,101680.5192,15203.8633,0.7547
51,0,0,0,0,1,1,0,0,1,1,0.9126,0.795,0.2379,0.7522,0.8064,0.5502,98840.6883,15453.1006,0.7609
52,0,0,0,0,1,1,0,1,0,0,0.8954,0.7432,0.2511,0.7015,0.7802,0.3853,117108.246,15113.4551,0.7265
53,0,0,0,0,1,1,0,1,0,1,0.8945,0.7411,0.2447,0.701,0.7774,0.3804,118221.6669,15162.4873,0.7257
54,0,0,0,0,1,1,0,1,1,0,0.9157,0.7946,0.2283,0.7542,0.8089,0.5502,99058.9142,15908.5195,0.7628
55,0,0,0,0,1,1,0,1,1,1,0.9152,0.795,0.2232,0.7552,0.8069,0.5502,98847.3043,16007.0791,0.7629
56,0,0,0,0,1,1,1,0,0,0,0.9135,0.8144,0.2469,0.7569,0.8015,0.5643,87876.0547,15828.4678,0.7623
57,0,0,0,0,1,1,1,0,0,1,0.9159,0.8598,0.2265,0.7617,0.8027,0.639,65405.953,16287.4277,0.7656
58,0,0,0,0,1,1,1,0,1,0,0.9133,0.8679,0.2419,0.7586,0.7942,0.6337,61335.642,16137.7598,0.7592
59,0,0,0,0,1,1,1,0,1,1,0.9151,0.8704,0.2215,0.7622,0.7947,0.634,60661.6861,16473.4414,0.762
60,0,0,0,0,1,1,1,1,0,0,0.9189,0.87,0.2176,0.7641,0.805,0.6421,59841.5472,16447.3828,0.7682
61,0,0,0,0,1,1,1,1,0,1,0.9182,0.8654,0.2128,0.7645,0.8028,0.6418,61993.0869,16477.5977,0.7676
62,0,0,0,0,1,1,1,1,1,0,0.9181,0.8704,0.2128,0.7645,0.7967,0.634,60601.9888,16636.4941,0.7644
63,0,0,0,0,1,1,1,1,1,1,0.9174,0.8704,0.2079,0.7648,0.7945,0.6337,60586.5842,16653.8496,0.7639
64,0,0,0,1,0,0,0,0,0,0,0.7964,0.6101,0.254,0.5437,0.6099,0.2476,161954.1968,15053.1494,0.4923
65,0,0,0,1,0,0,0,0,0,1,0.7954,0.6087,0.2533,0.5418,0.6081,0.2476,162255.4512,15035.291,0.4901
66,0,0,0,1,0,0,0,0,1,0,0.7965,0.6051,0.2557,0.5453,0.6169,0.2793,165076.7192,15035.999,0.4912
67,0,0,0,1,0,0,0,0,1,1,0.7965,0.6051,0.2557,0.5454,0.617,0.2793,165076.757,15035.2969,0.4913
68,0,0,0,1,0,0,0,1,0,0,0.7958,0.6097,0.2535,0.5423,0.6086,0.2476,161963.8285,15052.709,0.4903
69,0,0,0,1,0,0,0,1,0,1,0.7956,0.6101,0.2534,0.5421,0.6086,0.2476,161963.6664,15034.877,0.49
70,0,0,0,1,0,0,0,1,1,0,0.7965,0.6044,0.2555,0.5455,0.617,0.2783,165315.8389,15035.5625,0.4911
71,0,0,0,1,0,0,0,1,1,1,0.7965,0.6034,0.2555,0.5456,0.6172,0.2793,165907.6447,15041.1367,0.4911
72,0,0,0,1,0,0,1,0,0,0,0.7979,0.5756,0.2563,0.5477,0.62,0.2318,173015.3281,15042.5488,0.4956
73,0,0,0,1,0,0,1,0,0,1,0.802,0.6009,0.2573,0.5549,0.6249,0.2902,166228.4444,15044.9941,0.5032
74,0,0,0,1,0,0,1,0,1,0,0.7997,0.6055,0.2566,0.5509,0.6226,0.2934,165042.1904,15055.3809,0.5002
75,0,0,0,1,0,0,1,0,1,1,0.7976,0.603,0.2558,0.5473,0.6198,0.2934,166346.1039,15041.707,0.4949
76,0,0,0,1,0,0,1,1,0,0,0.8012,0.6051,0.257,0.5542,0.625,0.2906,165138.5686,15060.1406,0.5023
77,0,0,0,1,0,0,1,1,0,1,0.7966,0.2695,0.2556,0.5497,0.6194,0.1321,252020.4945,15059.9727,0.498
78,0,0,0,1,0,0,1,1,1,0,0.7985,0.6055,0.2564,0.5487,0.6211,0.2934,165044.2477,15045.2324,0.4969
79,0,0,0,1,0,0,1,1,1,1,0.7995,0.6041,0.2567,0.5504,0.6222,0.2934,165580.7077,15044.6504,0.4994
80,0,0,0,1,0,1,0,0,0,0,0.8203,0.6101,0.2378,0.5669,0.6534,0.2476,161945.2448,15445.8789,0.5286
81,0,0,0,1,0,1,0,0,0,1,0.8202,0.6094,0.2338,0.5677,0.6518,0.2476,162065.7507,15464.5518,0.5293
82,0,0,0,1,0,1,0,0,1,0,0.822,0.5703,0.239,0.5697,0.6606,0.2409,173627.3852,15424.5996,0.532
83,0,0,0,1,0,1,0,0,1,1,0.821,0.4847,0.2349,0.5697,0.6581,0.1842,199615.7676,15424.0371,0.5327
84,0,0,0,1,0,1,0,1,0,0,0.8205,0.6101,0.2368,0.5675,0.6533,0.2476,161949.3314,15460.9219,0.5294
85,0,0,0,1,0,1,0,1,0,1,0.8199,0.6101,0.233,0.5677,0.6514,0.2476,161956.9524,15473.4814,0.5291
86,0,0,0,1,0,1,0,1,1,0,0.8226,0.6051,0.2379,0.5715,0.6611,0.279,165090.181,15429.3799,0.5331
87,0,0,0,1,0,1,0,1,1,1,0.8225,0.6051,0.2349,0.5722,0.6595,0.2793,165078.5796,15424.7051,0.5337
88,0,0,0,1,0,1,1,0,0,0,0.8244,0.6051,0.2399,0.5746,0.6651,0.2906,164961.494,15436.8203,0.5372
89,0,0,0,1,0,1,1,0,0,1,0.8233,0.5749,0.2351,0.5739,0.6618,0.2575,178775.6317,15434.4697,0.5366
90,0,0,0,1,0,1,1,0,1,0,0.8249,0.6048,0.2402,0.5751,0.6657,0.2934,165419.8572,15432.3301,0.5394
91,0,0,0,1,0,1,1,0,1,1,0.8235,0.5738,0.2357,0.5731,0.6621,0.2367,174218.0742,15427.9902,0.5365
92,0,0,0,1,0,1,1,1,0,0,0.8223,0.5252,0.2382,0.5704,0.6615,0.2043,185114.9652,15426.6328,0.5353
93,0,0,0,1,0,1,1,1,0,1,0.8225,0.6048,0.2347,0.5724,0.6606,0.2902,165251.624,15434.6191,0.5341
94,0,0,0,1,0,1,1,1,1,0,0.8251,0.6055,0.2389,0.5755,0.6657,0.2934,165041.1325,15438.9893,0.5396
95,0,0,0,1,0,1,1,1,1,1,0.8251,0.6013,0.2356,0.5768,0.6644,0.2934,166128.2524,15433.7295,0.54
96,0,0,0,1,1,0,0,0,0,0,0.872,0.6752,0.2534,0.6761,0.736,0.2864,142987.7387,14763.1123,0.7045
97,0,0,0,1,1,0,0,0,0,1,0.8718,0.6752,0.2537,0.676,0.736,0.2864,143027.1393,14762.4199,0.7045
98,0,0,0,1,1,0,0,0,1,0,0.8971,0.7281,0.2311,0.7391,0.774,0.4931,125781.8059,15529.4385,0.7508
99,0,0,0,1,1,0,0,0,1,1,0.8964,0.733,0.2308,0.7375,0.7723,0.4864,121200.7385,15524.2314,0.7497
100,0,0,0,1,1,0,0,1,0,0,0.8722,0.6745,0.2536,0.677,0.7366,0.2864,143092.9064,14762.623,0.7058
101,0,0,0,1,1,0,0,1,0,1,0.8718,0.6745,0.2537,0.6759,0.736,0.2864,143162.5339,14762.002,0.7045
102,0,0,0,1,1,0,0,1,1,0,0.8965,0.72,0.2306,0.7377,0.7722,0.4442,125534.1019,15524.4883,0.75
103,0,0,0,1,1,0,0,1,1,1,0.8964,0.733,0.2309,0.7375,0.7723,0.4864,121206.5464,15523.8115,0.7497
104,0,0,0,1,1,0,1,0,0,0,0.9013,0.7605,0.221,0.7494,0.7708,0.5181,108361.8031,16115.0645,0.7548
105,0,0,0,1,1,0,1,0,0,1,0.9012,0.7605,0.2208,0.7491,0.7707,0.5181,108408.3436,15994.3301,0.7544
106,0,0,0,1,1,0,1,0,1,0,0.9008,0.7851,0.2158,0.7498,0.7628,0.5446,97194.854,16355.8418,0.7493
107,0,0,0,1,1,0,1,0,1,1,0.9009,0.7851,0.2158,0.75,0.763,0.546,97073.0709,16269.3877,0.7494
108,0,0,0,1,1,0,1,1,0,0,0.9012,0.7605,0.2208,0.7491,0.7707,0.5181,108362.7578,16063.1875,0.7545
109,0,0,0,1,1,0,1,1,0,1,0.9012,0.7605,0.2208,0.7491,0.7707,0.5181,108402.1839,16062.5068,0.7544
110,0,0,0,1,1,0,1,1,1,0,0.9008,0.7851,0.2158,0.7499,0.7629,0.5456,97143.0524,16355.4072,0.7493
111,0,0,0,1,1,0,1,1,1,1,0.9009,0.7851,0.2158,0.75,0.763,0.5463,97054.9547,16268.9658,0.7494
112,0,0,0,1,1,1,0,0,0,0,0.8956,0.7408,0.2456,0.7019,0.7791,0.3839,117835.8787,15164.4639,0.7272
113,0,0,0,1,1,1,0,0,0,1,0.8949,0.7386,0.242,0.702,0.7775,0.3794,118826.8407,15185.3164,0.7274
114,0,0,0,1,1,1,0,0,1,0,0.9159,0.795,0.2242,0.7554,0.8082,0.5502,98839.1601,16025.5977,0.7635
115,0,0,0,1,1,1,0,0,1,1,0.9154,0.795,0.2206,0.7558,0.8063,0.5502,98839.1522,16083.3564,0.7633
116,0,0,0,1,1,1,0,1,0,0,0.8951,0.7379,0.2445,0.7017,0.7787,0.3836,118223.8795,15183.6689,0.726
117,0,0,0,1,1,1,0,1,0,1,0.8949,0.7393,0.2415,0.7019,0.7771,0.3783,118745.09,15185.8076,0.7273
118,0,0,0,1,1,1,0,1,1,0,0.916,0.795,0.2235,0.7561,0.8088,0.602,99358.6522,16069.5283,0.7638
119,0,0,0,1,1,1,0,1,1,1,0.9152,0.795,0.2204,0.7557,0.8058,0.5502,98851.0694,16101.1074,0.763
120,0,0,0,1,1,1,1,0,0,0,0.9188,0.8704,0.2138,0.7646,0.804,0.6421,59865.7293,16481.7344,0.768
121,0,0,0,1,1,1,1,0,0,1,0.9184,0.8704,0.2108,0.7651,0.8022,0.6421,59868.8794,16519.7031,0.7679
122,0,0,0,1,1,1,1,0,1,0,0.9185,0.8707,0.2085,0.7654,0.7965,0.6337,60562.1576,16670.9492,0.7648
123,0,0,0,1,1,1,1,0,1,1,0.9173,0.8704,0.2056,0.7647,0.7934,0.6337,60623.6271,16678.8301,0.7634
124,0,0,0,1,1,1,1,1,0,0,0.9187,0.8704,0.2129,0.7647,0.8036,0.6421,59868.1554,16501.0254,0.7679
125,0,0,0,1,1,1,1,1,0,1,0.9183,0.8704,0.2103,0.7649,0.8018,0.6421,59869.9365,16503.248,0.7677
126,0,0,0,1,1,1,1,1,1,0,0.9178,0.8711,0.2079,0.7648,0.7951,0.634,60602.9693,16677.3281,0.764
127,0,0,0,1,1,1,1,1,1,1,0.9173,0.8704,0.2051,0.7649,0.7933,0.6337,60647.3673,16675.3223,0.7634
128,0,0,1,0,0,0,0,0,0,0,0.8037,0.6048,0.2636,0.5494,0.6334,0.2934,165045.8179,14983.4336,0.4999
129,0,0,1,0,0,0,0,0,0,1,0.7993,0.6048,0.2577,0.547,0.6236,0.2934,165026.3979,15002.248,0.4946
130,0,0,1,0,0,0,0,0,1,0,0.8064,0.6044,0.264,0.5536,0.6368,0.2959,165550.6394,15000.7949,0.5072
131,0,0,1,0,0,0,0,0,1,1,0.7993,0.5657,0.2576,0.5476,0.6235,0.212,173849.7043,14999.3467,0.4954
132,0,0,1,0,0,0,0,1,0,0,0.7991,0.6048,0.2568,0.5498,0.6225,0.2934,164979.1895,15010.3389,0.4979
133,0,0,1,0,0,0,0,1,0,1,0.7972,0.5977,0.2562,0.5462,0.6196,0.2934,167151.0458,15034.2529,0.4935
134,0,0,1,0,0,0,0,1,1,0,0.7976,0.5956,0.2563,0.547,0.6204,0.2959,167619.0484,15000.5557,0.4956
135,0,0,1,0,0,0,0,1,1,1,0.7988,0.5963,0.2562,0.5496,0.6213,0.2832,167370.2052,15024.9658,0.4985
136,0,0,1,0,0,0,1,0,0,0,0.8028,0.6048,0.2635,0.5475,0.6321,0.2955,164930.1909,14978.3906,0.4977
137,0,0,1,0,0,0,1,0,0,1,0.7972,0.1099,0.2563,0.5489,0.6236,0.1074,292684.8989,14999.3574,0.4986
138,0,0,1,0,0,0,1,0,1,0,0.802,0.608,0.2631,0.5459,0.6312,0.3047,163928.413,14978.3164,0.4952
139,0,0,1,0,0,0,1,0,1,1,0.8003,0.603,0.2579,0.5496,0.6251,0.2983,165591.2265,14999.29,0.4982
140,0,0,1,0,0,0,1,1,0,0,0.7981,0.6034,0.2569,0.5474,0.6214,0.2955,165212.2322,15000.5684,0.4951
141,0,0,1,0,0,0,1,1,0,1,0.798,0.5879,0.2566,0.5476,0.6216,0.2955,169700.0143,15039.3438,0.4967
142,0,0,1,0,0,0,1,1,1,0,0.798,0.5794,0.2558,0.5475,0.621,0.2582,173016.4687,15000.502,0.494
143,0,0,1,0,0,0,1,1,1,1,0.8004,0.5995,0.2568,0.5496,0.6242,0.3498,164806.3268,15017.0303,0.4986
144,0,0,1,0,0,1,0,0,0,0,0.8105,0.6041,0.2863,0.5524,0.6513,0.2934,165276.4317,14758.5215,0.5114
145,0,0,1,0,0,1,0,0,0,1,0.8212,0.6101,0.2597,0.5711,0.6635,0.2976,163442.9682,15051.5693,0.5329
146,0,0,1,0,0,1,0,0,1,0,0.8094,0.5896,0.2857,0.5498,0.6498,0.2945,168045.6878,14758.8936,0.5095
147,0,0,1,0,0,1,0,0,1,1,0.82,0.6051,0.2587,0.5691,0.662,0.2959,165037.6988,15051.0186,0.5328
148,0,0,1,0,0,1,0,1,0,0,0.8245,0.5911,0.2457,0.5744,0.6661,0.2906,168392.8789,15392.6338,0.5395
149,0,0,1,0,0,1,0,1,0,1,0.823,0.6048,0.2388,0.5725,0.6625,0.2934,164965.6778,15399.2793,0.536
150,0,0,1,0,0,1,0,1,1,0,0.8251,0.6055,0.2459,0.5754,0.6671,0.2959,164943.5901,15397.4336,0.54
151,0,0,1,0,0,1,0,1,1,1,0.8238,0.597,0.2391,0.5735,0.6636,0.2945,167118.0123,15399.2275,0.5383
152,0,0,1,0,0,1,1,0,0,0,0.8103,0.6048,0.2862,0.5522,0.651,0.2955,164923.8738,14759.1738,0.5113
153,0,0,1,0,0,1,1,0,0,1,0.8197,0.602,0.2593,0.5688,0.6622,0.2955,166314.9953,15051.0557,0.5313
154,0,0,1,0,0,1,1,0,1,0,0.8087,0.4878,0.2855,0.5498,0.6493,0.1828,201721.2371,14749.6758,0.5114
155,0,0,1,0,0,1,1,0,1,1,0.8193,0.54,0.2591,0.5674,0.6612,0.2325,183056.7863,15050.9541,0.533
156,0,0,1,0,0,1,1,1,0,0,0.8235,0.6044,0.2454,0.5723,0.6648,0.2955,165186.3177,15386.6123,0.5368
157,0,0,1,0,0,1,1,1,0,1,0.8232,0.6044,0.2388,0.5728,0.6629,0.2955,165136.7818,15400.126,0.5364
158,0,0,1,0,0,1,1,1,1,0,0.8237,0.6048,0.2455,0.5724,0.6654,0.2966,165606.7743,15386.5078,0.5374
159,0,0,1,0,0,1,1,1,1,1,0.8233,0.5981,0.239,0.5729,0.6631,0.2695,167179.0579,15399.1729,0.5369
160,0,0,1,0,1,0,0,0,0,0,0.906,0.7922,0.2223,0.7514,0.7767,0.5706,88127.6984,16161.3418,0.7538
161,0,0,1,0,1,0,0,0,0,1,0.9027,0.7763,0.218,0.7502,0.7686,0.5386,99360.0107,16216.5918,0.7522
162,0,0,1,0,1,0,0,0,1,0,0.9057,0.7932,0.2194,0.7516,0.7709,0.5713,87185.8616,16624.1719,0.7504
163,0,0,1,0,1,0,0,0,1,1,0.9027,0.8221,0.2152,0.751,0.7633,0.5942,78711.8978,16576.6367,0.7487
164,0,0,1,0,1,0,0,1,0,0,0.9014,0.7813,0.2172,0.7501,0.7657,0.5421,98377.8446,16217.7979,0.752
165,0,0,1,0,1,0,0,1,0,1,0.9013,0.7834,0.217,0.75,0.7653,0.5428,97839.1412,16217.1855,0.7519
166,0,0,1,0,1,0,0,1,1,0,0.9013,0.8263,0.2143,0.7507,0.7603,0.5963,78252.9004,16577.8477,0.7483
167,0,0,1,0,1,0,0,1,1,1,0.9013,0.8263,0.2141,0.7506,0.7599,0.5977,78053.3754,16577.2246,0.7482
168,0,0,1,0,1,0,1,0,0,0,0.9061,0.7929,0.2218,0.752,0.7755,0.571,87736.7981,16246.9131,0.7539
169,0,0,1,0,1,0,1,0,0,1,0.9026,0.7791,0.2171,0.7502,0.7669,0.5417,98385.4798,16250.8203,0.7514
170,0,0,1,0,1,0,1,0,1,0,0.9057,0.7943,0.2189,0.7514,0.77,0.5713,87079.8661,16624.0957,0.75
171,0,0,1,0,1,0,1,0,1,1,0.9025,0.8225,0.2147,0.7506,0.7621,0.5942,78628.0324,16576.5918,0.7479
172,0,0,1,0,1,0,1,1,0,0,0.9012,0.7823,0.2162,0.7499,0.7639,0.5449,97530.1373,16234.874,0.751
173,0,0,1,0,1,0,1,1,0,1,0.9012,0.7841,0.2161,0.7499,0.7636,0.5456,97059.8069,16234.2568,0.751
174,0,0,1,0,1,0,1,1,1,0,0.9013,0.8267,0.2138,0.7505,0.7593,0.5963,78201.5281,16577.8047,0.7478
175,0,0,1,0,1,0,1,1,1,1,0.9013,0.8267,0.2137,0.7505,0.7591,0.5977,77994.4712,16577.1934,0.7478
176,0,0,1,0,1,1,0,0,0,0,0.9136,0.8693,0.2429,0.7585,0.7962,0.639,60447.0353,15966.7959,0.7609
177,0,0,1,0,1,1,0,0,0,1,0.9154,0.8718,0.2225,0.762,0.7964,0.6397,59666.4427,16401.3945,0.7635
178,0,0,1,0,1,1,0,0,1,0,0.9131,0.8697,0.2398,0.7582,0.7901,0.6305,60974.8577,16412.4922,0.7575
179,0,0,1,0,1,1,0,0,1,1,0.9152,0.8707,0.2197,0.7621,0.7906,0.6309,60502.8664,16712.9492,0.7606
180,0,0,1,0,1,1,0,1,0,0,0.9184,0.8721,0.2136,0.7644,0.7986,0.6397,59630.7229,16568.4922,0.7661
181,0,0,1,0,1,1,0,1,0,1,0.9179,0.8721,0.209,0.765,0.7967,0.6397,59621.7704,16598.7441,0.7658
182,0,0,1,0,1,1,0,1,1,0,0.9178,0.8707,0.2108,0.7642,0.7925,0.6305,60540.2226,16859.7227,0.7628
183,0,0,1,0,1,1,0,1,1,1,0.9171,0.8707,0.2059,0.7642,0.7902,0.6309,60539.2797,16872.8594,0.762
184,0,0,1,0,1,1,1,0,0,0,0.9135,0.869,0.2421,0.7587,0.7946,0.6375,60294.412,16035.249,0.7605
185,0,0,1,0,1,1,1,0,0,1,0.9151,0.8718,0.2215,0.7619,0.7945,0.6379,59640.775,16418.2539,0.7627
186,0,0,1,0,1,1,1,0,1,0,0.9129,0.8697,0.2394,0.7579,0.789,0.6302,60986.231,16412.3809,0.757
187,0,0,1,0,1,1,1,0,1,1,0.915,0.8707,0.2193,0.7619,0.7896,0.6305,60533.8003,16712.8398,0.76
188,0,0,1,0,1,1,1,1,0,0,0.9182,0.87,0.2126,0.7642,0.7968,0.6372,60224.1096,16585.4668,0.7652
189,0,0,1,0,1,1,1,1,0,1,0.9176,0.87,0.208,0.7646,0.7948,0.6375,60220.9738,16598.6016,0.7648
190,0,0,1,0,1,1,1,1,1,0,0.9176,0.8704,0.2104,0.7639,0.7914,0.6305,60826.7076,16859.5898,0.7622
191,0,0,1,0,1,1,1,1,1,1,0.9169,0.87,0.2054,0.764,0.7891,0.6302,60594.3649,16872.7656,0.7614
192,0,0,1,1,0,0,0,0,0,0,0.7972,0.1215,0.2559,0.5516,0.6215,0.1088,289910.6064,15055.5488,0.5014
193,0,0,1,1,0,0,0,0,0,1,0.7986,0.6006,0.2563,0.5495,0.6213,0.2934,166060.1931,15045.1016,0.4974
194,0,0,1,1,0,0,0,0,1,0,0.8007,0.6094,0.2569,0.5502,0.6243,0.3163,163202.2726,15023.9102,0.4969
195,0,0,1,1,0,0,0,0,1,1,0.7968,0.5664,0.2558,0.545,0.619,0.2314,177966.8778,15035.2871,0.4937
196,0,0,1,1,0,0,0,1,0,0,0.7989,0.6037,0.2567,0.5495,0.6214,0.2934,165519.1184,15035.5605,0.4978
197,0,0,1,1,0,0,0,1,0,1,0.7972,0.6048,0.2563,0.5464,0.6194,0.2934,164964.3412,15034.875,0.4938
198,0,0,1,1,0,0,0,1,1,0,0.7992,0.6041,0.2566,0.5502,0.622,0.2955,165647.2445,15035.5469,0.4982
199,0,0,1,1,0,0,0,1,1,1,0.7975,0.5963,0.256,0.5468,0.6196,0.2874,168488.8176,15034.8672,0.4944
200,0,0,1,1,0,0,1,0,0,0,0.7973,0.603,0.2564,0.5469,0.6195,0.2955,166115.4559,15035.999,0.4942
201,0,0,1,1,0,0,1,0,0,1,0.7984,0.6013,0.2565,0.5489,0.621,0.2934,166670.004,15045.0576,0.4975
202,0,0,1,1,0,0,1,0,1,0,0.7989,0.6122,0.2562,0.55,0.6219,0.3163,162892.8156,15028.835,0.4973
203,0,0,1,1,0,0,1,0,1,1,0.7973,0.6055,0.2561,0.5464,0.6196,0.2966,164992.0651,15035.2305,0.4941
204,0,0,1,1,0,0,1,1,0,0,0.7975,0.6048,0.2563,0.5464,0.6198,0.2955,164934.6671,15038.4453,0.4938
205,0,0,1,1,0,0,1,1,0,1,0.7984,0.5918,0.2561,0.5495,0.6206,0.2913,169731.3183,15044.625,0.4988
206,0,0,1,1,0,0,1,1,1,0,0.7974,0.6048,0.2562,0.5467,0.6198,0.31,164541.5853,15035.4922,0.4944
207,0,0,1,1,0,0,1,1,1,1,0.7973,0.5446,0.2557,0.5467,0.6195,0.2297,182429.8152,15029.9082,0.4972
208,0,0,1,1,0,1,0,0,0,0,0.826,0.6006,0.2403,0.5781,0.6669,0.2934,166978.1602,15444.1758,0.5425
209,0,0,1,1,0,1,0,0,0,1,0.8243,0.6013,0.2361,0.5755,0.6636,0.2934,166610.4914,15428.5986,0.5387
210,0,0,1,1,0,1,0,0,1,0,0.8243,0.5122,0.2402,0.5717,0.6662,0.2744,196284.7748,15424.541,0.5377
211,0,0,1,1,0,1,0,0,1,1,0.8232,0.6055,0.2356,0.5732,0.6622,0.2959,164954.4959,15428.0918,0.5365
212,0,0,1,1,0,1,0,1,0,0,0.8233,0.5995,0.2384,0.5728,0.6632,0.2811,166679.9794,15426.6387,0.5353
213,0,0,1,1,0,1,0,1,0,1,0.8229,0.6048,0.235,0.5728,0.6612,0.2934,164969.2053,15428.6191,0.5359
214,0,0,1,1,0,1,0,1,1,0,0.8239,0.5981,0.239,0.5733,0.6647,0.2959,166319.6051,15422.4971,0.5364
215,0,0,1,1,0,1,0,1,1,1,0.8231,0.6055,0.2352,0.5727,0.6618,0.2959,164944.9066,15428.7607,0.5362
216,0,0,1,1,0,1,1,0,0,0,0.8233,0.6041,0.2397,0.5719,0.6636,0.2952,165113.4407,15424.584,0.5363
217,0,0,1,1,0,1,1,0,0,1,0.8229,0.6048,0.2356,0.5727,0.6618,0.2955,165219.3858,15428.1406,0.5358
218,0,0,1,1,0,1,1,0,1,0,0.8244,0.6037,0.2401,0.5737,0.6652,0.2966,165704.1528,15424.4805,0.5383
219,0,0,1,1,0,1,1,0,1,1,0.8237,0.6023,0.236,0.5749,0.6637,0.2966,165974.7197,15428.0312,0.5382
220,0,0,1,1,0,1,1,1,0,0,0.8246,0.6048,0.2388,0.575,0.665,0.2952,164940.5982,15431.665,0.5393
221,0,0,1,1,0,1,1,1,0,1,0.8245,0.6041,0.2357,0.5745,0.6639,0.2952,165135.0249,15428.8086,0.537
222,0,0,1,1,0,1,1,1,1,0,0.8237,0.6044,0.2388,0.5729,0.664,0.2966,165480.947,15426.5254,0.5368
223,0,0,1,1,0,1,1,1,1,1,0.8243,0.6058,0.2358,0.5747,0.6635,0.2966,164925.2576,15428.7051,0.5389
224,0,0,1,1,1,0,0,0,0,0,0.9012,0.783,0.217,0.75,0.765,0.5428,98001.2071,16218.9297,0.752
225,0,0,1,1,1,0,0,0,0,1,0.9012,0.7834,0.217,0.7501,0.7651,0.5439,97758.3762,16218.2383,0.752
226,0,0,1,1,1,0,0,0,1,0,0.9013,0.8263,0.2141,0.7507,0.7597,0.5977,78156.7227,16561.834,0.7484
227,0,0,1,1,1,0,0,0,1,1,0.9011,0.8271,0.214,0.7506,0.7596,0.5985,78006.2357,16578.2812,0.7482
228,0,0,1,1,1,0,0,1,0,0,0.9012,0.7834,0.217,0.7501,0.7651,0.5428,97927.8627,16218.4932,0.752
229,0,0,1,1,1,0,0,1,0,1,0.9012,0.7834,0.2169,0.75,0.765,0.5439,97753.3329,16217.8154,0.7519
230,0,0,1,1,1,0,0,1,1,0,0.901,0.8263,0.214,0.7506,0.7595,0.5981,78127.655,16578.5391,0.7482
231,0,0,1,1,1,0,0,1,1,1,0.9011,0.8267,0.214,0.7507,0.7597,0.5985,78026.8474,16560.7168,0.7483
232,0,0,1,1,1,0,1,0,0,0,0.9009,0.7841,0.2159,0.7497,0.763,0.5456,97235.7085,16236.0039,0.7508
233,0,0,1,1,1,0,1,0,0,1,0.9009,0.7823,0.2159,0.7498,0.7631,0.5421,97655.6789,16235.3008,0.7509
234,0,0,1,1,1,0,1,0,1,0,0.9009,0.8249,0.2136,0.7504,0.7585,0.5977,78762.8241,16630.3809,0.7476
235,0,0,1,1,1,0,1,0,1,1,0.9009,0.8278,0.2134,0.7502,0.7584,0.5985,77940.6571,16578.2422,0.7474
236,0,0,1,1,1,0,1,1,0,0,0.9009,0.7841,0.216,0.7498,0.7631,0.5456,97190.8929,16252.7246,0.7509
237,0,0,1,1,1,0,1,1,0,1,0.9011,0.7915,0.216,0.7502,0.7635,0.5583,93673.2337,16252.0342,0.751
238,0,0,1,1,1,0,1,1,1,0,0.9009,0.8263,0.2135,0.7503,0.7584,0.5981,78119.6126,16578.5,0.7475
239,0,0,1,1,1,0,1,1,1,1,0.9009,0.8278,0.2134,0.7502,0.7584,0.5985,77931.0455,16577.8281,0.7474
240,0,0,1,1,1,1,0,0,0,0,0.9185,0.8721,0.21,0.7652,0.7979,0.6397,59587.0699,16620.0547,0.7664
241,0,0,1,1,1,1,0,0,0,1,0.9178,0.8714,0.2068,0.765,0.7957,0.6397,59782.3314,16623.8418,0.7655
242,0,0,1,1,1,1,0,0,1,0,0.9176,0.8693,0.2068,0.7642,0.7913,0.6309,60654.8804,16894.1836,0.7623
243,0,0,1,1,1,1,0,0,1,1,0.917,0.8707,0.2037,0.7643,0.7892,0.6309,60530.705,16897.9082,0.7617
244,0,0,1,1,1,1,0,1,0,0,0.9182,0.8718,0.209,0.765,0.7973,0.6397,59650.6757,16622.3906,0.766
245,0,0,1,1,1,1,0,1,0,1,0.9178,0.8714,0.2063,0.7649,0.7953,0.6393,59789.9132,16624.5566,0.7653
246,0,0,1,1,1,1,0,1,1,0,0.9175,0.8707,0.2059,0.7642,0.7908,0.6309,60536.9773,16896.334,0.7621
247,0,0,1,1,1,1,0,1,1,1,0.9169,0.8707,0.2033,0.7643,0.7889,0.6312,60515.842,16898.6367,0.7616
248,0,0,1,1,1,1,1,0,0,0,0.9182,0.87,0.209,0.7648,0.796,0.6375,60229.7644,16619.9023,0.7653
249,0,0,1,1,1,1,1,0,0,1,0.9174,0.8686,0.2057,0.7645,0.7936,0.6375,60347.3291,16623.6094,0.7643
250,0,0,1,1,1,1,1,0,1,0,0.9175,0.8707,0.2064,0.764,0.7903,0.6305,60549.8167,16894.0762,0.7618
251,0,0,1,1,1,1,1,0,1,1,0.9168,0.8707,0.2033,0.7641,0.7881,0.6305,60557.9563,16897.8027,0.7612
252,0,0,1,1,1,1,1,1,0,0,0.9179,0.87,0.208,0.7647,0.7954,0.6375,60212.4636,16639.2051,0.765
253,0,0,1,1,1,1,1,1,0,1,0.9173,0.87,0.2053,0.7644,0.7932,0.6372,60227.5042,16624.3203,0.7641
254,0,0,1,1,1,1,1,1,1,0,0.9173,0.8707,0.2055,0.764,0.7897,0.6305,60557.6659,16896.2383,0.7616
255,0,0,1,1,1,1,1,1,1,1,0.9168,0.8707,0.2029,0.7641,0.7879,0.6305,60537.2183,16898.5293,0.7612
256,0,1,0,0,0,0,0,0,0,0,0.8442,0.6097,0.238,0.6121,0.6765,0.2455,162089.4186,15940.8086,0.583
257,0,1,0,0,0,0,0,0,0,1,0.8465,0.6104,0.2443,0.6082,0.6835,0.2466,161815.4057,15962.2793,0.5807
258,0,1,0,0,0,0,0,0,1,0,0.8513,0.6048,0.2383,0.6185,0.6835,0.2762,165253.1511,15778.7812,0.6026
259,0,1,0,0,0,0,0,0,1,1,0.852,0.6051,0.2444,0.6123,0.689,0.2772,165110.4647,15709.6738,0.5976
260,0,1,0,0,0,0,0,1,0,0,0.8458,0.6104,0.2429,0.6075,0.6824,0.2469,161802.3717,15897.4941,0.5801
261,0,1,0,0,0,0,0,1,0,1,0.8458,0.6101,0.244,0.6083,0.6829,0.2469,161889.0465,15893.5996,0.5803
262,0,1,0,0,0,0,0,1,1,0,0.8507,0.6041,0.2426,0.6103,0.6868,0.2779,165501.5122,15691.2773,0.595
263,0,1,0,0,0,0,0,1,1,1,0.8523,0.6041,0.2446,0.6135,0.6893,0.2776,165531.7698,15709.5732,0.5992
264,0,1,0,0,0,0,1,0,0,0,0.8507,0.5347,0.2384,0.6173,0.6854,0.1987,184784.7309,15734.7021,0.6058
265,0,1,0,0,0,0,1,0,0,1,0.8542,0.5921,0.2452,0.6172,0.6947,0.2747,168299.5106,15685.2236,0.6052
266,0,1,0,0,0,0,1,0,1,0,0.8503,0.5868,0.2391,0.6136,0.6873,0.2871,168802.2919,15733.8506,0.5994
267,0,1,0,0,0,0,1,0,1,1,0.8515,0.6051,0.2453,0.6094,0.6932,0.292,165152.3631,15658.4463,0.5949
268,0,1,0,0,0,0,1,1,0,0,0.8509,0.6037,0.243,0.611,0.69,0.2892,165398.7761,15674.2129,0.5976
269,0,1,0,0,0,0,1,1,0,1,0.8529,0.5058,0.245,0.6151,0.6934,0.1965,189734.5734,15692.0527,0.6035
270,0,1,0,0,0,0,1,1,1,0,0.8519,0.5974,0.2448,0.6109,0.6934,0.2793,166990.7778,15660.833,0.5983
271,0,1,0,0,0,0,1,1,1,1,0.8506,0.5875,0.2455,0.6072,0.6924,0.2533,168918.8512,15635.2988,0.5937
272,0,1,0,0,0,1,0,0,0,0,0.8449,0.6104,0.2488,0.6051,0.6874,0.2476,161813.1701,15700.6953,0.5807
273,0,1,0,0,0,1,0,0,0,1,0.8457,0.6104,0.2444,0.6077,0.6871,0.2476,161803.9248,15752.6846,0.5833
274,0,1,0,0,0,1,0,0,1,0,0.8481,0.596,0.2484,0.6046,0.6927,0.2786,167659.7515,15580.3008,0.5865
275,0,1,0,0,0,1,0,0,1,1,0.8512,0.4283,0.2446,0.6081,0.6928,0.125,205607.6872,15649.3984,0.6004
276,0,1,0,0,0,1,0,1,0,0,0.8478,0.6104,0.2425,0.6109,0.6893,0.2476,161800.64,15819.8174,0.5852
277,0,1,0,0,0,1,0,1,0,1,0.8469,0.6104,0.2408,0.6105,0.6866,0.2476,161821.5106,15785.7559,0.5842
278,0,1,0,0,0,1,0,1,1,0,0.8522,0.6041,0.2425,0.6124,0.6931,0.279,165504.3574,15681.7812,0.5996
279,0,1,0,0,0,1,0,1,1,1,0.852,0.6027,0.2406,0.6143,0.6915,0.2779,165683.6765,15675.0713,0.6012
280,0,1,0,0,0,1,1,0,0,0,0.851,0.6125,0.2494,0.6105,0.6982,0.3121,162570.7925,15582.8301,0.5961
281,0,1,0,0,0,1,1,0,0,1,0.853,0.5992,0.2451,0.6162,0.6997,0.3089,167931.1028,15647.6748,0.6029
282,0,1,0,0,0,1,1,0,1,0,0.8503,0.6055,0.2508,0.6075,0.6987,0.2931,165048.1846,15465.5537,0.5955
283,0,1,0,0,0,1,1,0,1,1,0.8513,0.6055,0.2464,0.6111,0.6987,0.2931,165076.0032,15580.1191,0.6012
284,0,1,0,0,0,1,1,1,0,0,0.8527,0.6048,0.2425,0.6137,0.6963,0.2899,165067.7998,15687.8584,0.6021
285,0,1,0,0,0,1,1,1,0,1,0.8512,0.6016,0.2403,0.6133,0.6932,0.2927,165782.1799,15648.248,0.6019
286,0,1,0,0,0,1,1,1,1,0,0.8519,0.6048,0.2437,0.6103,0.6979,0.2931,165130.6753,15663.9385,0.5994
287,0,1,0,0,0,1,1,1,1,1,0.8511,0.6044,0.242,0.6108,0.6955,0.2931,165182.5985,15596.0303,0.6002
288,0,1,0,0,1,0,0,0,0,0,0.9184,0.6446,0.2454,0.7442,0.8033,0.2621,151041.4534,15803.4521,0.7889
289,0,1,0,0,1,0,0,0,0,1,0.9203,0.6795,0.2511,0.7406,0.8088,0.2853,142190.3727,15722.1738,0.7807
290,0,1,0,0,1,0,0,0,1,0,0.9325,0.777,0.2282,0.7837,0.8233,0.5632,92297.8391,16927.6777,0.8064
291,0,1,0,0,1,0,0,0,1,1,0.9361,0.8182,0.2342,0.7843,0.8326,0.5889,80981.6916,16902.5625,0.8042
292,0,1,0,0,1,0,0,1,0,0,0.9198,0.6798,0.2495,0.7404,0.8078,0.2885,142013.5013,15725.9863,0.78
293,0,1,0,0,1,0,0,1,0,1,0.9188,0.6798,0.2502,0.7389,0.8063,0.2885,142003.5024,15704.9375,0.7792
294,0,1,0,0,1,0,0,1,1,0,0.9352,0.8242,0.2323,0.7831,0.8311,0.5967,78359.6319,16906.7285,0.802
295,0,1,0,0,1,0,0,1,1,1,0.936,0.8274,0.2341,0.7836,0.8326,0.5988,77404.3005,16885.0469,0.8028
296,0,1,0,0,1,0,1,0,0,0,0.9353,0.7823,0.2193,0.7914,0.8204,0.5675,90030.5278,17211.1367,0.8104
297,0,1,0,0,1,0,1,0,0,1,0.939,0.839,0.2247,0.7922,0.8294,0.6171,72615.1336,17198.8301,0.808
298,0,1,0,0,1,0,1,0,1,0,0.9344,0.7837,0.215,0.7908,0.8129,0.5685,89441.7776,17213.7129,0.8056
299,0,1,0,0,1,0,1,0,1,1,0.9377,0.8422,0.2202,0.7909,0.8214,0.6175,71697.0892,17201.4102,0.8032
300,0,1,0,0,1,0,1,1,0,0,0.938,0.8415,0.2233,0.7912,0.828,0.6192,71955.2294,17202.748,0.8066
301,0,1,0,0,1,0,1,1,0,1,0.9383,0.8415,0.2244,0.7903,0.8289,0.6217,71640.7981,17198.916,0.805
302,0,1,0,0,1,0,1,1,1,0,0.9378,0.8433,0.2197,0.7924,0.8217,0.6178,71131.4713,17205.0352,0.8049
303,0,1,0,0,1,0,1,1,1,1,0.9369,0.8433,0.2199,0.7893,0.8207,0.6185,70920.3159,17201.4551,0.8009
304,0,1,0,0,1,1,0,0,0,0,0.9181,0.7446,0.2552,0.7372,0.8113,0.4012,115895.8277,15443.5059,0.7732
305,0,1,0,0,1,1,0,0,0,1,0.9195,0.7425,0.252,0.741,0.8123,0.392,118022.1708,15495.4219,0.7777
306,0,1,0,0,1,1,0,0,1,0,0.9352,0.8707,0.2378,0.7829,0.8369,0.6685,61069.016,16779.4512,0.7997
307,0,1,0,0,1,1,0,0,1,1,0.9355,0.8707,0.2349,0.7849,0.8364,0.6685,61026.1866,16846.2148,0.8017
308,0,1,0,0,1,1,0,1,0,0,0.9199,0.7404,0.2489,0.7403,0.8112,0.3818,117741.0643,15596.4561,0.7769
309,0,1,0,0,1,1,0,1,0,1,0.9187,0.7383,0.2472,0.7397,0.8084,0.3691,119361.7967,15665.6602,0.7765
310,0,1,0,0,1,1,0,1,1,0,0.9363,0.8704,0.2324,0.7852,0.836,0.6657,61132.9926,16861.9941,0.8018
311,0,1,0,0,1,1,0,1,1,1,0.9354,0.8704,0.2314,0.7844,0.8341,0.6636,61217.4803,16879.2988,0.8005
312,0,1,0,0,1,1,1,0,0,0,0.9379,0.8739,0.2281,0.7902,0.8335,0.6611,58709.1814,17112.9102,0.8046
313,0,1,0,0,1,1,1,0,0,1,0.9383,0.8735,0.2254,0.7923,0.8334,0.6597,58819.2059,17176.0039,0.8065
314,0,1,0,0,1,1,1,0,1,0,0.9369,0.8725,0.2239,0.7899,0.826,0.6464,60186.571,17112.3848,0.8013
315,0,1,0,0,1,1,1,0,1,1,0.9373,0.8735,0.2212,0.7917,0.8258,0.6464,59653.0194,17175.4883,0.803
316,0,1,0,0,1,1,1,1,0,0,0.9388,0.8739,0.2229,0.7928,0.8327,0.6608,58317.8197,17193.0508,0.8066
317,0,1,0,0,1,1,1,1,0,1,0.9387,0.8739,0.2228,0.793,0.8319,0.6573,58704.411,17192.0332,0.8067
318,0,1,0,0,1,1,1,1,1,0,0.9377,0.8735,0.2188,0.792,0.8249,0.6464,59628.9082,17195.543,0.8028
319,0,1,0,0,1,1,1,1,1,1,0.9376,0.8735,0.2186,0.7921,0.8241,0.6449,59631.0302,17194.6797,0.8027
320,0,1,0,1,0,0,0,0,0,0,0.8467,0.6104,0.242,0.6099,0.6829,0.2469,161800.3227,15902.9238,0.5823
321,0,1,0,1,0,0,0,0,0,1,0.8458,0.6104,0.2429,0.6082,0.6824,0.2469,161840.1875,15899.3018,0.5802
322,0,1,0,1,0,0,0,0,1,0,0.85,0.6051,0.2412,0.6087,0.6855,0.2776,165108.8672,15713.8984,0.5924
323,0,1,0,1,0,0,0,0,1,1,0.8512,0.6051,0.2431,0.6112,0.6873,0.2779,165076.8008,15710.2705,0.5964
324,0,1,0,1,0,0,0,1,0,0,0.8458,0.6143,0.2422,0.6076,0.6821,0.2522,160411.9912,15900.6533,0.5801
325,0,1,0,1,0,0,0,1,0,1,0.8453,0.6104,0.2429,0.608,0.6819,0.2469,161813.3281,15965.9424,0.5797
326,0,1,0,1,0,0,0,1,1,0,0.8511,0.5248,0.2423,0.6117,0.6875,0.186,188277.3772,15704.2061,0.5982
327,0,1,0,1,0,0,0,1,1,1,0.8506,0.6051,0.2431,0.6108,0.6869,0.2779,165084.0587,15708.3213,0.5958
328,0,1,0,1,0,0,1,0,0,0,0.8522,0.6048,0.2422,0.6136,0.6913,0.2892,165071.5391,15701.8672,0.5997
329,0,1,0,1,0,0,1,0,0,1,0.8534,0.5572,0.2442,0.6144,0.6936,0.2282,176865.9628,15699.7627,0.6014
330,0,1,0,1,0,0,1,0,1,0,0.8536,0.5963,0.244,0.6151,0.6944,0.2892,167621.2557,15678.8857,0.6047
331,0,1,0,1,0,0,1,0,1,1,0.8504,0.5995,0.2444,0.6074,0.6918,0.2924,166170.0617,15640.9961,0.5936
332,0,1,0,1,0,0,1,1,0,0,0.852,0.6048,0.2427,0.6129,0.6916,0.2892,165078.952,15706.9434,0.5991
333,0,1,0,1,0,0,1,1,0,1,0.8541,0.6048,0.244,0.6182,0.6943,0.2892,165076.8177,15705.5059,0.6054
334,0,1,0,1,0,0,1,1,1,0,0.8511,0.6073,0.2437,0.6095,0.6921,0.3142,163848.9357,15682.7549,0.5963
335,0,1,0,1,0,0,1,1,1,1,0.8492,0.6055,0.2441,0.6057,0.6905,0.2924,165049.8969,15639.0488,0.591
336,0,1,0,1,0,1,0,0,0,0,0.8469,0.6104,0.2396,0.6106,0.6868,0.2476,161802.5225,15791.9609,0.5844
337,0,1,0,1,0,1,0,0,0,1,0.8471,0.6104,0.2402,0.6108,0.6864,0.2476,161817.7384,15772.4287,0.5845
338,0,1,0,1,0,1,0,0,1,0,0.851,0.6051,0.2391,0.6119,0.6901,0.2786,165078.9495,15671.5371,0.5985
339,0,1,0,1,0,1,0,0,1,1,0.8512,0.6051,0.2398,0.6123,0.6899,0.2783,165096.905,15669.1562,0.5991
340,0,1,0,1,0,1,0,1,0,0,0.8473,0.6104,0.2403,0.611,0.6872,0.2473,161814.82,15789.9648,0.5849
341,0,1,0,1,0,1,0,1,0,1,0.8469,0.6104,0.24,0.6109,0.6861,0.2476,161815.7663,15771.8154,0.5844
342,0,1,0,1,0,1,0,1,1,0,0.8513,0.6051,0.2399,0.6124,0.6906,0.2786,165085.5159,15669.5332,0.5994
343,0,1,0,1,0,1,0,1,1,1,0.8508,0.6002,0.2395,0.6123,0.6894,0.2783,167269.1796,15668.4053,0.598
344,0,1,0,1,0,1,1,0,0,0,0.8509,0.5741,0.2392,0.613,0.6929,0.2406,173564.9411,15671.6094,0.6027
345,0,1,0,1,0,1,1,0,0,1,0.8514,0.6048,0.2398,0.6136,0.6931,0.2899,165268.3069,15675.2559,0.602
346,0,1,0,1,0,1,1,0,1,0,0.8513,0.6051,0.241,0.6111,0.6959,0.2931,165144.2985,15602.2441,0.6004
347,0,1,0,1,0,1,1,0,1,1,0.8512,0.5995,0.2416,0.6106,0.6952,0.2927,166126.0733,15617.0215,0.6007
348,0,1,0,1,0,1,1,1,0,0,0.8539,0.6044,0.2405,0.6187,0.6972,0.2899,165130.1501,15684.3857,0.607
349,0,1,0,1,0,1,1,1,0,1,0.8518,0.6034,0.2397,0.6146,0.6938,0.2899,166270.2882,15673.0303,0.6028
350,0,1,0,1,0,1,1,1,1,0,0.8516,0.6058,0.2415,0.6114,0.6964,0.2934,164872.1076,15600.3223,0.6005
351,0,1,0,1,0,1,1,1,1,1,0.8526,0.566,0.2415,0.6143,0.6971,0.2392,177498.9265,15632.6016,0.6041
352,0,1,0,1,1,0,0,0,0,0,0.9191,0.6788,0.2476,0.7397,0.8056,0.2885,142256.2347,15731.3994,0.7792
353,0,1,0,1,1,0,0,0,0,1,0.9188,0.6798,0.2489,0.7389,0.8059,0.2885,141996.5175,15710.6309,0.7792
354,0,1,0,1,1,0,0,0,1,0,0.9357,0.8355,0.231,0.7851,0.831,0.6147,74672.2862,16912.5801,0.8032
355,0,1,0,1,1,0,0,0,1,1,0.9354,0.8285,0.2321,0.782,0.8311,0.6002,77095.321,16823.0781,0.8005
356,0,1,0,1,1,0,0,1,0,0,0.9197,0.6798,0.2487,0.7404,0.8076,0.2885,142005.0765,15729.1738,0.7799
357,0,1,0,1,1,0,0,1,0,1,0.9182,0.6798,0.249,0.7385,0.8054,0.2885,141995.2575,15708.6777,0.7789
358,0,1,0,1,1,0,0,1,1,0,0.9352,0.8274,0.2315,0.783,0.8308,0.5999,77521.5376,16909.959,0.8018
359,0,1,0,1,1,0,0,1,1,1,0.936,0.8285,0.2335,0.7837,0.8326,0.6006,77154.5687,16888.7461,0.8028
360,0,1,0,1,1,0,1,0,0,0,0.9384,0.8415,0.2223,0.7917,0.8278,0.6206,71702.8073,17208.4336,0.8071
361,0,1,0,1,1,0,1,0,0,1,0.9383,0.8418,0.2233,0.7903,0.8284,0.6217,71554.2065,17204.9297,0.8049
362,0,1,0,1,1,0,1,0,1,0,0.9375,0.844,0.218,0.7913,0.8204,0.6185,70824.6552,17211.0488,0.8031
363,0,1,0,1,1,0,1,0,1,1,0.9368,0.8443,0.2188,0.7892,0.8201,0.6185,70799.8019,17207.459,0.8007
364,0,1,0,1,1,0,1,1,0,0,0.937,0.8415,0.2218,0.7889,0.8263,0.621,71621.5478,17206.625,0.8032
365,0,1,0,1,1,0,1,1,0,1,0.9384,0.8418,0.2238,0.7902,0.8288,0.6213,71571.6023,17205.8027,0.8049
366,0,1,0,1,1,0,1,1,1,0,0.9367,0.844,0.2182,0.7902,0.8199,0.6185,70881.7497,17208.7324,0.8021
367,0,1,0,1,1,0,1,1,1,1,0.937,0.8436,0.2194,0.7894,0.8207,0.6185,70835.132,17205.0703,0.801
368,0,1,0,1,1,1,0,0,0,0,0.9188,0.74,0.2459,0.7398,0.8086,0.3765,118182.4806,15671.8691,0.7764
369,0,1,0,1,1,1,0,0,0,1,0.9191,0.7358,0.2466,0.7399,0.8083,0.3667,119845.2479,15669.4346,0.7771
370,0,1,0,1,1,1,0,0,1,0,0.9358,0.87,0.2304,0.7853,0.8346,0.6636,61271.8954,16885.5566,0.8019
371,0,1,0,1,1,1,0,0,1,1,0.9356,0.869,0.2305,0.7847,0.8339,0.6622,61457.7329,16883.9355,0.801
372,0,1,0,1,1,1,0,1,0,0,0.9188,0.7383,0.2462,0.7398,0.8085,0.3755,118452.7385,15670.2822,0.7766
373,0,1,0,1,1,1,0,1,0,1,0.9186,0.7358,0.2463,0.7395,0.8076,0.3653,120083.1396,15672.4092,0.7767
374,0,1,0,1,1,1,0,1,1,0,0.9354,0.8693,0.2303,0.7844,0.8341,0.6629,61429.4391,16884.3594,0.8006
375,0,1,0,1,1,1,0,1,1,1,0.9355,0.8686,0.2307,0.7846,0.8337,0.6611,61579.3971,16882.6875,0.8009
376,0,1,0,1,1,1,1,0,0,0,0.9387,0.8739,0.2216,0.7929,0.8319,0.6597,58319.9291,17199.1211,0.8065
377,0,1,0,1,1,1,1,0,0,1,0.9388,0.8739,0.222,0.793,0.8316,0.6559,58718.5867,17196.8711,0.8067
378,0,1,0,1,1,1,1,0,1,0,0.9376,0.8735,0.2173,0.792,0.8241,0.6456,59654.5879,17201.793,0.8026
379,0,1,0,1,1,1,1,0,1,1,0.9376,0.8735,0.2177,0.7913,0.8236,0.6435,59630.4745,17199.373,0.8015
380,0,1,0,1,1,1,1,1,0,0,0.9387,0.8739,0.222,0.7929,0.832,0.659,58229.1917,17197.1797,0.8064
381,0,1,0,1,1,1,1,1,0,1,0.9388,0.8735,0.2222,0.7931,0.8316,0.6559,58728.2269,17195.5469,0.8069
382,0,1,0,1,1,1,1,1,1,0,0.9376,0.8735,0.2176,0.7921,0.8241,0.6453,59630.2397,17199.8906,0.8026
383,0,1,0,1,1,1,1,1,1,1,0.9376,0.8735,0.2179,0.7913,0.8237,0.6432,59631.0257,17197.9824,0.8015
384,0,1,1,0,0,0,0,0,0,0,0.851,0.6044,0.2383,0.6179,0.6865,0.2909,165100.1824,15734.8633,0.6052
385,0,1,1,0,0,0,0,0,0,1,0.8533,0.6034,0.2452,0.6153,0.6937,0.3138,164855.2331,15670.5879,0.6023
386,0,1,1,0,0,0,0,0,1,0,0.8515,0.6048,0.2393,0.6166,0.6888,0.2934,165169.926,15754.0361,0.6033
387,0,1,1,0,0,0,0,0,1,1,0.8515,0.6048,0.2453,0.6091,0.6937,0.2945,165243.4649,15662.876,0.5954
388,0,1,1,0,0,0,0,1,0,0,0.8525,0.6048,0.2436,0.6139,0.6927,0.2924,164959.924,15684.127,0.6013
389,0,1,1,0,0,0,0,1,0,1,0.8524,0.6048,0.245,0.614,0.6927,0.2924,164984.2209,15687.668,0.6031
390,0,1,1,0,0,0,0,1,1,0,0.8517,0.4889,0.2441,0.6108,0.6934,0.1772,196751.9291,15666.834,0.6008
391,0,1,1,0,0,0,0,1,1,1,0.8511,0.6108,0.2452,0.6095,0.693,0.2969,162738.0358,15670.2285,0.5946
392,0,1,1,0,0,0,1,0,0,0,0.85,0.6044,0.2384,0.6141,0.686,0.2931,164952.5471,15734.7402,0.5999
393,0,1,1,0,0,0,1,0,0,1,0.8511,0.6048,0.2447,0.6101,0.692,0.2941,164934.7667,15670.4805,0.5977
394,0,1,1,0,0,0,1,0,1,0,0.8494,0.6062,0.2393,0.6122,0.6864,0.2941,164928.5064,15734.0342,0.599
395,0,1,1,0,0,0,1,0,1,1,0.8506,0.6058,0.2457,0.6069,0.6927,0.2952,164936.7827,15652.6885,0.5933
396,0,1,1,0,0,0,1,1,0,0,0.8512,0.6048,0.2437,0.6111,0.6918,0.2945,164938.5493,15674.2676,0.5991
397,0,1,1,0,0,0,1,1,0,1,0.8512,0.6034,0.2448,0.6111,0.6923,0.2941,165102.7164,15687.5615,0.5985
398,0,1,1,0,0,0,1,1,1,0,0.8493,0.6058,0.2438,0.6047,0.6907,0.2955,165000.102,15656.4834,0.5895
399,0,1,1,0,0,0,1,1,1,1,0.85,0.6058,0.2454,0.6066,0.692,0.2955,164916.4576,15635.4805,0.5924
400,0,1,1,0,0,1,0,0,0,0,0.8498,0.6048,0.2493,0.6081,0.6972,0.2931,164962.4787,15556.0352,0.5947
401,0,1,1,0,0,1,0,0,0,1,0.851,0.6048,0.2447,0.6118,0.6973,0.2931,165168.1569,15638.9961,0.5999
402,0,1,1,0,0,1,0,0,1,0,0.8499,0.5646,0.2502,0.6073,0.6986,0.2261,177902.503,15504.1787,0.5971
403,0,1,1,0,0,1,0,0,1,1,0.8509,0.5875,0.246,0.6108,0.6979,0.273,172198.8092,15615.04,0.6019
404,0,1,1,0,0,1,0,1,0,0,0.8523,0.603,0.2423,0.6135,0.6965,0.2931,165563.2332,15682.0234,0.6024
405,0,1,1,0,0,1,0,1,0,1,0.8532,0.6048,0.2414,0.617,0.6965,0.2931,164956.9568,15652.9766,0.6072
406,0,1,1,0,0,1,0,1,1,0,0.853,0.6016,0.2436,0.6124,0.6989,0.2955,166481.659,15674.3105,0.6018
407,0,1,1,0,0,1,0,1,1,1,0.8497,0.603,0.241,0.6081,0.6939,0.2955,166187.0386,15596.665,0.598
408,0,1,1,0,0,1,1,0,0,0,0.8491,0.6048,0.2496,0.6058,0.6966,0.2952,164986.0366,15511.8271,0.5931
409,0,1,1,0,0,1,1,0,0,1,0.8521,0.6048,0.2456,0.6141,0.6999,0.2952,164934.635,15649.9639,0.6032
410,0,1,1,0,0,1,1,0,1,0,0.8494,0.603,0.2504,0.6061,0.6977,0.2962,166161.4799,15459.7549,0.5943
411,0,1,1,0,0,1,1,0,1,1,0.8514,0.6058,0.2466,0.6112,0.699,0.2962,164919.3592,15584.1348,0.6023
412,0,1,1,0,0,1,1,1,0,0,0.852,0.6027,0.2427,0.6115,0.6974,0.2804,165159.7046,15686.957,0.5991
413,0,1,1,0,0,1,1,1,0,1,0.8518,0.6048,0.2413,0.6145,0.6955,0.2948,164941.2029,15631.1602,0.6045
414,0,1,1,0,0,1,1,1,1,0,0.8526,0.6129,0.2441,0.612,0.6989,0.316,162670.1905,15665.3887,0.6001
415,0,1,1,0,0,1,1,1,1,1,0.8513,0.5787,0.2422,0.6113,0.6962,0.2705,172102.6004,15596.2236,0.601
416,0,1,1,0,1,0,0,0,0,0,0.9344,0.7837,0.2144,0.7908,0.814,0.5685,89601.4227,17220.1055,0.8066
417,0,1,1,0,1,0,0,0,0,1,0.9382,0.8408,0.2199,0.7923,0.8234,0.6164,71970.6617,17207.0059,0.8058
418,0,1,1,0,1,0,0,0,1,0,0.9338,0.7851,0.2123,0.7901,0.8085,0.5689,89268.4318,17218.209,0.8033
419,0,1,1,0,1,0,0,0,1,1,0.9379,0.8433,0.2181,0.7921,0.8182,0.6175,71405.5327,17205.0781,0.8035
420,0,1,1,0,1,0,0,1,0,0,0.9383,0.8426,0.2194,0.7938,0.8237,0.6171,71384.3689,17210.8711,0.8075
421,0,1,1,0,1,0,0,1,0,1,0.9389,0.8471,0.2208,0.7938,0.825,0.6228,70073.9075,17223.6465,0.8073
422,0,1,1,0,1,0,0,1,1,0,0.9382,0.844,0.2177,0.7938,0.8188,0.6185,70864.2355,17208.9336,0.8055
423,0,1,1,0,1,0,0,1,1,1,0.9376,0.844,0.2183,0.7917,0.8184,0.6189,70740.6459,17204.8477,0.8032
424,0,1,1,0,1,0,1,0,0,0,0.9343,0.7837,0.214,0.7909,0.8127,0.5682,89585.1129,17218.5762,0.8061
425,0,1,1,0,1,0,1,0,0,1,0.9376,0.8418,0.2191,0.7911,0.8213,0.6171,71826.9949,17205.7383,0.8037
426,0,1,1,0,1,0,1,0,1,0,0.9337,0.7851,0.2121,0.7898,0.8076,0.5685,89274.7747,17216.7383,0.8028
427,0,1,1,0,1,0,1,0,1,1,0.9379,0.8429,0.218,0.792,0.8175,0.6168,71376.0511,17203.7383,0.8033
428,0,1,1,0,1,0,1,1,0,0,0.9382,0.8429,0.219,0.7938,0.8224,0.6175,71287.7438,17209.3203,0.8071
429,0,1,1,0,1,0,1,1,0,1,0.938,0.8426,0.2198,0.7919,0.8225,0.6182,71163.0023,17205.248,0.8045
430,0,1,1,0,1,0,1,1,1,0,0.9374,0.8436,0.2168,0.7918,0.8167,0.6175,70902.5944,17207.7129,0.8028
431,0,1,1,0,1,0,1,1,1,1,0.9375,0.8436,0.2182,0.7915,0.8175,0.6178,70701.0184,17203.4375,0.8028
432,0,1,1,0,1,1,0,0,0,0,0.9371,0.8735,0.2234,0.7902,0.8275,0.6523,59030.8179,17117.7637,0.8021
433,0,1,1,0,1,1,0,0,0,1,0.9378,0.8732,0.221,0.7932,0.8279,0.653,58820.5827,17180.5273,0.8055
434,0,1,1,0,1,1,0,0,1,0,0.9367,0.8739,0.221,0.789,0.8215,0.6446,60238.2649,17116.1699,0.7987
435,0,1,1,0,1,1,0,0,1,1,0.937,0.8743,0.2185,0.7912,0.8216,0.6449,59679.0239,17178.793,0.8012
436,0,1,1,0,1,1,0,1,0,0,0.9378,0.8739,0.2182,0.7923,0.8264,0.6523,58461.1797,17201.2324,0.8036
437,0,1,1,0,1,1,0,1,0,1,0.9377,0.8739,0.218,0.7923,0.8255,0.6509,58613.8306,17200.2988,0.8035
438,0,1,1,0,1,1,0,1,1,0,0.9373,0.8743,0.216,0.7913,0.8207,0.6446,59680.3533,17199.5508,0.8009
439,0,1,1,0,1,1,0,1,1,1,0.9372,0.8743,0.2158,0.7915,0.8198,0.6432,59682.0039,17198.6055,0.8009
440,0,1,1,0,1,1,1,0,0,0,0.9372,0.8739,0.2228,0.7899,0.8259,0.6513,59104.7998,17116.5137,0.8012
441,0,1,1,0,1,1,1,0,0,1,0.9374,0.8743,0.2202,0.7921,0.8259,0.6513,58835.6527,17179.2363,0.8035
442,0,1,1,0,1,1,1,0,1,0,0.9367,0.8725,0.2208,0.7889,0.8208,0.6432,60506.9149,17114.9961,0.7986
443,0,1,1,0,1,1,1,0,1,1,0.9368,0.8735,0.2182,0.7908,0.8206,0.6435,59731.333,17177.5781,0.8007
444,0,1,1,0,1,1,1,1,0,0,0.9376,0.8743,0.2177,0.7921,0.825,0.6513,58567.711,17199.8574,0.8031
445,0,1,1,0,1,1,1,1,0,1,0.9375,0.8743,0.2175,0.7921,0.824,0.6499,58671.7384,17198.9258,0.803
446,0,1,1,0,1,1,1,1,1,0,0.9372,0.8735,0.2158,0.7912,0.8198,0.6432,59731.4302,17198.2539,0.8006
447,0,1,1,0,1,1,1,1,1,1,0.9372,0.8735,0.2158,0.7915,0.8191,0.6418,59733.7441,17197.3066,0.8008
448,0,1,1,1,0,0,0,0,0,0,0.8528,0.5509,0.243,0.6138,0.6928,0.2089,177827.4958,15702.2734,0.6026
449,0,1,1,1,0,0,0,0,0,1,0.8554,0.627,0.2449,0.6216,0.6963,0.3667,156864.383,15693.3594,0.609
450,0,1,1,1,0,0,0,0,1,0,0.8532,0.6034,0.2431,0.6143,0.6942,0.2948,165442.0406,15689.2686,0.6034
451,0,1,1,1,0,0,0,0,1,1,0.8525,0.6023,0.2448,0.6127,0.694,0.2948,165509.4139,15675.9111,0.6024
452,0,1,1,1,0,0,0,1,0,0,0.8536,0.5889,0.2437,0.6168,0.6942,0.3131,170363.3137,15693.5059,0.6036
453,0,1,1,1,0,0,0,1,0,1,0.8501,0.155,0.2436,0.6115,0.6917,0.1088,279103.0268,15696.4385,0.6073
454,0,1,1,1,0,0,0,1,1,0,0.852,0.6051,0.2435,0.6119,0.6932,0.2948,165262.1668,15686.9795,0.5996
455,0,1,1,1,0,0,0,1,1,1,0.8501,0.6051,0.2436,0.6079,0.6921,0.2948,165031.4489,15673.9814,0.5918
456,0,1,1,1,0,0,1,0,0,0,0.8517,0.6048,0.2426,0.6121,0.6916,0.2941,164941.5342,15696.8828,0.6006
457,0,1,1,1,0,0,1,0,0,1,0.8512,0.6048,0.2437,0.6111,0.6918,0.2945,164927.5377,15693.2578,0.5988
458,0,1,1,1,0,0,1,0,1,0,0.8522,0.6066,0.2436,0.6122,0.6933,0.2955,164912.9739,15679.0684,0.6014
459,0,1,1,1,0,0,1,0,1,1,0.8507,0.6066,0.2446,0.6076,0.6924,0.2955,164910.7229,15641.1816,0.5942
460,0,1,1,1,0,0,1,1,0,0,0.8475,0.1465,0.2421,0.6045,0.6892,0.1078,284823.9491,15694.6006,0.5974
461,0,1,1,1,0,0,1,1,0,1,0.8507,0.6048,0.2437,0.6108,0.6913,0.2945,164929.0487,15691.3066,0.5983
462,0,1,1,1,0,0,1,1,1,0,0.8492,0.5622,0.2432,0.6047,0.6904,0.2173,175175.6174,15676.8115,0.5896
463,0,1,1,1,0,0,1,1,1,1,0.8495,0.6058,0.2442,0.6063,0.6911,0.2955,164931.1926,15639.2266,0.592
464,0,1,1,1,0,1,0,0,0,0,0.8523,0.571,0.2398,0.6143,0.6951,0.2318,175027.6597,15654.624,0.6061
465,0,1,1,1,0,1,0,0,0,1,0.8525,0.6048,0.2406,0.615,0.6949,0.2931,164970.8541,15652.2324,0.6056
466,0,1,1,1,0,1,0,0,1,0,0.8533,0.6055,0.2409,0.6154,0.6988,0.2955,164951.7506,15634.8574,0.6047
467,0,1,1,1,0,1,0,0,1,1,0.8514,0.6055,0.2414,0.611,0.6954,0.2955,164950.6525,15617.6475,0.6006
468,0,1,1,1,0,1,0,1,0,0,0.8528,0.5604,0.2409,0.6161,0.6968,0.305,178444.375,15652.6191,0.6062
469,0,1,1,1,0,1,0,1,0,1,0.8522,0.6101,0.2401,0.6145,0.6944,0.3149,163543.0775,15651.4932,0.6037
470,0,1,1,1,0,1,0,1,1,0,0.8523,0.4361,0.2412,0.611,0.6964,0.1212,204700.3323,15627.7412,0.602
471,0,1,1,1,0,1,0,1,1,1,0.8521,0.6055,0.241,0.6128,0.6963,0.2955,164940.8347,15626.6357,0.6023
472,0,1,1,1,0,1,1,0,0,0,0.8516,0.5988,0.2398,0.6142,0.6953,0.2952,167308.996,15654.5195,0.6054
473,0,1,1,1,0,1,1,0,0,1,0.852,0.6034,0.2405,0.6144,0.6952,0.2948,165153.7169,15634.9834,0.605
474,0,1,1,1,0,1,1,0,1,0,0.8513,0.6058,0.2411,0.6113,0.6964,0.2962,164922.7343,15602.501,0.6012
475,0,1,1,1,0,1,1,0,1,1,0.8517,0.5977,0.2417,0.6117,0.6962,0.2959,167931.5274,15617.2051,0.6013
476,0,1,1,1,0,1,1,1,0,0,0.8519,0.5896,0.2406,0.6142,0.6955,0.2603,170339.7146,15652.5205,0.6058
477,0,1,1,1,0,1,1,1,0,1,0.8529,0.6037,0.2402,0.616,0.6961,0.2952,165558.0386,15634.2402,0.6061
478,0,1,1,1,0,1,1,1,1,0,0.8516,0.6006,0.2418,0.6112,0.6968,0.2962,166917.4253,15600.5,0.6005
479,0,1,1,1,0,1,1,1,1,1,0.8509,0.6066,0.2413,0.6104,0.695,0.2962,164913.8443,15616.4609,0.6001
480,0,1,1,1,1,0,0,0,0,0,0.9388,0.8426,0.2186,0.7944,0.8236,0.6178,71130.3044,17216.5273,0.8079
481,0,1,1,1,1,0,0,0,0,1,0.9385,0.8436,0.2195,0.7931,0.8239,0.6178,71071.6975,17212.6641,0.8065
482,0,1,1,1,1,0,0,0,1,0,0.9378,0.8454,0.216,0.7924,0.8173,0.6185,70607.8992,17214.7695,0.8034
483,0,1,1,1,1,0,0,0,1,1,0.9376,0.8454,0.2174,0.7918,0.8179,0.6189,70573.7252,17210.8789,0.8032
484,0,1,1,1,1,0,0,1,0,0,0.9377,0.8433,0.2185,0.7927,0.8226,0.6175,71138.0003,17214.0977,0.8063
485,0,1,1,1,1,0,0,1,0,1,0.9386,0.8433,0.2201,0.7932,0.8245,0.6178,71083.1977,17210.2383,0.8067
486,0,1,1,1,1,0,0,1,1,0,0.9376,0.8457,0.2165,0.7925,0.8177,0.6185,70560.2813,17212.459,0.8036
487,0,1,1,1,1,0,0,1,1,1,0.9376,0.845,0.2178,0.7918,0.8183,0.6185,70609.4877,17208.4746,0.8032
488,0,1,1,1,1,0,1,0,0,0,0.9379,0.8443,0.2175,0.7926,0.8211,0.6182,70993.1054,17215.168,0.8053
489,0,1,1,1,1,0,1,0,0,1,0.9373,0.8433,0.2184,0.7908,0.821,0.6182,70995.7179,17211.4277,0.8033
490,0,1,1,1,1,0,1,0,1,0,0.9377,0.845,0.2158,0.7923,0.8165,0.6178,70571.6834,17213.4082,0.8032
491,0,1,1,1,1,0,1,0,1,1,0.9374,0.845,0.2172,0.7915,0.817,0.6178,70536.7098,17209.4414,0.8027
492,0,1,1,1,1,0,1,1,0,0,0.9376,0.8426,0.2182,0.793,0.8214,0.6182,71246.6015,17212.5898,0.8062
493,0,1,1,1,1,0,1,1,0,1,0.9383,0.844,0.2194,0.7923,0.8226,0.6182,70963.2946,17208.9277,0.8049
494,0,1,1,1,1,0,1,1,1,0,0.9375,0.8457,0.2164,0.7925,0.8169,0.6178,70518.0918,17211.0605,0.8034
495,0,1,1,1,1,0,1,1,1,1,0.9371,0.8447,0.2173,0.7904,0.8167,0.6178,70564.0651,17207.2852,0.801
496,0,1,1,1,1,1,0,0,0,0,0.9378,0.8739,0.2168,0.7925,0.8256,0.6516,58452.6794,17207.4102,0.8035
497,0,1,1,1,1,1,0,0,0,1,0.9378,0.8739,0.2172,0.7924,0.8252,0.6495,58663.8746,17205.4551,0.8035
498,0,1,1,1,1,1,0,0,1,0,0.9372,0.8743,0.2146,0.7908,0.8198,0.6439,59680.9571,17205.5625,0.7997
499,0,1,1,1,1,1,0,0,1,1,0.9373,0.8739,0.2151,0.791,0.8196,0.6418,59802.8599,17203.209,0.7999
500,0,1,1,1,1,1,0,1,0,0,0.9377,0.8728,0.2171,0.7925,0.8256,0.6513,58545.2496,17205.5605,0.8036
501,0,1,1,1,1,1,0,1,0,1,0.9378,0.8743,0.2174,0.7926,0.8253,0.6499,58598.7775,17203.8086,0.8037
502,0,1,1,1,1,1,0,1,1,0,0.9372,0.8743,0.215,0.7909,0.8199,0.6432,59681.273,17203.6484,0.7999
503,0,1,1,1,1,1,0,1,1,1,0.9373,0.8739,0.2153,0.7909,0.8196,0.6414,59706.9947,17201.8223,0.7998
504,0,1,1,1,1,1,1,0,0,0,0.9376,0.8743,0.2163,0.7922,0.8241,0.6509,58567.8347,17206.0352,0.8029
505,0,1,1,1,1,1,1,0,0,1,0.9376,0.8743,0.2167,0.7916,0.8237,0.6485,58690.1884,17203.5156,0.8021
506,0,1,1,1,1,1,1,0,1,0,0.9375,0.8735,0.2148,0.7913,0.8195,0.6428,59732.1893,17204.1328,0.8004
507,0,1,1,1,1,1,1,0,1,1,0.9378,0.8735,0.2154,0.7917,0.8196,0.6404,59733.3907,17201.6895,0.8009
508,0,1,1,1,1,1,1,1,0,0,0.9377,0.8743,0.2167,0.7926,0.8244,0.6502,58568.2091,17204.1836,0.8034
509,0,1,1,1,1,1,1,1,0,1,0.9376,0.8743,0.2169,0.7916,0.8237,0.6481,58673.9667,17202.1152,0.8021
510,0,1,1,1,1,1,1,1,1,0,0.9375,0.8735,0.2151,0.7914,0.8196,0.6421,59733.384,17202.1387,0.8006
511,0,1,1,1,1,1,1,1,1,1,0.9377,0.8735,0.2156,0.7916,0.8195,0.64,59734.685,17200.2617,0.8007
512,1,0,0,0,0,0,0,0,0,0,0.8813,0.7302,0.2132,0.7048,0.7311,0.5551,107192.6997,17291.7109,0.6537
513,1,0,0,0,0,0,0,0,0,1,0.8786,0.7386,0.2111,0.7004,0.7273,0.5565,104219.3577,17292.0879,0.6489
514,1,0,0,0,0,0,0,0,1,0,0.9071,0.7619,0.2199,0.7311,0.7631,0.5636,98647.6878,17291.9336,0.7297
515,1,0,0,0,0,0,0,0,1,1,0.905,0.7647,0.2168,0.7299,0.758,0.5629,96860.8204,17295.1914,0.729
516,1,0,0,0,0,0,0,1,0,0,0.8775,0.739,0.2099,0.7011,0.7243,0.5551,104487.5498,17298.4824,0.6493
517,1,0,0,0,0,0,0,1,0,1,0.8787,0.7386,0.2109,0.7022,0.7256,0.5565,104286.3975,17292.3105,0.6509
518,1,0,0,0,0,0,0,1,1,0,0.9032,0.7647,0.2154,0.7292,0.7544,0.5629,96859.3385,17296.6875,0.7277
519,1,0,0,0,0,0,0,1,1,1,0.9031,0.7647,0.2151,0.7298,0.7538,0.5622,96878.3022,17295.8633,0.7285
520,1,0,0,0,0,0,1,0,0,0,0.9102,0.7689,0.2207,0.7354,0.7724,0.5622,97580.1508,17259.7227,0.7406
521,1,0,0,0,0,0,1,0,0,1,0.9081,0.7714,0.2178,0.7337,0.7671,0.5604,97192.1444,17225.5586,0.7389
522,1,0,0,0,0,0,1,0,1,0,0.911,0.7682,0.2241,0.7348,0.7763,0.5622,98032.6656,17115.1953,0.7451
523,1,0,0,0,0,0,1,0,1,1,0.9084,0.7767,0.2209,0.7336,0.7706,0.5618,95876.6231,17100.3496,0.7437
524,1,0,0,0,0,0,1,1,0,0,0.9062,0.7714,0.2165,0.7321,0.7635,0.5601,97205.5135,17226.9473,0.7365
525,1,0,0,0,0,0,1,1,0,1,0.9055,0.7714,0.2163,0.7306,0.7624,0.5601,97206.2546,17225.8281,0.7343
526,1,0,0,0,0,0,1,1,1,0,0.9077,0.7767,0.2203,0.7341,0.7687,0.5622,95828.6369,17101.7363,0.7446
527,1,0,0,0,0,0,1,1,1,1,0.9072,0.7767,0.22,0.7341,0.7677,0.5618,95834.4986,17100.7773,0.7444
528,1,0,0,0,0,1,0,0,0,0,0.888,0.739,0.2327,0.7084,0.7488,0.5565,104225.3306,17067.3086,0.6615
529,1,0,0,0,0,1,0,0,0,1,0.8908,0.7238,0.2163,0.7092,0.75,0.5534,110438.8457,17083.1445,0.6617
530,1,0,0,0,0,1,0,0,1,0,0.9148,0.7647,0.2396,0.7392,0.7821,0.5643,96801.0783,17065.5098,0.745
531,1,0,0,0,0,1,0,0,1,1,0.9158,0.7598,0.2198,0.7396,0.7806,0.5639,98098.395,17091.3203,0.7444
532,1,0,0,0,0,1,0,1,0,0,0.8918,0.7383,0.2079,0.7101,0.7505,0.5555,104473.3582,17195.2891,0.6623
533,1,0,0,0,0,1,0,1,0,1,0.8938,0.7386,0.2068,0.7123,0.7515,0.5558,104406.889,17212.2129,0.6646
534,1,0,0,0,0,1,0,1,1,0,0.9201,0.7644,0.2122,0.7444,0.784,0.5636,97007.4981,17241.5371,0.7504
535,1,0,0,0,0,1,0,1,1,1,0.9198,0.7644,0.2075,0.7446,0.7827,0.5636,97009.2774,17265.9883,0.7498
536,1,0,0,0,0,1,1,0,0,0,0.9161,0.7714,0.2397,0.7397,0.7888,0.5636,97128.5289,17028.3398,0.7502
537,1,0,0,0,0,1,1,0,0,1,0.9197,0.7714,0.2212,0.7459,0.7906,0.5629,97273.5892,17060.6055,0.7574
538,1,0,0,0,0,1,1,0,1,0,0.9192,0.7767,0.2442,0.7448,0.796,0.5622,95817.0442,16903.5078,0.7629
539,1,0,0,0,0,1,1,0,1,1,0.9198,0.7763,0.2245,0.7448,0.7941,0.5604,95962.5247,16894.1797,0.7613
540,1,0,0,0,0,1,1,1,0,0,0.9225,0.7714,0.2135,0.7472,0.7928,0.5629,97282.7511,17194.4648,0.7588
541,1,0,0,0,0,1,1,1,0,1,0.921,0.7636,0.2086,0.7447,0.7906,0.5615,100578.2622,17183.457,0.7549
542,1,0,0,0,0,1,1,1,1,0,0.9237,0.7763,0.2171,0.7488,0.7979,0.5608,95927.7203,17041.4492,0.7669
543,1,0,0,0,0,1,1,1,1,1,0.924,0.7763,0.2129,0.7515,0.7969,0.5608,95934.9971,17065.2656,0.7697
544,1,0,0,0,1,0,0,0,0,0,0.9267,0.7344,0.2239,0.7773,0.8093,0.5058,117854.0324,16601.4961,0.7995
545,1,0,0,0,1,0,0,0,0,1,0.9232,0.7651,0.2205,0.774,0.8027,0.5294,107740.3579,16594.0234,0.7947
546,1,0,0,0,1,0,0,0,1,0,0.9223,0.7936,0.2186,0.7707,0.797,0.5682,87605.6078,16644.4434,0.7827
547,1,0,0,0,1,0,0,0,1,1,0.921,0.8256,0.2157,0.7725,0.7925,0.5928,77422.2143,16785.9805,0.7842
548,1,0,0,0,1,0,0,1,0,0,0.9219,0.7703,0.2193,0.7738,0.7998,0.5322,106680.7673,16595.4043,0.7944
549,1,0,0,0,1,0,0,1,0,1,0.9223,0.771,0.2196,0.7747,0.7998,0.5343,106182.9926,16577.1152,0.7956
550,1,0,0,0,1,0,0,1,1,0,0.9197,0.8299,0.2145,0.7723,0.7897,0.5974,76982.3498,16769.9883,0.7838
551,1,0,0,0,1,0,0,1,1,1,0.9193,0.832,0.2145,0.7715,0.7889,0.5988,76382.9308,16751.748,0.7826
552,1,0,0,0,1,0,1,0,0,0,0.9226,0.7961,0.2165,0.7735,0.7927,0.5703,87003.327,16786.1543,0.7856
553,1,0,0,0,1,0,1,0,0,1,0.9179,0.8256,0.2113,0.7694,0.7832,0.5928,77587.963,16842.0293,0.7786
554,1,0,0,0,1,0,1,0,1,0,0.9228,0.7989,0.2175,0.7711,0.7898,0.5724,85777.5212,16970.1094,0.781
555,1,0,0,0,1,0,1,0,1,1,0.9198,0.8267,0.213,0.7695,0.7821,0.5967,76563.7083,17009.2793,0.7774
556,1,0,0,0,1,0,1,1,0,0,0.9161,0.8295,0.2101,0.7678,0.7795,0.5956,77276.8725,16843.1289,0.7763
557,1,0,0,0,1,0,1,1,0,1,0.9177,0.8306,0.2113,0.7712,0.7817,0.5977,76846.3282,16773.0391,0.7814
558,1,0,0,0,1,0,1,1,1,0,0.9183,0.8316,0.2119,0.7691,0.7791,0.6002,76361.4899,17010.3438,0.7767
559,1,0,0,0,1,0,1,1,1,1,0.9187,0.8323,0.2123,0.77,0.7796,0.6009,75739.6909,16957.9082,0.7783
560,1,0,0,0,1,1,0,0,0,0,0.9331,0.8112,0.243,0.783,0.8273,0.5763,90205.2348,16401.0215,0.8038
561,1,0,0,0,1,1,0,0,0,1,0.9359,0.8112,0.2245,0.789,0.8277,0.5763,90242.2183,16720.7949,0.8096
562,1,0,0,0,1,1,0,0,1,0,0.9279,0.8665,0.2368,0.7755,0.8137,0.6203,62788.557,16468.7148,0.7876
563,1,0,0,0,1,1,0,0,1,1,0.9326,0.8637,0.2203,0.7839,0.8175,0.6203,64792.2594,16718.8379,0.7975
564,1,0,0,0,1,1,0,1,0,0,0.9382,0.8101,0.2157,0.7895,0.8295,0.5763,90419.1853,16832.6465,0.8098
565,1,0,0,0,1,1,0,1,0,1,0.9387,0.8073,0.2126,0.7906,0.8285,0.5763,91591.1603,16883.8926,0.8107
566,1,0,0,0,1,1,0,1,1,0,0.9341,0.8658,0.2111,0.7836,0.8179,0.6203,63274.7325,16896.834,0.7964
567,1,0,0,0,1,1,0,1,1,1,0.9339,0.8658,0.2069,0.7843,0.8165,0.6203,63286.9638,16910.5039,0.7967
568,1,0,0,0,1,1,1,0,0,0,0.9295,0.8679,0.2357,0.78,0.8108,0.6206,61162.9463,16677.3555,0.7929
569,1,0,0,0,1,1,1,0,0,1,0.9316,0.8676,0.2172,0.783,0.8113,0.6203,61240.6444,16743.2148,0.7951
570,1,0,0,0,1,1,1,0,1,0,0.9294,0.8647,0.2356,0.7777,0.8071,0.6111,63283.874,16777.1191,0.7893
571,1,0,0,0,1,1,1,0,1,1,0.9312,0.8665,0.217,0.7806,0.8074,0.6139,62761.8988,16838.6836,0.7915
572,1,0,0,0,1,1,1,1,0,0,0.934,0.8679,0.2086,0.7843,0.8128,0.6203,61225.7599,16968.8906,0.7963
573,1,0,0,0,1,1,1,1,0,1,0.9334,0.8672,0.2047,0.7836,0.8104,0.6161,61785.5499,16977.332,0.7942
574,1,0,0,0,1,1,1,1,1,0,0.935,0.8665,0.2099,0.7841,0.8108,0.6139,62834.0235,16994.2324,0.7961
575,1,0,0,0,1,1,1,1,1,1,0.9349,0.8665,0.2059,0.785,0.8096,0.6139,62787.1355,17007.9375,0.7967
576,1,0,0,1,0,0,0,0,0,0,0.8783,0.7386,0.2101,0.7027,0.7246,0.5565,104278.1048,17296.6289,0.651
577,1,0,0,1,0,0,0,0,0,1,0.8778,0.7386,0.2103,0.701,0.7247,0.5565,104339.3943,17294.8398,0.6494
578,1,0,0,1,0,0,0,0,1,0,0.9023,0.7647,0.2147,0.7283,0.7527,0.5622,96878.3201,17298.1035,0.7264
579,1,0,0,1,0,0,0,0,1,1,0.903,0.7647,0.2152,0.7292,0.7537,0.5622,96881.43,17297.2012,0.7278
580,1,0,0,1,0,0,0,1,0,0,0.8784,0.7386,0.2102,0.7027,0.7248,0.5565,104277.5268,17295.5215,0.6511
581,1,0,0,1,0,0,0,1,0,1,0.8782,0.7386,0.2105,0.7016,0.7251,0.5565,104342.0441,17293.8477,0.6502
582,1,0,0,1,0,0,0,1,1,0,0.9029,0.7647,0.2151,0.7291,0.7536,0.5622,96879.2994,17297.5234,0.7276
583,1,0,0,1,0,0,0,1,1,1,0.903,0.7647,0.215,0.73,0.7535,0.5622,96900.4032,17296.668,0.7286
584,1,0,0,1,0,0,1,0,0,0,0.906,0.7714,0.2162,0.7327,0.7627,0.5601,97213.6321,17231.6816,0.7372
585,1,0,0,1,0,0,1,0,0,1,0.9053,0.7714,0.2161,0.7307,0.7621,0.5601,97211.9692,17227.4434,0.7345
586,1,0,0,1,0,0,1,0,1,0,0.9066,0.7767,0.2193,0.7325,0.7667,0.5615,95842.1197,17103.8066,0.7422
587,1,0,0,1,0,0,1,0,1,1,0.9062,0.7767,0.2191,0.7323,0.7662,0.5618,95835.2921,17102.8242,0.7419
588,1,0,0,1,0,0,1,1,0,0,0.906,0.7714,0.2163,0.7325,0.7629,0.5601,97218.6443,17230.8457,0.7369
589,1,0,0,1,0,0,1,1,0,1,0.9056,0.771,0.2161,0.7314,0.7624,0.5601,97419.5597,17229.8164,0.7352
590,1,0,0,1,0,0,1,1,1,0,0.9076,0.7767,0.2199,0.7345,0.768,0.5611,95871.6137,17102.9121,0.745
591,1,0,0,1,0,0,1,1,1,1,0.9073,0.7753,0.2198,0.7349,0.7676,0.5622,95913.2777,17104.8184,0.7453
592,1,0,0,1,0,1,0,0,0,0,0.8935,0.7386,0.2061,0.7115,0.7521,0.5555,104427.5841,17256.5918,0.664
593,1,0,0,1,0,1,0,0,0,1,0.8939,0.7386,0.2045,0.7129,0.7515,0.5562,104341.1871,17269.3242,0.6652
594,1,0,0,1,0,1,0,0,1,0,0.9209,0.7644,0.2086,0.7451,0.7848,0.5636,96999.4334,17286.6758,0.7512
595,1,0,0,1,0,1,0,0,1,1,0.9202,0.7644,0.2052,0.746,0.7824,0.5636,97007.2672,17292.8496,0.7516
596,1,0,0,1,0,1,0,1,0,0,0.8943,0.7386,0.206,0.7127,0.7526,0.5558,104389.0645,17274.8359,0.6654
597,1,0,0,1,0,1,0,1,0,1,0.8934,0.7386,0.2043,0.7117,0.7512,0.5565,104312.2632,17270.1836,0.664
598,1,0,0,1,0,1,0,1,1,0,0.9216,0.7644,0.2081,0.7464,0.7854,0.5636,97008.0034,17291.8086,0.7529
599,1,0,0,1,0,1,0,1,1,1,0.92,0.7644,0.2049,0.7458,0.782,0.5636,97009.0115,17292.6758,0.7512
600,1,0,0,1,0,1,1,0,0,0,0.9223,0.7714,0.2094,0.7467,0.7919,0.5629,97286.115,17244.6055,0.7577
601,1,0,0,1,0,1,1,0,0,1,0.9228,0.7696,0.2072,0.7485,0.7915,0.5629,97587.0809,17252.2266,0.7596
602,1,0,0,1,0,1,1,0,1,0,0.9238,0.7763,0.2132,0.7499,0.797,0.5608,95928.5897,17089.7012,0.7674
603,1,0,0,1,0,1,1,0,1,1,0.9232,0.7763,0.2104,0.7498,0.7953,0.5608,95928.2097,17094.5742,0.7671
604,1,0,0,1,0,1,1,1,0,0,0.9214,0.7714,0.2082,0.7453,0.7907,0.5629,97283.7562,17250.998,0.7557
605,1,0,0,1,0,1,1,1,0,1,0.9227,0.7658,0.2069,0.7487,0.7912,0.5608,100597.7403,17231.7988,0.7597
606,1,0,0,1,0,1,1,1,1,0,0.9245,0.7763,0.2128,0.7519,0.7977,0.5604,95965.6943,17088.0117,0.7701
607,1,0,0,1,0,1,1,1,1,1,0.9239,0.7753,0.2105,0.7512,0.7961,0.5601,97169.1131,17091.0508,0.7691
608,1,0,0,1,1,0,0,0,0,0,0.9212,0.771,0.2184,0.7736,0.7982,0.5343,106341.3494,16599.0547,0.7944
609,1,0,0,1,1,0,0,0,0,1,0.9221,0.7721,0.2192,0.7747,0.7994,0.535,106052.3917,16595.9258,0.7956
610,1,0,0,1,1,0,0,0,1,0,0.9189,0.8309,0.2136,0.7713,0.7882,0.5988,76658.1839,16771.7383,0.7822
611,1,0,0,1,1,0,0,0,1,1,0.9191,0.8323,0.214,0.7715,0.7885,0.5988,76322.2574,16770.5352,0.7826
612,1,0,0,1,1,0,0,1,0,0,0.9222,0.8246,0.2195,0.775,0.8004,0.5974,80144.9849,16632.7754,0.7949
613,1,0,0,1,1,0,0,1,0,1,0.9221,0.7721,0.2193,0.7749,0.7995,0.535,106027.3264,16578.1914,0.7959
614,1,0,0,1,1,0,0,1,1,0,0.9193,0.8316,0.2142,0.7722,0.7889,0.5988,76242.1953,16805.2812,0.7832
615,1,0,0,1,1,0,0,1,1,1,0.9191,0.832,0.2142,0.7714,0.7885,0.5988,76326.9999,16735.5879,0.7825
616,1,0,0,1,1,0,1,0,0,0,0.9165,0.8299,0.21,0.7686,0.7795,0.5977,77051.2584,16844.3652,0.7773
617,1,0,0,1,1,0,1,0,0,1,0.9167,0.8306,0.2104,0.7699,0.7802,0.5977,76745.8167,16826.3926,0.7794
618,1,0,0,1,1,0,1,0,1,0,0.9185,0.8313,0.2118,0.7701,0.7791,0.6006,76003.946,16959.918,0.7781
619,1,0,0,1,1,0,1,0,1,1,0.9181,0.8323,0.2117,0.769,0.7784,0.6013,75710.2189,16959.3125,0.7766
620,1,0,0,1,1,0,1,1,0,0,0.9163,0.8299,0.2101,0.7687,0.7794,0.5977,76990.7938,16843.6797,0.7776
621,1,0,0,1,1,0,1,1,0,1,0.9176,0.8306,0.2111,0.7711,0.7814,0.5977,76736.6716,16825.1914,0.7813
622,1,0,0,1,1,0,1,1,1,0,0.918,0.8316,0.2115,0.7689,0.7783,0.6006,75991.1125,16959.6855,0.7765
623,1,0,0,1,1,0,1,1,1,1,0.9181,0.8327,0.2118,0.7691,0.7785,0.6013,75697.2596,16958.7754,0.7768
624,1,0,0,1,1,1,0,0,0,0,0.9394,0.8094,0.2133,0.7911,0.83,0.5763,90766.1124,16889.6445,0.8115
625,1,0,0,1,1,1,0,0,0,1,0.939,0.8112,0.2108,0.7913,0.8284,0.5763,90215.0338,16979.7598,0.811
626,1,0,0,1,1,1,0,0,1,0,0.9328,0.8042,0.2067,0.781,0.8161,0.6097,95574.7906,17001.9336,0.793
627,1,0,0,1,1,1,0,0,1,1,0.934,0.8619,0.2049,0.7843,0.8158,0.6203,65662.477,16932.3652,0.7961
628,1,0,0,1,1,1,0,1,0,0,0.9394,0.8098,0.2126,0.7915,0.8298,0.5763,90703.9617,16973.1465,0.8117
629,1,0,0,1,1,1,0,1,0,1,0.939,0.8112,0.2103,0.7919,0.828,0.5763,90224.1378,16911.8594,0.8118
630,1,0,0,1,1,1,0,1,1,0,0.9337,0.8024,0.2065,0.783,0.8173,0.6041,95386.0919,17026.6602,0.7957
631,1,0,0,1,1,1,0,1,1,1,0.9344,0.8658,0.2049,0.7852,0.8163,0.6203,63296.8785,16937.1074,0.7975
632,1,0,0,1,1,1,1,0,0,0,0.9338,0.8658,0.2049,0.7839,0.8116,0.6203,62007.957,17021.9531,0.795
633,1,0,0,1,1,1,1,0,0,1,0.9337,0.8651,0.2028,0.784,0.8101,0.6203,62199.5851,17024.9043,0.7946
634,1,0,0,1,1,1,1,0,1,0,0.9355,0.8665,0.2067,0.7851,0.8107,0.6136,62790.235,17030.4199,0.7972
635,1,0,0,1,1,1,1,0,1,1,0.9353,0.8665,0.2042,0.7854,0.8094,0.6136,62781.9513,17037.8281,0.797
636,1,0,0,1,1,1,1,1,0,0,0.9345,0.8679,0.2049,0.7849,0.8122,0.6203,61229.2849,17005.6523,0.7964
637,1,0,0,1,1,1,1,1,0,1,0.9337,0.8676,0.2022,0.7846,0.8102,0.6203,61251.9686,17046.0039,0.7955
638,1,0,0,1,1,1,1,1,1,0,0.9353,0.8665,0.2059,0.7851,0.8103,0.6136,62790.7828,17032.4531,0.797
639,1,0,0,1,1,1,1,1,1,1,0.9352,0.8665,0.2039,0.7854,0.8091,0.6139,62787.9763,17034.2754,0.7968
640,1,0,1,0,0,0,0,0,0,0,0.9092,0.7665,0.2197,0.7358,0.7716,0.5629,100671.38,17258.0547,0.7418
641,1,0,1,0,0,0,0,0,0,1,0.9053,0.7749,0.2153,0.7329,0.7633,0.5636,96273.3868,17227.1953,0.7375
642,1,0,1,0,0,0,0,0,1,0,0.9117,0.7686,0.2234,0.7369,0.7764,0.5632,98173.0077,17118.8652,0.7477
643,1,0,1,0,0,0,0,0,1,1,0.9095,0.777,0.2208,0.7356,0.7717,0.5632,95844.3514,17103.6797,0.7463
644,1,0,1,0,0,0,0,1,0,0,0.9031,0.771,0.214,0.731,0.7595,0.5629,99119.5234,17228.5371,0.7349
645,1,0,1,0,0,0,0,1,0,1,0.9052,0.7746,0.2153,0.7334,0.762,0.5636,96331.3752,17226.6816,0.7384
646,1,0,1,0,0,0,0,1,1,0,0.9088,0.777,0.2201,0.7361,0.7697,0.5632,95844.2654,17105.2012,0.7472
647,1,0,1,0,0,0,0,1,1,1,0.9077,0.777,0.2194,0.7352,0.7678,0.5632,95856.1842,17104.0879,0.7455
648,1,0,1,0,0,0,1,0,0,0,0.9081,0.7675,0.2202,0.7306,0.7718,0.5622,98384.8327,17222.7852,0.7362
649,1,0,1,0,0,0,1,0,0,1,0.9072,0.7767,0.2177,0.7331,0.7678,0.5611,96335.8335,17225.6543,0.74
650,1,0,1,0,0,0,1,0,1,0,0.9107,0.7689,0.2236,0.7347,0.7761,0.5632,98210.5379,17100.1309,0.7451
651,1,0,1,0,0,0,1,0,1,1,0.9086,0.777,0.2207,0.7338,0.7711,0.5629,96456.72,17102.2148,0.7445
652,1,0,1,0,0,0,1,1,0,0,0.9061,0.7763,0.2169,0.7331,0.7653,0.5608,96354.5333,17209.8984,0.7398
653,1,0,1,0,0,0,1,1,0,1,0.9052,0.7763,0.2165,0.7313,0.764,0.5608,96363.4775,17208.6426,0.7374
654,1,0,1,0,0,0,1,1,1,0,0.9074,0.7774,0.2197,0.7341,0.7684,0.5625,95916.5126,17103.8984,0.7447
655,1,0,1,0,0,0,1,1,1,1,0.9083,0.7774,0.2202,0.7365,0.7693,0.5622,95920.8627,17102.623,0.7482
656,1,0,1,0,0,1,0,0,0,0,0.9163,0.7749,0.2391,0.7424,0.7892,0.5653,96237.644,17029.625,0.7542
657,1,0,1,0,0,1,0,0,0,1,0.9191,0.7749,0.2203,0.7469,0.79,0.5639,96354.9359,17061.7363,0.759
658,1,0,1,0,0,1,0,0,1,0,0.9164,0.7749,0.2419,0.7389,0.7923,0.5625,99052.8264,16907.4492,0.7547
659,1,0,1,0,0,1,0,0,1,1,0.9197,0.7718,0.2236,0.7451,0.7934,0.5618,97388.9274,16897.3008,0.7614
660,1,0,1,0,0,1,0,1,0,0,0.9223,0.7749,0.2129,0.7493,0.7927,0.5636,96374.2218,17188.3379,0.7622
661,1,0,1,0,0,1,0,1,0,1,0.9207,0.7749,0.2083,0.7476,0.7896,0.5636,96394.3909,17203.1582,0.7587
662,1,0,1,0,0,1,0,1,1,0,0.9236,0.777,0.2154,0.7491,0.7971,0.5622,95934.7185,17048.0371,0.767
663,1,0,1,0,0,1,0,1,1,1,0.9217,0.7718,0.211,0.7455,0.7935,0.5604,100656.0425,17065.1875,0.7612
664,1,0,1,0,0,1,1,0,0,0,0.9163,0.7767,0.2401,0.7405,0.7913,0.5646,96258.0845,17028.668,0.7539
665,1,0,1,0,0,1,1,0,0,1,0.9191,0.776,0.2213,0.745,0.7924,0.5639,96383.8192,17026.623,0.7587
666,1,0,1,0,0,1,1,0,1,0,0.9182,0.7334,0.2436,0.743,0.7955,0.559,111360.1159,16905.6504,0.7613
667,1,0,1,0,0,1,1,0,1,1,0.9205,0.777,0.2247,0.7456,0.7956,0.5618,95988.4492,16898.4707,0.763
668,1,0,1,0,0,1,1,1,0,0,0.9201,0.776,0.2117,0.744,0.7921,0.5639,96390.2332,17167.1152,0.7565
669,1,0,1,0,0,1,1,1,0,1,0.9202,0.7703,0.2077,0.7451,0.7911,0.5615,98522.3318,17144.9746,0.7576
670,1,0,1,0,0,1,1,1,1,0,0.9232,0.777,0.2165,0.747,0.7975,0.5615,96000.579,17026.4043,0.7647
671,1,0,1,0,0,1,1,1,1,1,0.9223,0.777,0.2115,0.7474,0.795,0.5615,95998.2838,17052.1602,0.7643
672,1,0,1,0,1,0,0,0,0,0,0.9222,0.7978,0.215,0.7715,0.7891,0.5692,86241.2296,16978.2402,0.7817
673,1,0,1,0,1,0,0,0,0,1,0.9207,0.8267,0.212,0.7729,0.7839,0.5967,76488.5292,17033.543,0.7825
674,1,0,1,0,1,0,0,0,1,0,0.9215,0.7968,0.2145,0.7683,0.7854,0.5699,86465.9061,16976.6055,0.7766
675,1,0,1,0,1,0,0,0,1,1,0.9206,0.8256,0.2122,0.7697,0.7813,0.5928,77682.8731,16876.0957,0.7782
676,1,0,1,0,1,0,0,1,0,0,0.9196,0.8313,0.2112,0.7733,0.7815,0.6002,76438.8434,16931.7559,0.7831
677,1,0,1,0,1,0,0,1,0,1,0.92,0.8323,0.2114,0.7742,0.7819,0.6009,75813.8992,16930.6875,0.7844
678,1,0,1,0,1,0,0,1,1,0,0.9198,0.8295,0.2115,0.7701,0.7795,0.596,77331.2963,16872.0176,0.7785
679,1,0,1,0,1,0,0,1,1,1,0.9193,0.8306,0.2113,0.7695,0.7783,0.5974,76921.6327,16876.2012,0.7777
680,1,0,1,0,1,0,1,0,0,0,0.9233,0.7989,0.2163,0.7726,0.7903,0.5717,85946.3806,16975.6074,0.7835
681,1,0,1,0,1,0,1,0,0,1,0.9203,0.8267,0.2119,0.7717,0.7828,0.596,76598.5088,16980.3457,0.781
682,1,0,1,0,1,0,1,0,1,0,0.9226,0.7968,0.2155,0.7701,0.7869,0.5703,86471.8518,16974.2637,0.7795
683,1,0,1,0,1,0,1,0,1,1,0.9212,0.8256,0.213,0.7709,0.7821,0.5928,77692.247,16874.0684,0.78
684,1,0,1,0,1,0,1,1,0,0,0.9194,0.8313,0.2113,0.7722,0.7806,0.6002,76448.3934,16929.8047,0.7817
685,1,0,1,0,1,0,1,1,0,1,0.9189,0.8323,0.211,0.7717,0.7799,0.6009,75651.3576,16997.7832,0.7809
686,1,0,1,0,1,0,1,1,1,0,0.9198,0.8295,0.2119,0.7706,0.7793,0.5967,77317.8966,16875.4297,0.7794
687,1,0,1,0,1,0,1,1,1,1,0.9198,0.8306,0.2121,0.7706,0.7791,0.5974,76907.3719,16874.1758,0.7796
688,1,0,1,0,1,1,0,0,0,0,0.9305,0.8683,0.2346,0.7807,0.8091,0.6178,61474.6254,16835.8125,0.7931
689,1,0,1,0,1,1,0,0,0,1,0.9328,0.8679,0.2165,0.7845,0.8096,0.6171,61769.2775,16845.998,0.7968
690,1,0,1,0,1,1,0,0,1,0,0.9283,0.8644,0.2334,0.7751,0.8035,0.6115,63415.0055,16803.5938,0.7857
691,1,0,1,0,1,1,0,0,1,1,0.9318,0.8644,0.2164,0.7808,0.806,0.6094,63642.281,16829.6562,0.7918
692,1,0,1,0,1,1,0,1,0,0,0.9356,0.8676,0.2081,0.7872,0.8121,0.6171,61783.176,17006.7227,0.8
693,1,0,1,0,1,1,0,1,0,1,0.9352,0.8679,0.2044,0.7869,0.8102,0.6175,61725.4042,17015.2539,0.7988
694,1,0,1,0,1,1,0,1,1,0,0.935,0.8623,0.2089,0.7839,0.8088,0.6087,65107.7104,16996.8574,0.7959
695,1,0,1,0,1,1,0,1,1,1,0.9346,0.8637,0.2047,0.7839,0.807,0.609,63772.7032,17010.7207,0.795
696,1,0,1,0,1,1,1,0,0,0,0.9312,0.8679,0.2357,0.7815,0.8098,0.6175,61776.0379,16825.6172,0.7946
697,1,0,1,0,1,1,1,0,0,1,0.9326,0.8683,0.2166,0.784,0.8092,0.6175,61703.4267,16849.8125,0.7963
698,1,0,1,0,1,1,1,0,1,0,0.9278,0.8644,0.2336,0.7744,0.8028,0.6118,63450.1106,16746.1094,0.785
699,1,0,1,0,1,1,1,0,1,1,0.9308,0.864,0.216,0.7789,0.8042,0.6097,63717.6426,16846.832,0.7891
700,1,0,1,0,1,1,1,1,0,0,0.936,0.8679,0.209,0.7875,0.8122,0.6175,61813.0344,17000.1875,0.8009
701,1,0,1,0,1,1,1,1,0,1,0.9358,0.8679,0.205,0.7877,0.8107,0.6175,61815.4278,17013.1523,0.8004
702,1,0,1,0,1,1,1,1,1,0,0.9343,0.864,0.2085,0.7824,0.8076,0.6094,63758.6673,16999.6348,0.7939
703,1,0,1,0,1,1,1,1,1,1,0.9338,0.8637,0.2043,0.7824,0.8057,0.609,63801.3495,17010.0762,0.7931
704,1,0,1,1,0,0,0,0,0,0,0.9039,0.7749,0.2142,0.7336,0.7598,0.5632,96319.6617,17229.9414,0.7382
705,1,0,1,1,0,0,0,0,0,1,0.9032,0.7749,0.214,0.7308,0.7591,0.5629,96328.8094,17229.0566,0.7345
706,1,0,1,1,0,0,0,0,1,0,0.9078,0.777,0.2193,0.7346,0.7678,0.5632,95851.4339,17107.1855,0.7449
707,1,0,1,1,0,0,0,0,1,1,0.9067,0.777,0.2188,0.733,0.7663,0.5622,95900.7632,17106.0723,0.7424
708,1,0,1,1,0,0,0,1,0,0,0.9053,0.7728,0.2152,0.7339,0.7622,0.565,97776.4918,17246.5488,0.7388
709,1,0,1,1,0,0,0,1,0,1,0.9068,0.7749,0.2159,0.7375,0.7638,0.5629,96331.1935,17227.7559,0.7437
710,1,0,1,1,0,0,0,1,1,0,0.9078,0.777,0.2194,0.7341,0.7679,0.5632,95845.6957,17106.3887,0.7443
711,1,0,1,1,0,0,0,1,1,1,0.9074,0.777,0.2191,0.7349,0.7673,0.5632,95887.7919,17105.2969,0.7452
712,1,0,1,1,0,0,1,0,0,0,0.9057,0.7763,0.2166,0.7325,0.7643,0.5601,96696.4395,17211.6523,0.7391
713,1,0,1,1,0,0,1,0,0,1,0.9044,0.7763,0.216,0.73,0.7627,0.5608,96345.3914,17210.4473,0.7354
714,1,0,1,1,0,0,1,0,1,0,0.907,0.7777,0.2192,0.7331,0.7674,0.5625,95915.3462,17105.6914,0.7433
715,1,0,1,1,0,0,1,0,1,1,0.9065,0.7774,0.2192,0.7322,0.7669,0.5625,95915.7191,17104.5684,0.7421
716,1,0,1,1,0,0,1,1,0,0,0.9048,0.7763,0.2163,0.7308,0.7634,0.5608,96357.9336,17211.1445,0.7367
717,1,0,1,1,0,0,1,1,0,1,0.9053,0.7763,0.2163,0.732,0.7639,0.5608,96356.6223,17212.8105,0.7382
718,1,0,1,1,0,0,1,1,1,0,0.9071,0.7774,0.2194,0.7339,0.7676,0.5625,95916.8481,17105.0078,0.7445
719,1,0,1,1,0,0,1,1,1,1,0.9073,0.7721,0.2197,0.7347,0.768,0.5608,100885.4234,17103.8145,0.7455
720,1,0,1,1,0,1,0,0,0,0,0.9216,0.7725,0.2087,0.7474,0.7911,0.5636,97468.2543,17246.6055,0.7589
721,1,0,1,1,0,1,0,0,0,1,0.9211,0.7749,0.2063,0.7479,0.7895,0.5636,96363.3148,17247.5273,0.759
722,1,0,1,1,0,1,0,0,1,0,0.9225,0.777,0.2114,0.7461,0.7948,0.5622,95931.2331,17092.8828,0.7621
723,1,0,1,1,0,1,0,0,1,1,0.9232,0.777,0.2098,0.7475,0.7949,0.5622,95934.9206,17093.334,0.7637
724,1,0,1,1,0,1,0,1,0,0,0.9207,0.7749,0.2074,0.7466,0.7897,0.5636,96364.3151,17252.8203,0.7573
725,1,0,1,1,0,1,0,1,0,1,0.9202,0.7749,0.2053,0.7462,0.7883,0.5636,96365.4139,17249.1836,0.7564
726,1,0,1,1,0,1,0,1,1,0,0.9226,0.777,0.2108,0.7468,0.7946,0.5618,95947.6283,17098.2227,0.7627
727,1,0,1,1,0,1,0,1,1,1,0.922,0.7767,0.2086,0.7464,0.7929,0.5622,96046.5497,17094.4082,0.7617
728,1,0,1,1,0,1,1,0,0,0,0.9215,0.776,0.2089,0.7458,0.7933,0.5639,96391.0366,17211.873,0.7589
729,1,0,1,1,0,1,1,0,0,1,0.9216,0.776,0.2063,0.7479,0.7923,0.5639,96391.5636,17216.3789,0.761
730,1,0,1,1,0,1,1,0,1,0,0.9221,0.7489,0.2117,0.7463,0.7957,0.5523,110084.9105,17076.0898,0.7629
731,1,0,1,1,0,1,1,0,1,1,0.9215,0.777,0.209,0.7461,0.7935,0.5615,95996.0569,17075.9883,0.762
732,1,0,1,1,0,1,1,1,0,0,0.9208,0.776,0.2076,0.7455,0.7921,0.5639,96391.4324,17221.2285,0.7579
733,1,0,1,1,0,1,1,1,0,1,0.9216,0.7753,0.2059,0.7484,0.7922,0.5639,96895.0858,17221.1562,0.7613
734,1,0,1,1,0,1,1,1,1,0,0.9227,0.776,0.2115,0.747,0.7959,0.5615,96503.8923,17097.5098,0.7637
735,1,0,1,1,0,1,1,1,1,1,0.9224,0.7749,0.2092,0.7476,0.7944,0.5608,98982.2162,17076.6016,0.7641
736,1,0,1,1,1,0,0,0,0,0,0.9194,0.8313,0.2109,0.7732,0.7807,0.6006,76072.5583,16933.0762,0.783
737,1,0,1,1,1,0,0,0,0,1,0.9199,0.8323,0.2113,0.7738,0.7814,0.6013,75769.6662,16931.8906,0.7839
738,1,0,1,1,1,0,0,0,1,0,0.919,0.8299,0.2107,0.7694,0.7776,0.5974,77125.9954,16879.2012,0.7774
739,1,0,1,1,1,0,0,0,1,1,0.9191,0.8306,0.211,0.7695,0.7779,0.5974,76833.7601,16877.9824,0.7777
740,1,0,1,1,1,0,0,1,0,0,0.9194,0.8316,0.2109,0.7732,0.7807,0.6006,76070.1584,16932.5156,0.783
741,1,0,1,1,1,0,0,1,0,1,0.9194,0.8323,0.211,0.7733,0.7809,0.6013,75733.7303,16931.6191,0.7831
742,1,0,1,1,1,0,0,1,1,0,0.919,0.8299,0.2108,0.7693,0.7777,0.597,77140.0084,16878.4707,0.7775
743,1,0,1,1,1,0,0,1,1,1,0.9191,0.8306,0.2111,0.7695,0.778,0.597,76827.6672,16877.2852,0.7778
744,1,0,1,1,1,0,1,0,0,0,0.9186,0.8313,0.2106,0.7712,0.7791,0.6006,76154.7722,16931.3105,0.7802
745,1,0,1,1,1,0,1,0,0,1,0.9187,0.8323,0.2107,0.7713,0.7792,0.6013,75780.0228,16930.377,0.7804
746,1,0,1,1,1,0,1,0,1,0,0.9188,0.8299,0.2109,0.7698,0.7774,0.5974,77108.4814,16877.25,0.7785
747,1,0,1,1,1,0,1,0,1,1,0.9197,0.8306,0.2118,0.7706,0.7787,0.5974,76811.7402,16875.959,0.7795
748,1,0,1,1,1,0,1,1,0,0,0.9186,0.8313,0.2107,0.7713,0.7791,0.5999,76162.1268,16930.7578,0.7803
749,1,0,1,1,1,0,1,1,0,1,0.9182,0.8323,0.2104,0.7706,0.7787,0.6013,75788.1793,16930.1992,0.7794
750,1,0,1,1,1,0,1,1,1,0,0.9195,0.8299,0.2115,0.7705,0.7785,0.5974,77055.1688,16876.4395,0.7793
751,1,0,1,1,1,0,1,1,1,1,0.9197,0.8306,0.2119,0.7706,0.7788,0.5974,76806.4977,16875.2676,0.7796
752,1,0,1,1,1,1,0,0,0,0,0.9361,0.8676,0.2052,0.7878,0.8118,0.6171,61785.6107,17038.543,0.8006
753,1,0,1,1,1,1,0,0,0,1,0.936,0.8676,0.2026,0.7887,0.8107,0.6171,61787.3375,17046.1484,0.8013
754,1,0,1,1,1,1,0,0,1,0,0.9351,0.8637,0.2054,0.7841,0.8081,0.609,63778.5999,17033.8516,0.7956
755,1,0,1,1,1,1,0,0,1,1,0.9355,0.8637,0.2035,0.7855,0.8076,0.609,63776.8009,17037.3379,0.7971
756,1,0,1,1,1,1,0,1,0,0,0.9352,0.8679,0.2038,0.7868,0.8106,0.6175,61720.2185,17044.3984,0.7985
757,1,0,1,1,1,1,0,1,0,1,0.9359,0.8676,0.2023,0.7887,0.8104,0.6171,61784.6596,17042.5957,0.8012
758,1,0,1,1,1,1,0,1,1,0,0.935,0.8644,0.2046,0.7842,0.8078,0.6094,63749.4766,17040.0664,0.7955
759,1,0,1,1,1,1,0,1,1,1,0.9356,0.8619,0.2032,0.7858,0.8077,0.6087,65128.6965,17038.002,0.7974
760,1,0,1,1,1,1,1,0,0,0,0.9364,0.8679,0.2057,0.7879,0.8118,0.6175,61812.1347,17035.8438,0.801
761,1,0,1,1,1,1,1,0,0,1,0.9358,0.8679,0.2029,0.7878,0.81,0.6175,61936.2977,17039.9336,0.8003
762,1,0,1,1,1,1,1,0,1,0,0.9345,0.864,0.205,0.7829,0.807,0.6094,63772.7925,17036.9941,0.794
763,1,0,1,1,1,1,1,0,1,1,0.9343,0.8633,0.2027,0.7831,0.8056,0.609,63803.9846,17036.4609,0.7937
764,1,0,1,1,1,1,1,1,0,0,0.9362,0.8679,0.2049,0.788,0.8114,0.6175,61815.8691,17037.9102,0.8008
765,1,0,1,1,1,1,1,1,0,1,0.9357,0.8679,0.2024,0.7879,0.8098,0.6175,61939.0663,17044.8047,0.8002
766,1,0,1,1,1,1,1,1,1,0,0.9343,0.8637,0.2042,0.7828,0.8065,0.609,63807.3009,17035.0938,0.7937
767,1,0,1,1,1,1,1,1,1,1,0.9342,0.8633,0.2024,0.783,0.8054,0.609,63804.9138,17037.1133,0.7935
768,1,1,0,0,0,0,0,0,0,0,0.9049,0.8073,0.1977,0.7442,0.7498,0.5956,69893.6901,17291.6465,0.6871
769,1,1,0,0,0,0,0,0,0,1,0.9109,0.7541,0.2048,0.7449,0.764,0.5664,96869.2682,17276.5684,0.6925
770,1,1,0,0,0,0,0,0,1,0,0.9402,0.7725,0.2065,0.7878,0.7942,0.5685,95550.2924,17292.3047,0.7991
771,1,1,0,0,0,0,0,0,1,1,0.9448,0.7855,0.2129,0.7892,0.8056,0.5706,91025.1816,17278.2207,0.8047
772,1,1,0,0,0,0,0,1,0,0,0.9099,0.758,0.2037,0.744,0.7629,0.5703,93901.4959,17279.4434,0.6913
773,1,1,0,0,0,0,0,1,0,1,0.91,0.7545,0.2054,0.7431,0.7643,0.5671,96505.5932,17273.6719,0.6912
774,1,1,0,0,0,0,0,1,1,0,0.9442,0.7851,0.2121,0.7872,0.8055,0.5703,91156.7978,17281.8262,0.8029
775,1,1,0,0,0,0,0,1,1,1,0.9442,0.7887,0.2135,0.7876,0.8058,0.5717,89972.2728,17276.5488,0.8029
776,1,1,0,0,0,0,1,0,0,0,0.9431,0.77,0.2078,0.7949,0.8068,0.5696,96306.5383,17291.6035,0.8146
777,1,1,0,0,0,0,1,0,0,1,0.9468,0.7922,0.214,0.7953,0.817,0.578,90685.7358,17276.8516,0.8176
778,1,1,0,0,0,0,1,0,1,0,0.9446,0.7665,0.2133,0.795,0.8152,0.5699,97735.9289,17284.8203,0.8232
779,1,1,0,0,0,0,1,0,1,1,0.9517,0.7978,0.2211,0.8018,0.8297,0.5791,89714.3274,17270.4609,0.8348
780,1,1,0,0,0,0,1,1,0,0,0.945,0.7925,0.2126,0.7922,0.8146,0.5777,90760.2879,17280.6074,0.814
781,1,1,0,0,0,0,1,1,0,1,0.9487,0.7939,0.2154,0.7988,0.8199,0.578,90092.1003,17275.5605,0.8223
782,1,1,0,0,0,0,1,1,1,0,0.9491,0.7985,0.2189,0.7982,0.8261,0.5801,89541.3147,17274.4883,0.8304
783,1,1,0,0,0,0,1,1,1,1,0.9485,0.7897,0.2203,0.794,0.8264,0.5766,92152.7571,17268.957,0.8257
784,1,1,0,0,0,1,0,0,0,0,0.9104,0.7485,0.208,0.7428,0.7668,0.5632,99973.2081,17186.6641,0.6914
785,1,1,0,0,0,1,0,0,0,1,0.9106,0.7489,0.2073,0.7429,0.7668,0.5632,99765.1598,17223.7383,0.6917
786,1,1,0,0,0,1,0,0,1,0,0.9459,0.7865,0.2178,0.7879,0.8115,0.5706,90544.7163,17188.1426,0.8042
787,1,1,0,0,0,1,0,0,1,1,0.9453,0.7865,0.216,0.7875,0.8102,0.5706,90451.062,17234.3789,0.8035
788,1,1,0,0,0,1,0,1,0,0,0.9103,0.7489,0.2052,0.7429,0.7664,0.5646,99434.5365,17263.4336,0.6915
789,1,1,0,0,0,1,0,1,0,1,0.9104,0.7489,0.2057,0.7429,0.7666,0.5643,99513.5363,17261.8906,0.6917
790,1,1,0,0,0,1,0,1,1,0,0.9439,0.7872,0.2129,0.7857,0.8083,0.571,90274.6427,17267.8359,0.8013
791,1,1,0,0,0,1,0,1,1,1,0.9433,0.7869,0.2129,0.7841,0.8074,0.571,90296.3884,17266.623,0.7994
792,1,1,0,0,0,1,1,0,0,0,0.9457,0.7925,0.2177,0.7913,0.82,0.578,90690.8783,17187.2188,0.8144
793,1,1,0,0,0,1,1,0,0,1,0.9469,0.788,0.2165,0.7936,0.821,0.5749,92608.9569,17235.8945,0.817
794,1,1,0,0,0,1,1,0,1,0,0.9507,0.7978,0.2248,0.7985,0.833,0.5794,89665.8662,17180.5488,0.8322
795,1,1,0,0,0,1,1,0,1,1,0.9504,0.7978,0.2224,0.7993,0.8319,0.5791,89697.1235,17232.5918,0.8326
796,1,1,0,0,0,1,1,1,0,0,0.9473,0.7908,0.214,0.7954,0.8206,0.5766,91283.7633,17267.5195,0.8189
797,1,1,0,0,0,1,1,1,0,1,0.9466,0.7908,0.2139,0.7944,0.8195,0.5766,91285.4069,17266.4141,0.8174
798,1,1,0,0,0,1,1,1,1,0,0.9487,0.7978,0.2196,0.7937,0.8288,0.5791,89813.9213,17260.791,0.8255
799,1,1,0,0,0,1,1,1,1,1,0.9486,0.7978,0.2198,0.7935,0.8286,0.5791,89815.0011,17259.4941,0.8253
800,1,1,0,0,1,0,0,0,0,0,0.9546,0.7827,0.2112,0.8244,0.8361,0.5699,90464.8526,17242.1836,0.8548
801,1,1,0,0,1,0,0,0,0,1,0.9577,0.8383,0.2173,0.8235,0.8465,0.6154,73544.2803,17228.084,0.8512
802,1,1,0,0,1,0,0,0,1,0,0.9538,0.7862,0.212,0.823,0.8355,0.5717,88773.7897,17238.002,0.8531
803,1,1,0,0,1,0,0,0,1,1,0.9573,0.844,0.2176,0.823,0.8448,0.6217,70972.3746,17224.6426,0.8502
804,1,1,0,0,1,0,0,1,0,0,0.9573,0.8404,0.216,0.8233,0.8457,0.6178,72812.3563,17214.7227,0.8506
805,1,1,0,0,1,0,0,1,0,1,0.9587,0.8401,0.218,0.8242,0.8477,0.6189,72528.1084,17209.6875,0.8519
806,1,1,0,0,1,0,0,1,1,0,0.9564,0.8471,0.2159,0.8227,0.844,0.6228,70376.3265,17212.75,0.8492
807,1,1,0,0,1,0,0,1,1,1,0.9582,0.8433,0.2187,0.8257,0.847,0.6217,70801.1264,17223.7637,0.8539
808,1,1,0,0,1,0,1,0,0,0,0.9516,0.7883,0.2094,0.8192,0.83,0.5749,87862.2881,17240.1191,0.8461
809,1,1,0,0,1,0,1,0,0,1,0.9564,0.8461,0.2154,0.8225,0.8413,0.6231,69846.0046,17226.9688,0.8485
810,1,1,0,0,1,0,1,0,1,0,0.9533,0.7883,0.2119,0.8208,0.8307,0.5738,87829.9096,17232.7266,0.8491
811,1,1,0,0,1,0,1,0,1,1,0.9561,0.8447,0.2162,0.8202,0.8389,0.6196,70027.4669,17221.9609,0.8463
812,1,1,0,0,1,0,1,1,0,0,0.9555,0.8478,0.214,0.8214,0.8399,0.6221,69420.2934,17231.0625,0.8466
813,1,1,0,0,1,0,1,1,0,1,0.956,0.8514,0.2155,0.8223,0.8414,0.6249,68519.7833,17226.7324,0.8477
814,1,1,0,0,1,0,1,1,1,0,0.9551,0.8454,0.2147,0.8188,0.8374,0.6196,70096.9013,17226.1152,0.8442
815,1,1,0,0,1,0,1,1,1,1,0.9564,0.8482,0.2169,0.8203,0.8398,0.6217,68819.1214,17220.5938,0.8464
816,1,1,0,0,1,1,0,0,0,0,0.9591,0.8757,0.2218,0.8229,0.8523,0.6576,58124.7522,17138.3535,0.8496
817,1,1,0,0,1,1,0,0,0,1,0.9575,0.8725,0.2192,0.8213,0.8505,0.652,59768.7912,17180.3438,0.8473
818,1,1,0,0,1,1,0,0,1,0,0.9576,0.8711,0.2216,0.8233,0.8499,0.6439,60512.2692,17118.5312,0.8504
819,1,1,0,0,1,1,0,0,1,1,0.9581,0.8743,0.22,0.8252,0.8502,0.6492,59417.5132,17194.7559,0.8524
820,1,1,0,0,1,1,0,1,0,0,0.9592,0.8753,0.2172,0.8259,0.8508,0.6597,58127.8678,17253.8457,0.852
821,1,1,0,0,1,1,0,1,0,1,0.9593,0.8732,0.2175,0.8254,0.8505,0.6538,59475.7596,17200.9609,0.8519
822,1,1,0,0,1,1,0,1,1,0,0.9587,0.8746,0.2181,0.8245,0.8497,0.6492,59375.7531,17215.1562,0.8514
823,1,1,0,0,1,1,0,1,1,1,0.9586,0.8711,0.2182,0.8243,0.8493,0.6439,60547.1496,17196.8438,0.8513
824,1,1,0,0,1,1,1,0,0,0,0.9563,0.8732,0.2186,0.8199,0.8446,0.6421,59300.8582,17138.6445,0.8446
825,1,1,0,0,1,1,1,0,0,1,0.9567,0.8735,0.2175,0.8215,0.8451,0.6432,59222.8071,17192.3906,0.8466
826,1,1,0,0,1,1,1,0,1,0,0.9567,0.8714,0.2199,0.8198,0.8432,0.633,60696.385,17133.1445,0.8455
827,1,1,0,0,1,1,1,0,1,1,0.9566,0.8718,0.2184,0.8195,0.8428,0.6333,60615.0076,17186.7539,0.8452
828,1,1,0,0,1,1,1,1,0,0,0.9557,0.8743,0.2144,0.8201,0.8431,0.6439,59018.0247,17218.5996,0.8443
829,1,1,0,0,1,1,1,1,0,1,0.9557,0.8743,0.2145,0.8202,0.8428,0.6442,59003.6802,17217.418,0.8443
830,1,1,0,0,1,1,1,1,1,0,0.9542,0.8718,0.2141,0.8164,0.8388,0.6337,60590.4077,17214.5898,0.8401
831,1,1,0,0,1,1,1,1,1,1,0.9538,0.8718,0.2139,0.8154,0.8378,0.6337,60597.5901,17213.7324,0.8386
832,1,1,0,1,0,0,0,0,0,0,0.9098,0.7499,0.2024,0.7437,0.7618,0.5639,99084.1422,17286.1758,0.691
833,1,1,0,1,0,0,0,0,0,1,0.9101,0.7545,0.2043,0.7432,0.7636,0.5671,96288.8953,17281.0117,0.6912
834,1,1,0,1,0,0,0,0,1,0,0.9451,0.7855,0.2114,0.7896,0.8054,0.5706,91143.38,17287.5352,0.805
835,1,1,0,1,0,0,0,0,1,1,0.9435,0.7887,0.2123,0.786,0.8045,0.572,89945.0394,17283.0664,0.8009
836,1,1,0,1,0,0,0,1,0,0,0.9097,0.7552,0.2031,0.7437,0.7626,0.5682,95775.437,17283.1387,0.6911
837,1,1,0,1,0,0,0,1,0,1,0.9101,0.7541,0.2048,0.7433,0.7642,0.5667,96609.5868,17278.0938,0.6913
838,1,1,0,1,0,0,0,1,1,0,0.9429,0.7791,0.2111,0.7849,0.8039,0.5696,92743.797,17285.4297,0.8
839,1,1,0,1,0,0,0,1,1,1,0.945,0.7887,0.2132,0.7893,0.8065,0.572,89973.6794,17280.4746,0.8048
840,1,1,0,1,0,0,1,0,0,0,0.9461,0.7925,0.2121,0.7935,0.8153,0.578,90741.0286,17286.7578,0.8159
841,1,1,0,1,0,0,1,0,0,1,0.9492,0.7939,0.2148,0.7995,0.8203,0.578,90143.0389,17282.1582,0.8233
842,1,1,0,1,0,0,1,0,1,0,0.9502,0.7985,0.2182,0.8015,0.8267,0.5801,89559.2488,17280.5195,0.8342
843,1,1,0,1,0,0,1,0,1,1,0.9478,0.7897,0.2189,0.7931,0.8248,0.5766,92100.9144,17275.7305,0.8243
844,1,1,0,1,0,0,1,1,0,0,0.9474,0.7922,0.213,0.7972,0.8176,0.5777,90873.7477,17281.9434,0.8205
845,1,1,0,1,0,0,1,1,0,1,0.9468,0.7939,0.2136,0.7974,0.8172,0.578,89969.2885,17280.3633,0.8203
846,1,1,0,1,0,0,1,1,1,0,0.9475,0.7901,0.2177,0.7942,0.8239,0.5766,91979.4279,17277.6133,0.825
847,1,1,0,1,0,0,1,1,1,1,0.9501,0.7894,0.2205,0.7974,0.8284,0.5763,92151.0984,17255.6641,0.8301
848,1,1,0,1,0,1,0,0,0,0,0.9102,0.7496,0.2039,0.743,0.7663,0.565,99264.8625,17272.1738,0.6916
849,1,1,0,1,0,1,0,0,0,1,0.9105,0.7492,0.2049,0.7432,0.767,0.565,99415.0972,17268.8633,0.6919
850,1,1,0,1,0,1,0,0,1,0,0.9457,0.788,0.2125,0.7887,0.81,0.571,90230.6331,17275.1172,0.8049
851,1,1,0,1,0,1,0,0,1,1,0.9434,0.7869,0.2121,0.7844,0.8074,0.571,90288.4448,17272.6895,0.7996
852,1,1,0,1,0,1,0,1,0,0,0.9106,0.7492,0.2044,0.7433,0.7668,0.565,99356.7997,17270.6016,0.6921
853,1,1,0,1,0,1,0,1,0,1,0.9106,0.7485,0.2053,0.7432,0.7672,0.5643,99587.8837,17266.8223,0.692
854,1,1,0,1,0,1,0,1,1,0,0.9439,0.7872,0.2121,0.7854,0.8083,0.571,90261.2655,17273.1953,0.801
855,1,1,0,1,0,1,0,1,1,1,0.9439,0.7869,0.2128,0.7847,0.8082,0.571,90303.3194,17270.4414,0.8
856,1,1,0,1,0,1,1,0,0,0,0.9458,0.7911,0.2122,0.792,0.8185,0.5766,91256.9671,17275.043,0.8146
857,1,1,0,1,0,1,1,0,0,1,0.9483,0.7908,0.214,0.7968,0.8218,0.5766,91288.0996,17269.8125,0.8205
858,1,1,0,1,0,1,1,0,1,0,0.9518,0.7975,0.2197,0.801,0.8324,0.5801,89638.2455,17267.7109,0.8344
859,1,1,0,1,0,1,1,0,1,1,0.9482,0.7978,0.2185,0.7942,0.8278,0.5791,89810.8019,17265.793,0.8257
860,1,1,0,1,0,1,1,1,0,0,0.9466,0.7908,0.2129,0.7938,0.8196,0.5766,91279.5537,17272.7598,0.8168
861,1,1,0,1,0,1,1,1,0,1,0.9475,0.7908,0.2138,0.7957,0.8206,0.5759,91301.4885,17270.5605,0.819
862,1,1,0,1,0,1,1,1,1,0,0.9473,0.7978,0.2178,0.7925,0.8267,0.5791,89827.2037,17266.3633,0.8234
863,1,1,0,1,0,1,1,1,1,1,0.9483,0.7982,0.2188,0.7946,0.828,0.5801,89590.8866,17264.1953,0.8264
864,1,1,0,1,1,0,0,0,0,0,0.957,0.8415,0.2146,0.8231,0.8445,0.6196,72394.1935,17220.6992,0.8503
865,1,1,0,1,1,0,0,0,0,1,0.9583,0.8415,0.2167,0.8235,0.8468,0.6192,72290.8844,17216.1621,0.8511
866,1,1,0,1,1,0,0,0,1,0,0.9565,0.8468,0.2148,0.8229,0.843,0.6245,70229.6772,17234.5664,0.8497
867,1,1,0,1,1,0,0,0,1,1,0.9587,0.8443,0.2178,0.8262,0.8468,0.6217,70694.2673,17212.418,0.8546
868,1,1,0,1,1,0,0,1,0,0,0.9565,0.8411,0.2151,0.8216,0.8449,0.6192,72389.3294,17218.1875,0.8486
869,1,1,0,1,1,0,0,1,0,1,0.9588,0.8411,0.2174,0.8242,0.8476,0.6189,72371.2737,17213.6191,0.8519
870,1,1,0,1,1,0,0,1,1,0,0.9574,0.8489,0.2159,0.8251,0.8453,0.6249,69694.9303,17232.8301,0.8523
871,1,1,0,1,1,0,0,1,1,1,0.9584,0.8443,0.2181,0.8259,0.8471,0.6221,70592.7452,17227.5859,0.8542
872,1,1,0,1,1,0,1,0,0,0,0.9551,0.8492,0.2127,0.8211,0.8387,0.6221,69124.4351,17236.9922,0.8462
873,1,1,0,1,1,0,1,0,0,1,0.9555,0.8514,0.2141,0.8212,0.84,0.6249,68500.248,17233.3438,0.8463
874,1,1,0,1,1,0,1,0,1,0,0.9548,0.8454,0.2133,0.8187,0.8366,0.6203,69715.1299,17216.9102,0.8439
875,1,1,0,1,1,0,1,0,1,1,0.9557,0.8464,0.2152,0.819,0.8382,0.6203,69704.7089,17227.6699,0.8446
876,1,1,0,1,1,0,1,1,0,0,0.9556,0.8489,0.2137,0.8214,0.8399,0.6221,69238.7857,17234.2441,0.8466
877,1,1,0,1,1,0,1,1,0,1,0.9566,0.8514,0.2153,0.8228,0.8421,0.6238,68697.2507,17230.4199,0.8484
878,1,1,0,1,1,0,1,1,1,0,0.9542,0.8461,0.2132,0.8173,0.8358,0.6203,69756.7594,17230.2656,0.842
879,1,1,0,1,1,0,1,1,1,1,0.957,0.8507,0.2167,0.8218,0.8406,0.6217,68444.4788,17224.3555,0.8483
880,1,1,0,1,1,1,0,0,0,0,0.9593,0.8735,0.2161,0.8255,0.8505,0.6541,59011.3138,17209.1992,0.8518
881,1,1,0,1,1,1,0,0,0,1,0.959,0.8732,0.2167,0.8249,0.8503,0.6538,59490.7106,17206.627,0.8513
882,1,1,0,1,1,1,0,0,1,0,0.9583,0.8746,0.2164,0.8247,0.8489,0.6492,59365.95,17223.3281,0.8514
883,1,1,0,1,1,1,0,0,1,1,0.9583,0.8711,0.2171,0.8239,0.8489,0.6435,60586.7449,17186.0352,0.8505
884,1,1,0,1,1,1,0,1,0,0,0.9593,0.8735,0.2165,0.8255,0.8506,0.6541,59061.4952,17207.0586,0.8519
885,1,1,0,1,1,1,0,1,0,1,0.9594,0.8732,0.2171,0.8256,0.8506,0.6538,59551.0058,17204.9863,0.8522
886,1,1,0,1,1,1,0,1,1,0,0.958,0.8753,0.2165,0.8244,0.8491,0.6516,59037.4563,17198.2363,0.851
887,1,1,0,1,1,1,0,1,1,1,0.9588,0.8711,0.2177,0.8246,0.8495,0.6439,60546.8711,17203.5391,0.8516
888,1,1,0,1,1,1,1,0,0,0,0.9557,0.8743,0.2131,0.8203,0.843,0.6442,58973.4441,17201.0137,0.8443
889,1,1,0,1,1,1,1,0,0,1,0.9559,0.8743,0.2138,0.8204,0.8428,0.6442,59006.2798,17223.3105,0.8444
890,1,1,0,1,1,1,1,0,1,0,0.956,0.8718,0.2144,0.8196,0.8411,0.634,60465.797,17220.5391,0.8444
891,1,1,0,1,1,1,1,0,1,1,0.9553,0.8718,0.2143,0.8182,0.8399,0.6337,60608.3669,17218.623,0.8425
892,1,1,0,1,1,1,1,1,0,0,0.9558,0.8743,0.2135,0.8203,0.8429,0.6442,58990.3584,17223.7129,0.8444
893,1,1,0,1,1,1,1,1,0,1,0.9559,0.8743,0.2141,0.8204,0.8429,0.6439,59013.7543,17221.6621,0.8445
894,1,1,0,1,1,1,1,1,1,0,0.9542,0.8718,0.2133,0.8166,0.8386,0.6337,60574.4787,17219.6973,0.8401
895,1,1,0,1,1,1,1,1,1,1,0.9553,0.8718,0.2146,0.8178,0.84,0.6337,60608.1598,17216.7305,0.842
896,1,1,1,0,0,0,0,0,0,0,0.945,0.7693,0.2084,0.7986,0.8103,0.5699,96849.0524,17292.9102,0.8196
897,1,1,1,0,0,0,0,0,0,1,0.947,0.7957,0.2135,0.7962,0.8183,0.5787,90185.8798,17279.0977,0.8194
898,1,1,1,0,0,0,0,0,1,0,0.9484,0.7675,0.2142,0.8034,0.8197,0.5689,97548.3573,17289.3535,0.8336
899,1,1,1,0,0,0,0,0,1,1,0.9492,0.7922,0.2186,0.7962,0.8255,0.5777,91586.6637,17275.375,0.827
900,1,1,1,0,0,0,0,1,0,0,0.9464,0.7978,0.2126,0.7962,0.8175,0.5805,89382.7476,17282.3418,0.8192
901,1,1,1,0,0,0,0,1,0,1,0.9472,0.7978,0.2146,0.7955,0.8194,0.5805,89408.7491,17276.9648,0.819
902,1,1,1,0,0,0,0,1,1,0,0.9468,0.7989,0.2165,0.7936,0.8222,0.5826,88998.9295,17279.7148,0.8237
903,1,1,1,0,0,0,0,1,1,1,0.9498,0.7989,0.2195,0.799,0.8269,0.5826,88985.2357,17273.7539,0.8309
904,1,1,1,0,0,0,1,0,0,0,0.9437,0.7686,0.2091,0.7959,0.8111,0.5706,96766.5201,17291.7539,0.8187
905,1,1,1,0,0,0,1,0,0,1,0.9472,0.7985,0.2155,0.7935,0.8217,0.5815,89363.7588,17277.1055,0.8194
906,1,1,1,0,0,0,1,0,1,0,0.947,0.7651,0.2146,0.8004,0.8195,0.5703,98340.213,17286.9434,0.8307
907,1,1,1,0,0,0,1,0,1,1,0.9506,0.7989,0.2203,0.8005,0.8288,0.5833,89027.9223,17272.8164,0.8332
908,1,1,1,0,0,0,1,1,0,0,0.9488,0.7978,0.2156,0.7968,0.8236,0.5805,89593.9914,17280.7109,0.8238
909,1,1,1,0,0,0,1,1,0,1,0.9476,0.7971,0.2158,0.7968,0.8223,0.5798,89850.8286,17276.334,0.8233
910,1,1,1,0,0,0,1,1,1,0,0.949,0.7904,0.219,0.7961,0.8269,0.5777,91841.0476,17259.2031,0.8282
911,1,1,1,0,0,0,1,1,1,1,0.9505,0.7904,0.2209,0.7996,0.8294,0.5777,91858.1393,17254.3633,0.833
912,1,1,1,0,0,1,0,0,0,0,0.9458,0.7961,0.2173,0.7922,0.8208,0.5787,90104.0182,17188.6309,0.8154
913,1,1,1,0,0,1,0,0,0,1,0.9482,0.7968,0.2167,0.797,0.8237,0.5794,90028.0545,17239.7129,0.8214
914,1,1,1,0,0,1,0,0,1,0,0.947,0.7978,0.2219,0.7901,0.8272,0.5815,89381.9956,17185.3457,0.8207
915,1,1,1,0,0,1,0,0,1,1,0.9475,0.7985,0.2204,0.7914,0.8272,0.5819,89294.9755,17236.5898,0.8221
916,1,1,1,0,0,1,0,1,0,0,0.9486,0.7957,0.2145,0.7964,0.8237,0.5787,90187.9767,17269.043,0.8209
917,1,1,1,0,0,1,0,1,0,1,0.948,0.7961,0.2144,0.7951,0.8226,0.5787,90170.5712,17267.8633,0.8193
918,1,1,1,0,0,1,0,1,1,0,0.9494,0.7985,0.2186,0.7977,0.8288,0.5822,89217.9378,17265.375,0.8295
919,1,1,1,0,0,1,0,1,1,1,0.9503,0.7985,0.2192,0.8001,0.8297,0.5822,89247.0903,17264.1113,0.8324
920,1,1,1,0,0,1,1,0,0,0,0.9469,0.7911,0.2191,0.7922,0.8251,0.5773,91856.42,17187.5254,0.8188
921,1,1,1,0,0,1,1,0,0,1,0.9464,0.7918,0.2171,0.7918,0.8241,0.5773,91763.5855,17238.8457,0.818
922,1,1,1,0,0,1,1,0,1,0,0.9537,0.7985,0.226,0.8049,0.8373,0.5819,89215.1537,17182.7285,0.8402
923,1,1,1,0,0,1,1,0,1,1,0.9502,0.7985,0.2224,0.7975,0.8322,0.5819,89248.1809,17234.2578,0.8308
924,1,1,1,0,0,1,1,1,0,0,0.9483,0.7971,0.2158,0.7949,0.8257,0.578,90130.4187,17267.1172,0.8219
925,1,1,1,0,0,1,1,1,0,1,0.9477,0.7971,0.2157,0.7939,0.8247,0.5773,90167.4444,17265.8379,0.8205
926,1,1,1,0,0,1,1,1,1,0,0.9498,0.7985,0.2198,0.798,0.8309,0.5822,89163.7215,17263.2598,0.8309
927,1,1,1,0,0,1,1,1,1,1,0.9498,0.7985,0.22,0.798,0.8306,0.5822,89177.6118,17262.127,0.8309
928,1,1,1,0,1,0,0,0,0,0,0.9516,0.7876,0.2073,0.821,0.8282,0.5749,87723.0839,17248.7461,0.8476
929,1,1,1,0,1,0,0,0,0,1,0.9549,0.8535,0.2122,0.8196,0.8364,0.6252,67298.6607,17235.291,0.8434
930,1,1,1,0,1,0,0,0,1,0,0.9526,0.7883,0.2094,0.8191,0.8279,0.5752,87556.9351,17243.0508,0.846
931,1,1,1,0,1,0,0,0,1,1,0.9562,0.8457,0.2145,0.8205,0.8373,0.6196,69908.2958,17230.502,0.8464
932,1,1,1,0,1,0,0,1,0,0,0.9555,0.8528,0.2119,0.8217,0.8374,0.6263,67225.2959,17239.1914,0.8457
933,1,1,1,0,1,0,0,1,0,1,0.9534,0.8475,0.2119,0.8174,0.8352,0.6228,69249.6484,17234.6797,0.8406
934,1,1,1,0,1,0,0,1,1,0,0.9547,0.8461,0.2129,0.8186,0.8352,0.6192,70002.1162,17234.4102,0.8436
935,1,1,1,0,1,0,0,1,1,1,0.9539,0.8454,0.2134,0.8164,0.8345,0.6206,69646.8184,17230.3672,0.8408
936,1,1,1,0,1,0,1,0,0,0,0.9532,0.788,0.2091,0.8225,0.8302,0.5752,87682.8443,17244.416,0.8499
937,1,1,1,0,1,0,1,0,0,1,0.9557,0.8471,0.2135,0.8216,0.8379,0.6238,69369.1355,17231.9277,0.8466
938,1,1,1,0,1,0,1,0,1,0,0.9544,0.7876,0.2113,0.8222,0.8306,0.5731,87871.8977,17236.6191,0.8502
939,1,1,1,0,1,0,1,0,1,1,0.9566,0.8454,0.2153,0.8212,0.8379,0.6192,69923.4721,17227.0508,0.8475
940,1,1,1,0,1,0,1,1,0,0,0.9541,0.8464,0.2119,0.8195,0.8357,0.621,69848.6239,17235.8887,0.8439
941,1,1,1,0,1,0,1,1,0,1,0.955,0.851,0.2133,0.8194,0.8372,0.6235,68355.0995,17231.4141,0.8433
942,1,1,1,0,1,0,1,1,1,0,0.9549,0.8454,0.2136,0.8189,0.8356,0.6192,70003.8959,17231.0586,0.8444
943,1,1,1,0,1,0,1,1,1,1,0.9553,0.845,0.2149,0.8184,0.8365,0.6203,69818.0131,17226.5469,0.8435
944,1,1,1,0,1,1,0,0,0,0,0.9563,0.8721,0.217,0.8217,0.8431,0.6432,58961.5691,17145.4805,0.8462
945,1,1,1,0,1,1,0,0,0,1,0.9548,0.8739,0.214,0.8196,0.8404,0.6425,58896.0245,17201.625,0.8431
946,1,1,1,0,1,1,0,0,1,0,0.9567,0.8714,0.2183,0.8202,0.842,0.633,60521.6943,17141.4219,0.8456
947,1,1,1,0,1,1,0,0,1,1,0.9542,0.8721,0.2149,0.8166,0.8381,0.633,60470.3964,17193.8066,0.8403
948,1,1,1,0,1,1,0,1,0,0,0.9553,0.8739,0.2119,0.8207,0.8402,0.6432,58714.3709,17226.9551,0.844
949,1,1,1,0,1,1,0,1,0,1,0.9548,0.8739,0.2117,0.8197,0.8391,0.6428,58741.0346,17225.9023,0.8425
950,1,1,1,0,1,1,0,1,1,0,0.9549,0.8721,0.2131,0.8179,0.8382,0.634,60373.9435,17222.0469,0.8417
951,1,1,1,0,1,1,0,1,1,1,0.9554,0.8721,0.2137,0.8186,0.8386,0.634,60365.5443,17220.5898,0.8427
952,1,1,1,0,1,1,1,0,0,0,0.9564,0.8735,0.2174,0.821,0.8428,0.6407,59161.1455,17142.791,0.8455
953,1,1,1,0,1,1,1,0,0,1,0.9547,0.8735,0.2146,0.8179,0.8396,0.6411,59128.5975,17197.4785,0.8413
954,1,1,1,0,1,1,1,0,1,0,0.956,0.8711,0.2185,0.8187,0.8411,0.6319,60662.591,17138.3691,0.844
955,1,1,1,0,1,1,1,0,1,1,0.9549,0.8711,0.2158,0.8178,0.839,0.6319,60682.2872,17190.5742,0.8423
956,1,1,1,0,1,1,1,1,0,0,0.9552,0.8739,0.2126,0.8202,0.8402,0.6418,59026.0302,17223.7363,0.8438
957,1,1,1,0,1,1,1,1,0,1,0.9548,0.8735,0.2123,0.8193,0.8389,0.6411,59078.8988,17222.875,0.8425
958,1,1,1,0,1,1,1,1,1,0,0.9541,0.8711,0.2129,0.8164,0.837,0.6319,60697.6948,17219.498,0.84
959,1,1,1,0,1,1,1,1,1,1,0.9546,0.8711,0.2135,0.817,0.8373,0.6319,60706.0396,17217.9355,0.8408
960,1,1,1,1,0,0,0,0,0,0,0.946,0.7978,0.2114,0.7968,0.8163,0.5805,89407.6963,17288.3848,0.8194
961,1,1,1,1,0,0,0,0,0,1,0.9478,0.7978,0.2139,0.7972,0.8196,0.5805,89357.5468,17283.5195,0.8209
962,1,1,1,1,0,0,0,0,1,0,0.9496,0.7915,0.217,0.7971,0.8253,0.5777,91671.8706,17285.0449,0.8285
963,1,1,1,1,0,0,0,0,1,1,0.9482,0.7989,0.2177,0.7954,0.8242,0.583,88969.9081,17280.5859,0.8262
964,1,1,1,1,0,0,0,1,0,0,0.947,0.7978,0.2125,0.7973,0.8182,0.5805,89379.5209,17285.6426,0.8206
965,1,1,1,1,0,0,0,1,0,1,0.9452,0.7975,0.2131,0.7921,0.8166,0.5794,89740.8038,17281.1465,0.8146
966,1,1,1,1,0,0,0,1,1,0,0.9481,0.7901,0.2169,0.7954,0.8239,0.5773,91842.3932,17265.3867,0.8261
967,1,1,1,1,0,0,0,1,1,1,0.9484,0.7989,0.2182,0.7962,0.8248,0.5826,88990.669,17277.9824,0.8272
968,1,1,1,1,0,0,1,0,0,0,0.9469,0.7982,0.2136,0.7939,0.8204,0.5808,89505.4878,17286.9395,0.8199
969,1,1,1,1,0,0,1,0,0,1,0.9468,0.7971,0.2146,0.7944,0.8209,0.5798,89806.0769,17282.7129,0.8205
970,1,1,1,1,0,0,1,0,1,0,0.9473,0.7904,0.2168,0.7939,0.8236,0.5777,91952.9187,17265.3965,0.825
971,1,1,1,1,0,0,1,0,1,1,0.9518,0.7904,0.2207,0.8007,0.8307,0.5777,91829.4811,17260.4512,0.8344
972,1,1,1,1,0,0,1,1,0,0,0.9467,0.7975,0.214,0.7938,0.8206,0.5801,89684.8608,17284.1836,0.8197
973,1,1,1,1,0,0,1,1,0,1,0.9484,0.7971,0.2156,0.799,0.8232,0.5794,89880.4981,17280.2285,0.8258
974,1,1,1,1,0,0,1,1,1,0,0.9483,0.7915,0.218,0.796,0.8258,0.5787,91715.3052,17279.957,0.8278
975,1,1,1,1,0,0,1,1,1,1,0.9498,0.7904,0.22,0.7977,0.8283,0.5777,91884.1243,17258.2656,0.8305
976,1,1,1,1,0,1,0,0,0,0,0.9504,0.7961,0.2139,0.8013,0.8253,0.5787,90173.9549,17276.2266,0.8261
977,1,1,1,1,0,1,0,0,0,1,0.9475,0.7961,0.2134,0.7938,0.8219,0.5787,90171.4993,17273.7891,0.8177
978,1,1,1,1,0,1,0,0,1,0,0.9469,0.7978,0.2161,0.791,0.8251,0.5815,89371.9622,17273.1602,0.821
979,1,1,1,1,0,1,0,0,1,1,0.9504,0.7985,0.2184,0.8003,0.8298,0.5822,89235.8444,17270.1992,0.8326
980,1,1,1,1,0,1,0,1,0,0,0.9494,0.7961,0.2137,0.7995,0.8242,0.5787,90173.1358,17274.3164,0.824
981,1,1,1,1,0,1,0,1,0,1,0.9489,0.7957,0.2142,0.7971,0.8237,0.5787,90184.1013,17272.0938,0.8215
982,1,1,1,1,0,1,0,1,1,0,0.9487,0.7985,0.2174,0.796,0.8277,0.5822,89226.5355,17270.7617,0.8272
983,1,1,1,1,0,1,0,1,1,1,0.9505,0.7985,0.2187,0.8004,0.8299,0.5822,89255.3139,17268.457,0.8326
984,1,1,1,1,0,1,1,0,0,0,0.9479,0.7971,0.2142,0.7941,0.8253,0.5794,89962.4383,17249.9395,0.8209
985,1,1,1,1,0,1,1,0,0,1,0.9485,0.7971,0.2153,0.7952,0.8257,0.578,90104.4964,17271.9414,0.822
986,1,1,1,1,0,1,1,0,1,0,0.9491,0.7982,0.218,0.7974,0.8296,0.5815,89357.0944,17270.9883,0.8297
987,1,1,1,1,0,1,1,0,1,1,0.95,0.7989,0.2192,0.7982,0.8307,0.5822,89163.0754,17268.0195,0.8311
988,1,1,1,1,0,1,1,1,0,0,0.9477,0.7971,0.2146,0.7941,0.8248,0.5787,90068.5127,17272.4355,0.8206
989,1,1,1,1,0,1,1,1,0,1,0.9478,0.7971,0.2152,0.7941,0.825,0.5773,90161.0933,17270.1621,0.8206
990,1,1,1,1,0,1,1,1,1,0,0.9491,0.7989,0.2185,0.7963,0.8297,0.5822,89149.0213,17268.5078,0.8286
991,1,1,1,1,0,1,1,1,1,1,0.95,0.7985,0.2195,0.7973,0.8308,0.5822,89179.7807,17266.293,0.8302
992,1,1,1,1,1,0,0,0,0,0,0.9548,0.8528,0.2104,0.8198,0.8354,0.6259,67294.6567,17245.0,0.8432
993,1,1,1,1,1,0,0,0,0,1,0.9541,0.851,0.2113,0.8185,0.8356,0.6249,68241.1728,17240.9141,0.8418
994,1,1,1,1,1,0,0,0,1,0,0.9555,0.8489,0.2122,0.8202,0.8356,0.621,69078.9366,17240.1992,0.8454
995,1,1,1,1,1,0,0,0,1,1,0.9543,0.8471,0.2128,0.8169,0.8346,0.6206,69446.9911,17236.3945,0.8415
996,1,1,1,1,1,0,0,1,0,0,0.9541,0.8464,0.2108,0.8198,0.8355,0.6224,69466.1872,17242.5078,0.8437
997,1,1,1,1,1,0,0,1,0,1,0.9535,0.8482,0.2114,0.8174,0.8352,0.6228,69140.9171,17238.4961,0.8407
998,1,1,1,1,1,0,0,1,1,0,0.9551,0.8457,0.2127,0.8195,0.8358,0.6206,69648.6162,17237.5176,0.8448
999,1,1,1,1,1,0,0,1,1,1,0.954,0.8447,0.2129,0.8165,0.8345,0.6206,69827.3126,17234.2246,0.8409
1000,1,1,1,1,1,0,1,0,0,0,0.9538,0.8464,0.2107,0.8193,0.8346,0.6221,69469.407,17241.8086,0.8435
1001,1,1,1,1,1,0,1,0,0,1,0.9548,0.8475,0.2123,0.8187,0.8364,0.6206,69392.0026,17237.7598,0.8425
1002,1,1,1,1,1,0,1,0,1,0,0.9551,0.8468,0.2126,0.8199,0.8352,0.6203,69544.993,17236.8945,0.8456
1003,1,1,1,1,1,0,1,0,1,1,0.9546,0.8468,0.2134,0.8173,0.8349,0.6203,69490.8019,17233.1875,0.8423
1004,1,1,1,1,1,0,1,1,0,0,0.955,0.8461,0.212,0.8211,0.8368,0.6213,69662.409,17238.8145,0.846
1005,1,1,1,1,1,0,1,1,0,1,0.9551,0.851,0.2128,0.8195,0.8372,0.6235,68261.7081,17235.2754,0.8435
1006,1,1,1,1,1,0,1,1,1,0,0.9544,0.8461,0.2125,0.8181,0.8345,0.6203,69629.1809,17234.9004,0.8433
1007,1,1,1,1,1,0,1,1,1,1,0.9554,0.8464,0.2144,0.8185,0.8365,0.6203,69521.1338,17230.457,0.8436
1008,1,1,1,1,1,1,0,0,0,0,0.9556,0.8739,0.211,0.8212,0.8402,0.6432,58712.2468,17233.7617,0.8444
1009,1,1,1,1,1,1,0,0,0,1,0.9549,0.8739,0.211,0.8199,0.839,0.6428,58746.3726,17231.4922,0.8426
1010,1,1,1,1,1,1,0,0,1,0,0.9544,0.8721,0.2115,0.817,0.837,0.634,60350.1923,17229.584,0.8402
1011,1,1,1,1,1,1,0,0,1,1,0.9555,0.8721,0.213,0.8188,0.8386,0.634,60357.3447,17226.3906,0.8429
1012,1,1,1,1,1,1,0,1,0,0,0.9548,0.8739,0.2108,0.8198,0.8392,0.6432,58730.4438,17231.9355,0.8425
1013,1,1,1,1,1,1,0,1,0,1,0.9554,0.8739,0.2116,0.821,0.8398,0.6432,58711.7586,17229.8457,0.8441
1014,1,1,1,1,1,1,0,1,1,0,0.9554,0.8721,0.2126,0.8187,0.8386,0.634,60357.7397,17226.9219,0.8427
1015,1,1,1,1,1,1,0,1,1,1,0.9556,0.8721,0.2132,0.8189,0.8388,0.634,60356.2352,17224.9844,0.8429
1016,1,1,1,1,1,1,1,0,0,0,0.9551,0.8735,0.2113,0.8202,0.8395,0.6414,59043.3108,17230.8516,0.8436
1017,1,1,1,1,1,1,1,0,0,1,0.9553,0.8735,0.2119,0.8201,0.8395,0.6414,59061.9768,17228.1406,0.8435
1018,1,1,1,1,1,1,1,0,1,0,0.9546,0.8714,0.2122,0.8172,0.8373,0.6326,60562.5183,17226.3516,0.8408
1019,1,1,1,1,1,1,1,0,1,1,0.9539,0.8711,0.212,0.8155,0.836,0.6319,60720.5184,17224.2988,0.8385
1020,1,1,1,1,1,1,1,1,0,0,0.9556,0.8735,0.212,0.821,0.8403,0.6414,59071.4091,17228.4688,0.8447
1021,1,1,1,1,1,1,1,1,0,1,0.9553,0.8735,0.2122,0.8201,0.8396,0.6414,59065.7845,17226.6035,0.8435
1022,1,1,1,1,1,1,1,1,1,0,0.9542,0.8711,0.2121,0.8166,0.8368,0.6319,60699.0985,17224.6133,0.84
1023,1,1,1,1,1,1,1,1,1,1,0.9548,0.8711,0.213,0.8172,0.8375,0.6319,60692.8359,17222.0801,0.841
