Leak_id,avg_pressure,total_water_loss,Link,Coef,Link_id,ID,Diameter,detect_cost,repair_cost,total_cost,rank,evaluate_flag
Leak_1886,76.03973,71.47164,L2507,0.00436,L2507,L2507,110,2124.1861427173108,225.74251951515708,2349.928662232468,0.030414387759596154,0
Leak_455,50.947845,64.802574,L1367,0.00593,L1367_1,L1367,110,2032.829647242384,228.41655496115254,2261.2462022035365,0.028657902927406182,0
Leak_3190,28.13497,63.363796,L661,0.01051,L661,L661,200,1788.1628237707114,556.5513136631882,2344.7141374339,0.02702410294820733,0
Leak_1841,58.34496,48.58253,L2471,0.00388,L2471,L2471,110,2152.9279165527346,224.728411146396,2377.6563276991305,0.020432949206900454,0
Leak_3270,52.922783,48.54066,L74,0.00427,L74,L74,250,2129.545842181931,798.1395106667727,2927.685352848704,0.016579876253069045,0
Leak_545,57.742817,44.995247,L1452,0.00363,L1452,L1452,350,2168.0512819939563,1495.1499307073225,3663.2012127012786,0.012283039962750809,0
Leak_2914,24.287846,41.719364,L437,0.00799,L437,L437,140,1918.8935374633593,314.7814761396857,2233.675013603045,0.018677454827667188,0
Leak_1728,30.623201,41.42017,L2365,0.00653,L2365,L2365,140,1998.9633823248237,312.390831585184,2311.3542139100077,0.017920303855225087,0
Leak_504,56.319492,38.790718,L1406,0.00321,L1406,L1406,90,2193.6980726256684,181.4059019275513,2375.10397455322,0.01633221892355689,0
Leak_1833,53.86806,37.79272,L2463,0.00327,L2463_2,L2463,110,2190.015753877487,223.2412460082589,2413.2569998857457,0.015660462518690306,0
Leak_1831,51.363003,37.78839,L2463,0.00343,L2463,L2463,110,2180.22642776358,223.65658828325624,2403.883016046836,0.015719729646172183,0
Leak_1853,41.42992,33.831993,L2480,0.0038,L2480_3,L2480,110,2157.7558803865745,224.54726760426857,2382.303147990843,0.01420138034555348,0
Leak_1852,42.89374,33.464733,L2480,0.00363,L2480_2,L2480,110,2168.0512819939563,224.14933063322297,2392.2006126271795,0.01398909980506502,0
Leak_3351,43.564705,28.421722,L81,0.00304,L81,L81,250,2204.1649668968475,787.6867646628442,2991.851731559692,0.00949970953182655,0
Leak_1204,4.794542,27.97249,L1940,0.02779,L1940,L1940,40,1102.2447005027493,130.22511853426008,1232.4698190370093,0.022696288281140432,0
Leak_556,34.481606,26.76716,L1460,0.00364,L1460_1,L1460,350,2167.4443126146766,1495.309478772495,3662.7537913871715,0.0073079333037867275,1
Leak_1547,59.94255,26.226181,L2216,0.00203,L2216,L2216,63,2267.3885196217702,138.18702172112634,2405.5755413428965,0.01090224795669183,0
Leak_1962,36.722446,25.827822,L2580,0.00332,L2580,L2580,160,2186.9518770362806,370.65220714064804,2557.6040841769286,0.010098444044313107,0
Leak_3291,32.669064,25.355928,L762,0.00362,L762,L762,63,2168.6584213484575,141.35905724926522,2310.017478597723,0.01097650933637637,0
Leak_1829,48.03975,25.235373,L2461,0.00245,L2461,L2461,110,2240.880205023178,220.73110500897795,2461.611310032156,0.010251566703682928,0
Leak_1846,43.54065,24.488441,L2478,0.00261,L2478_1,L2478,110,2230.8635158416814,221.28114295691236,2452.144658798594,0.009986540304389321,0
Leak_3341,40.46666,23.783138,L80,0.00274,L80,L80,75,2222.7579337530606,155.61898978403352,2378.376923537094,0.009999734709743349,0
Leak_1092,16.752213,23.78032,L1871,0.00695,L1871,L1871,63,1975.5932586114989,144.93595792907888,2120.5292165405776,0.011214332265915346,0
Leak_1228,21.219337,23.711311,L1952,0.00537,L1952,L1952,75,2064.9556255697507,159.725463649793,2224.6810892195435,0.01065829680273426,0
Leak_144,23.401524,23.444326,L1122,0.00466,L1122,L1122,200,2106.4177110099117,539.6887436627806,2646.106454672692,0.00885993318951968,1
Leak_1998,31.792978,23.348772,L2614,0.00349,L2614,L2614,63,2176.5667223782234,141.15850238367088,2317.7252247618944,0.01007400350977708,0
Leak_1882,67.338646,23.08092,L2504,0.00159,L2504_1,L2504,75,2295.4955298549908,152.29763308951314,2447.793162944504,0.009429276793134976,0
Leak_2619,23.459871,22.615473,L3124,0.0045,L3124,L3124,200,2115.8756322801987,538.9643654076349,2654.8399976878336,0.008518582217111194,0
Leak_1898,49.997715,21.720968,L2520,0.00203,L2520,L2520,75,2267.3885196217702,153.78858807277544,2421.1771076945456,0.008971243027794342,0
Leak_1091,38.126423,21.504284,L187,0.00263,L187,L187,100,2229.614582006923,199.45600170275523,2429.070583709678,0.008852885564234178,0
Leak_1870,51.53895,21.160477,L2495,0.00191,L2495_1,L2495,110,2275.0197583492936,218.5662880122995,2493.586046361593,0.008485962100824912,0
Leak_2380,31.557333,21.029423,L295,0.00311,L295,L295,200,2199.8490345570963,531.3043809721412,2731.1534155292375,0.007699832107723149,0
Leak_535,53.10134,20.304281,L1444,0.00178,L1444_1,L1444,75,2283.3159201240483,152.98652708244572,2436.302447206494,0.008334056084876673,0
Leak_2064,18.728065,20.187635,L2663,0.00523,L2663,L2663,90,2073.0661378402556,184.85720749475922,2257.923345335015,0.008940797509118996,0
Leak_833,23.996422,20.025795,L1674,0.00399,L1674,L1674,75,2146.3070998614326,157.91267161663802,2304.2197714780705,0.008690922294301972,0
Leak_536,51.31805,19.729742,L1444,0.00179,L1444_2,L1444,75,2282.6766811640446,153.02071721784495,2435.6973983818893,0.008100243512711386,0
Leak_1869,50.70782,19.619095,L2495,0.0018,L2495,L2495,110,2282.0376211658936,218.05055555216816,2500.0881767180617,0.007847361157632194,0
Leak_2664,26.208345,19.55986,L3160,0.00349,L3160,L3160,110,2176.5667223782234,223.8073650477228,2400.374087425946,0.008148671630790394,0
Leak_146,20.040562,19.465584,L1122,0.00452,L1122_2,L1122,200,2114.6910736334994,539.0563088778954,2653.747382511395,0.007335130664490048,1
Leak_1789,39.243977,19.395885,L2423,0.00233,L2423,L2423,160,2248.4222260117845,365.54356369648434,2613.965789708269,0.007420099200951658,0
Leak_3305,32.087925,19.344849,L770,0.00281,L770_1,L770,80,2218.4055948883206,163.39393115540088,2381.7995260437215,0.008121946629549123,0
Leak_2876,27.78848,19.162207,L410,0.00321,L410_1,L410,32,2193.6980726256684,116.00171998934768,2309.699792615016,0.008296405754137008,0
Leak_439,39.574635,19.100159,L1349,0.00225,L1349,L1349,50,2253.4643368539196,125.70896800719399,2379.1733048611136,0.008028065316797608,0
Leak_1881,67.076866,19.086935,L2504,0.00132,L2504,L2504,75,2312.9152395970045,151.1618651682702,2464.0771047652747,0.007746078646006153,0
Leak_2660,23.864603,19.06991,L3158,0.00374,L3158,L3158,110,2161.3839569966526,224.40888947605362,2385.792846472706,0.007993112259361718,0
Leak_281,28.4314,18.823103,L1229,0.00321,L1229_1,L1229,75,2193.6980726256684,156.58516196786945,2350.2832345935376,0.008008865771577998,0
Leak_251,27.252575,18.618116,L1209,0.00332,L1209,L1209,200,2186.9518770362806,532.6591321160307,2719.6110091523115,0.006845874765225101,0
Leak_534,54.931454,18.528666,L1444,0.00157,L1444,L1444,75,2296.7813673526057,152.22037986548077,2449.0017472180866,0.0075658033170658,0
Leak_1073,15.506264,18.480923,L1858,0.00577,L1858,L1858,75,2041.957154412035,160.16392311437093,2202.1210775264058,0.008392328145613966,0
Leak_476,44.585873,18.15918,L1385,0.0019,L1385_1,L1385,63,2275.65685307073,137.82409384387125,2413.480946914601,0.007524061754336503,0
Leak_454,47.05299,18.159067,L1367,0.0018,L1367,L1367,110,2282.0376211658936,218.05055555216816,2500.0881767180617,0.007263370677496902,0
Leak_1969,36.942726,18.080332,L2592,0.00231,L2592,L2592,110,2249.681695076775,220.2195118374407,2469.901206914216,0.007320265179738473,0
Leak_1836,50.890446,17.7909,L2465,0.00163,L2465_2,L2465,110,2292.926014058999,217.18799584016725,2510.1140098991664,0.007087685741193913,0
Leak_3304,32.08261,17.62118,L770,0.00256,L770,L770,80,2233.9889120307107,162.79745708869666,2396.7863691194075,0.007352002584678665,0
Leak_956,29.936728,17.438803,L1789,0.0028,L1789_1,L1789,50,2219.026835424506,126.79548787855498,2345.822323303061,0.007433982764117154,0
Leak_1220,46.81754,17.426994,L1945,0.00174,L1945_2,L1945,75,2285.8746665851313,152.84781831149124,2438.7224848966225,0.007145952207214426,0
Leak_493,62.917828,17.42497,L1399,0.00129,L1399,L1399,110,2314.8589046232896,215.15400600019095,2530.0129106234804,0.006887305022699254,0
Leak_2993,21.610622,17.358181,L498,0.00375,L498,L498,63,2160.7788542070375,141.55253541447112,2302.3313896215086,0.007539392929273077,0
Leak_1218,46.10611,17.159983,L1945,0.00174,L1945,L1945,75,2285.8746665851313,152.84781831149124,2438.7224848966225,0.007036463881211898,0
Leak_1987,37.580265,17.123672,L2602,0.00215,L2602,L2602,110,2259.7828788277607,219.59541796751043,2479.378296795271,0.006906437999995734,0
Leak_1880,56.815952,16.973938,L2502,0.00139,L2502_1,L2502,63,2308.386365473879,136.11013358132843,2444.496499055207,0.006943735855151211,0
Leak_735,30.026937,16.899485,L1587,0.00268,L1587_2,L1587,63,2226.495305595083,139.7103152307221,2366.2056208258055,0.007142018633402408,0
Leak_1947,37.04763,16.641281,L2565,0.00212,L2565_1,L2565,160,2261.681893920653,364.1808773000531,2625.862771220706,0.006337452707093875,0
Leak_1219,46.416645,16.581503,L1945,0.00167,L1945_1,L1945,75,2290.3593745096996,152.59722321080142,2442.956597720501,0.006787473395925556,0
Leak_527,53.922993,16.46175,L1436,0.00142,L1436,L1436,63,2306.4481350976066,136.2272296956904,2442.675364793297,0.006739229562709655,0
Leak_1828,50.74588,16.434713,L2460,0.00151,L2460,L2460,110,2300.643203083468,216.52311848480923,2517.1663215682775,0.006529053413287404,0
Leak_18,34.36016,16.384016,L1013,0.00222,L1013,L1013,80,2255.3580421417482,161.8852428434024,2417.2432849851507,0.0067779756132771525,0
Leak_734,29.870861,16.307392,L1587,0.0026,L1587_1,L1587,63,2231.4882450841296,139.5441269674927,2371.032372051622,0.006877760216428747,0
Leak_3347,31.342396,16.275108,L808,0.00242,L808,L808,60,2242.763335199343,135.76860530887893,2378.531940508222,0.006842501485990066,0
Leak_2085,23.310648,16.242825,L2681,0.00335,L2681,L2681,110,2185.1156088002017,223.45139703687764,2408.5670058370793,0.006743771095045076,0
Leak_2757,19.642519,16.09139,L3234,0.00398,L3234_1,L3234,160,2146.908149992485,373.2681156542879,2520.176265646773,0.006385025852789526,0
Leak_1243,25.31625,15.970562,L1969,0.00308,L1969_1,L1969,50,2201.697684070219,127.26902019676508,2328.9667042669844,0.0068573595113837075,0
Leak_3112,27.562443,15.693985,L592,0.00266,L592_1,L592,110,2227.7424921458573,221.44613036535398,2449.188622511211,0.006407830267176461,0
Leak_1915,39.648174,15.645746,L2535,0.00186,L2535,L2535,160,2278.2070165711525,362.29322000691917,2640.5002365780715,0.005925296280736199,0
Leak_1036,41.630623,15.631648,L184,0.00175,L184,L184,250,2285.234711276412,770.6968153689371,3055.931526645349,0.0051151826954772515,0
Leak_524,44.573887,15.331357,L1431,0.0016,L1431,L1431,160,2294.8528810816583,360.12086582382983,2654.973746905488,0.005774579511427488,0
Leak_1621,19.514616,15.218076,L2272,0.00376,L2272,L2272,63,2160.1739208224853,141.56713939911708,2301.7410602216023,0.0066115498460079455,0
Leak_2896,29.332804,15.1059885,L426,0.0024,L426,L426,60,2244.019634397999,135.72420249788698,2379.743836895886,0.006347737209483245,0
Leak_3406,22.968262,15.075674,L851,0.00307,L851_1,L851,60,2202.314245736364,137.04154478587893,2339.355790522243,0.006444369906486653,0
Leak_467,47.567036,14.991756,L1378,0.00147,L1378,L1378,63,2303.221366973196,136.41699925413172,2439.6383662273274,0.0061450732398475654,0
Leak_501,59.887905,14.782222,L1404,0.00115,L1404,L1404,63,2323.950960315893,135.070725560361,2459.021685876254,0.006011423924820282,0
Leak_513,49.045975,14.721537,L1418,0.0014,L1418,L1418,63,2307.7401077718464,136.14944409370554,2443.8895518655518,0.006023814220701914,0
Leak_2551,21.433832,14.615317,L3078,0.00336,L3078,L3078,63,2184.5038620782757,140.95033342167383,2325.4541954999495,0.006284930218341015,0
Leak_2968,26.27761,14.546398,L477,0.00258,L477,L477,63,2232.738228464057,139.50178086522712,2372.240009329284,0.006131925144856897,0
Leak_3316,32.031857,14.425857,L779,0.0021,L779,L779,60,2262.9487904791768,135.00974171112188,2397.9585321902987,0.006015890765673249,0
Leak_1558,45.606945,14.413091,L2224,0.00147,L2224_1,L2224,63,2303.221366973196,136.41699925413172,2439.6383662273274,0.005907879997870373,0
Leak_3111,28.037752,14.344776,L592,0.00239,L592,L592,110,2244.648047869411,220.51552597698173,2465.163573846393,0.0058189956665562394,0
Leak_1569,56.751408,14.12803,L2229,0.00116,L2229_1,L2229,110,2323.30034513738,214.2304489443229,2537.530794081703,0.0055676289155797065,0
Leak_152,26.45803,14.058986,L1128,0.00247,L1128,L1128,50,2239.6256634128013,126.17245314529058,2365.798116558092,0.005942597388909041,0
Leak_1959,37.11649,13.998799,L2577,0.00178,L2577_2,L2577,110,2283.3159201240483,217.95340844622405,2501.269328570272,0.005596678120239603,0
Leak_1111,17.147415,13.910955,L1883,0.00392,L1883,L1883,110,2150.517987098608,224.81758706174952,2375.3355741603577,0.005856416912374347,1
Leak_550,52.05998,13.838254,L1455,0.00124,L1455_1,L1455,63,2318.1019767105213,135.483926276375,2453.585902986896,0.005640012015910436,0
Leak_1142,24.858799,13.601117,L1901,0.00261,L1901_1,L1901,75,2230.8635158416814,155.32234072937118,2386.1858565710527,0.005699940386722027,0
Leak_3421,25.783104,13.57609,L860,0.00246,L860,L860,60,2240.2528464000775,135.85632051951364,2376.109166919591,0.00571358001897234,0
Leak_3275,39.04094,13.391594,L75,0.0016,L75,L75,32,2294.8528810816583,112.85377066744124,2407.7066517490994,0.005561970734008243,0
Leak_837,34.85572,13.3604355,L1678,0.00182,L1678,L1678,63,2280.760037854755,137.5881954089487,2418.3482332637036,0.005524611923986293,0
Leak_1839,55.245964,13.275088,L2469,0.00112,L2469_1,L2469,90,2325.9038992420747,173.96126940907055,2499.8651686511453,0.0053103217232329985,0
Leak_2207,32.66701,13.207161,L279,0.00189,L279,L279,75,2276.294126203665,153.3524795031445,2429.6466057068096,0.005435836190615437,0
Leak_1848,49.735664,13.1842575,L2479,0.00123,L2479_1,L2479,110,2318.7511361420798,214.73990033101677,2533.4910364730968,0.005203988219227403,0
Leak_2415,21.40599,13.080619,L2986,0.00296,L2986_1,L2986,63,2209.1078303630024,140.25525330637012,2349.3630836693724,0.005567729802712031,0
Leak_292,30.53242,12.949327,L1235,0.00205,L1235,L1235,75,2266.1191375109465,153.84842113248598,2419.9675586434323,0.005351033497379242,0
Leak_1965,36.058044,12.905091,L2586,0.00169,L2586,L2586,160,2289.077132321296,360.91039632726626,2649.9875286485626,0.004869868686622419,0
Leak_1840,54.38038,12.832633,L2469,0.0011,L2469_2,L2469,90,2327.206770195469,173.8338729143759,2501.0406431098445,0.005130917425850904,0
Leak_3142,34.789776,12.820247,L622,0.00172,L622,L622,63,2287.155114890482,137.2782941462569,2424.433409036739,0.005287935172270139,0
Leak_1912,43.788578,12.562052,L2532,0.00135,L2532,L2532,110,2310.9732065638086,215.54928204527005,2526.5224886090787,0.004972072019824787,0
Leak_799,25.510475,12.523489,L1637,0.00235,L1637,L1637,75,2247.1634620520226,154.68193113457357,2401.845393186596,0.005214111213793749,0
Leak_2137,26.591604,12.500111,L2725,0.00225,L2725_2,L2725,63,2253.4643368539196,138.75127343794034,2392.21561029186,0.005225327755760126,0
Leak_1388,44.908974,12.485985,L2095,0.0013,L2095_1,L2095,350,2314.2108348639954,1435.595995267055,3749.8068301310504,0.003329767470131182,0
Leak_1559,45.714203,12.481507,L2224,0.00127,L2224_2,L2224,63,2316.155588647519,135.61501920413875,2451.7706078516576,0.005090813659874721,0
Leak_1564,45.614227,12.453956,L2227,0.00127,L2227,L2227,63,2316.155588647519,135.61501920413875,2451.7706078516576,0.005079576209310323,0
Leak_1957,37.364803,12.352159,L2577,0.00156,L2577,L2577,110,2297.4245561776975,216.80635445905634,2514.230910636754,0.00491289741693592,0
Leak_2768,27.349209,12.297503,L325,0.0021,L325_2,L325,60,2262.9487904791768,135.00974171112188,2397.9585321902987,0.0051283219898477376,0
Leak_2241,28.344011,12.290593,L2820,0.00207,L2820,L2820,63,2264.8504660551025,138.29402595504996,2403.1444920101526,0.0051143795922970695,0
Leak_2250,33.8959,12.112246,L283,0.00167,L283,L283,75,2290.3593745096996,152.59722321080142,2442.956597720501,0.004958027322709785,0
Leak_2135,26.25597,12.063718,L2725,0.0022,L2725,L2725,63,2256.6213963515106,138.62803694847392,2395.2494332999845,0.005036518399456051,0
Leak_2032,26.426058,12.03347,L2639,0.00218,L2639,L2639,110,2257.885458237761,219.7158990019642,2477.6013572397255,0.004856903278102407,0
Leak_2497,10.171359,12.013691,L3040,0.00602,L3040_2,L3040,200,2027.713365753545,544.9979364926486,2572.7113022461936,0.004669661511572388,0
Leak_1772,43.141743,12.006978,L2407,0.00131,L2407,L2407,160,2313.562946538832,357.23575244168455,2670.7986989805167,0.0044956506978816434,0
Leak_3388,34.860283,11.874599,L84,0.00159,L84,L84,63,2295.4955298549908,136.84732134908188,2432.3428512040728,0.0048819595686968534,0
Leak_1544,44.812267,11.848362,L2211,0.00123,L2211_2,L2211,63,2318.7511361420798,135.43952285163414,2454.190658993714,0.0048278082738088075,0
Leak_2232,32.921265,11.772175,L2814,0.0017,L2814,L2814,63,2288.4362804476955,137.2141554853513,2425.650435933047,0.004853203355609157,0
Leak_3308,30.5004,11.769381,L774,0.0018,L774_1,L774,63,2282.0376211658936,137.5276003946889,2419.5652215605824,0.004864254315023977,0
Leak_2251,34.571926,11.763877,L283,0.00159,L283_1,L283,75,2295.4955298549908,152.29763308951314,2447.793162944504,0.004805911338042551,0
Leak_1543,44.78579,11.745069,L2211,0.00122,L2211_1,L2211,63,2319.400477363728,135.39475694594697,2454.795234309675,0.0047845410427533085,0
Leak_778,39.55609,11.66298,L1618,0.00139,L1618_2,L1618,63,2308.386365473879,136.11013358132843,2444.496499055207,0.004771117522221282,0
Leak_3120,29.650768,11.618384,L602,0.00183,L602,L602,75,2280.1215144416055,153.15559393843685,2433.2771083800426,0.0047747888315942955,0
Leak_3476,28.920864,11.606827,L906,0.00187,L906_1,L906,160,2277.5692079038927,362.37057816914256,2639.939786073035,0.004396625575877985,0
Leak_382,28.08843,11.598302,L131,0.00193,L131,L131,50,2273.7461039411373,124.94677561504894,2398.692879556186,0.00483525923070992,0
Leak_3404,23.285648,11.5522785,L850,0.00232,L850,L850,60,2249.051872381446,135.5428119738559,2384.594684355302,0.004844545949241695,0
Leak_3475,30.870646,11.53463,L906,0.00174,L906,L906,160,2285.8746665851313,361.331046027948,2647.2057126130794,0.004357285029576116,0
Leak_2766,25.147415,11.51577,L325,0.00214,L325,L325,60,2260.41570662559,135.11069768766203,2395.526404313252,0.0048071980913094664,0
Leak_3132,40.42134,11.4451065,L611,0.00132,L611_1,L611,63,2312.9152395970045,135.82677497194314,2448.7420145689475,0.004673871905759881,0
Leak_1585,44.820354,11.369141,L2237,0.00118,L2237,L2237,63,2321.9996611696056,135.21194691805368,2457.2116080876594,0.004626846376429137,0
Leak_3324,32.906517,11.359226,L783,0.00161,L783,L783,50,2294.210412224793,124.04608802180437,2418.256500246597,0.004697279310796148,0
Leak_275,30.604887,11.335006,L1225,0.00179,L1225_3,L1225,75,2282.6766811640446,153.02071721784495,2435.6973983818893,0.004653700319145996,0
Leak_3495,20.470875,11.287324,L914,0.00258,L914,L914,150,2232.738228464057,332.9862179377318,2565.724446401789,0.004399273650586565,0
Leak_135,27.518848,11.284152,L1109,0.00191,L1109_2,L1109,75,2275.0197583492936,153.4167213932487,2428.4364797425424,0.004646673744639656,0
Leak_2496,10.176336,11.281373,L3040,0.00565,L3040_1,L3040,200,2048.8296698110685,543.6827928989,2592.5124627099685,0.004351521231336466,0
Leak_2313,25.786144,11.263082,L2880,0.00209,L2880_2,L2880,75,2263.5825048563834,153.96635568557556,2417.548860541959,0.004658884763170089,0
Leak_2316,25.828182,11.223724,L2883,0.00208,L2883,L2883,63,2264.2163966984594,138.32045392424126,2402.5368506227005,0.004671613824497784,0
Leak_1861,46.156696,11.214143,L2487,0.00113,L2487_1,L2487,63,2325.2527373172106,134.97451619802078,2460.2272535152315,0.004558173552201085,0
Leak_1849,49.90251,11.185095,L2479,0.00104,L2479_2,L2479,110,2331.1197635634903,213.28100745276157,2544.400771016252,0.004395964252481584,0
Leak_3187,51.8878,11.140358,L66,0.001,L66_2,L66,63,2333.7320803229923,134.30429999999998,2468.036380322992,0.004513854844284535,0
Leak_2030,28.256353,11.120943,L2638,0.00188,L2638_1,L2638,90,2276.9315777980605,177.62328978601272,2454.5548675840732,0.004530737208740392,0
Leak_1128,28.368368,11.100661,L1893,0.00186,L1893,L1893,75,2278.2070165711525,153.25483064862226,2431.461847219775,0.004565426881143091,0
Leak_1129,26.685532,11.097928,L1893,0.00198,L1893_1,L1893,75,2270.5650866273054,153.6363875861502,2424.2014742134556,0.0045779726500582854,0
Leak_2220,32.56299,11.09161,L2804,0.00162,L2804,L2804,75,2293.568123234025,152.4117097418603,2445.979832975885,0.004534628538347125,0
Leak_1337,27.076378,11.089157,L2054,0.00191,L2054_1,L2054,150,2275.0197583492936,329.0503456888465,2604.07010403814,0.004258394229593203,0
Leak_2311,25.567871,11.057844,L2880,0.00207,L2880,L2880,75,2264.8504660551025,153.90767327953336,2418.758139334636,0.004571703132347557,0
Leak_3188,55.872406,11.039886,L66,0.00092,L66_3,L66,63,2338.9654994240423,133.84705251710957,2472.812551941152,0.004464505999835325,0
Leak_1542,44.774845,10.972209,L2211,0.00114,L2211,L2211,63,2324.601757692162,135.0228318673405,2459.6245895595025,0.004460928315369718,0
Leak_2980,18.24105,10.929312,L484,0.0028,L484_1,L484,63,2219.026835424506,139.95051974595506,2358.977355170461,0.004633071923460485,0
Leak_1844,47.10163,10.903618,L2474,0.00108,L2474,L2474,63,2328.510370960925,134.72633841815815,2463.236709379083,0.004426540826291612,0
Leak_1978,35.946266,10.885196,L2597,0.00143,L2597_1,L2597,110,2305.8024200241084,216.04982747005053,2521.8522474941587,0.004316349517674077,0
Leak_2815,25.491089,10.88228,L355,0.00199,L355_1,L355,63,2269.9294174008946,138.07788791051772,2408.0073053114124,0.004519205704122275,0
Leak_3494,17.3983,10.839928,L913,0.00292,L913_5,L913,150,2211.583417202858,334.60663914265535,2546.1900563455133,0.0042573128609645645,0
Leak_2055,23.057566,10.834215,L2657,0.00226,L2657,L2657,90,2252.8334551671587,178.92488538931968,2431.7583405564783,0.0044553009168276534,0
Leak_2221,29.635687,10.815166,L2806,0.00174,L2806,L2806,110,2285.8746665851313,217.75579595061765,2503.630462535749,0.0043197934500424475,0
Leak_2120,30.741385,10.705464,L271,0.00163,L271,L271,63,2292.926014058999,136.98357166204835,2429.9095857210473,0.004405704815523588,0
Leak_3496,23.377535,10.654015,L916,0.00213,L916,L916,150,2261.048711640011,330.47736124764356,2591.5260728876547,0.004111096816221076,0
Leak_148,24.529308,10.6064625,L1123,0.00201,L1123_1,L1123,75,2268.6586127856526,153.72816259690143,2422.386775382554,0.004378517331099067,0
Leak_3133,43.64208,10.489109,L611,0.00112,L611_2,L611,63,2325.9038992420747,134.9257710504541,2460.8296702925286,0.00426242789817296,0
Leak_2087,25.12303,10.478993,L2682,0.002,L2682,L2682,200,2269.293926136951,522.1511719929985,2791.4450981299497,0.0037539672275312265,0
Leak_1560,43.75691,10.440366,L2225,0.00111,L2225,L2225,75,2326.5552435178056,150.10440115939952,2476.659644677205,0.0042155028502842765,0
Leak_3479,23.677383,10.3965435,L906,0.00205,L906_4,L906,160,2266.1191375109465,363.69646326427215,2629.8156007752186,0.00395333554936054,0
Leak_2267,28.973618,10.3866625,L2850,0.00171,L2850,L2850,110,2287.7956079875003,217.60458213005091,2505.400190117551,0.004145709944537044,0
Leak_2022,32.98838,10.369348,L263,0.00147,L263,L263,40,2303.221366973196,116.46368086858533,2419.6850478417814,0.0042854120959153405,0
Leak_499,60.3824,10.368624,L1402,0.0008,L1402,L1402,110,2346.8376412943394,210.99986153957872,2557.8375028339183,0.004053667882354819,0
Leak_1540,27.969198,10.368277,L221,0.00173,L221,L221,63,2286.514801106426,137.31008433959698,2423.824885446023,0.004277650856019413,0
Leak_3493,16.912941,10.353958,L913,0.00287,L913_4,L913,150,2214.681802350476,334.38056036756257,2549.0623627180385,0.0040618692901818595,0
Leak_2927,20.062674,10.335327,L445,0.0024,L445,L445,140,2244.019634397999,300.5321626738926,2544.551797071892,0.004061747597486809,0
Leak_473,43.399628,10.324372,L1381,0.00111,L1381,L1381,110,2326.5552435178056,213.8473660353089,2540.4026095531144,0.004064069314344278,0
Leak_776,36.08745,10.317296,L1618,0.00135,L1618,L1618,63,2310.9732065638086,135.9500114614096,2446.9232180252184,0.004216436360624241,0
Leak_469,43.24544,10.285937,L1379,0.00111,L1379_1,L1379,63,2326.5552435178056,134.87658872084126,2461.431832238647,0.004178843051651843,0
Leak_3407,21.76134,10.230647,L852,0.0022,L852,L852,60,2256.6213963515106,135.25864742772958,2391.88004377924,0.00427724087322224,0
Leak_104,30.749704,10.168605,L1082,0.00154,L1082,L1082,63,2298.711474232581,136.67210538992992,2435.383579622511,0.004175360684802348,0
Leak_147,26.843204,10.153399,L1123,0.00176,L1123,L1123,75,2284.5949351300947,152.91756676445834,2437.5125018945528,0.004165475852770621,0
Leak_3497,23.08095,10.12272,L916,0.00205,L916_1,L916,150,2266.1191375109465,329.9762613722204,2596.095398883167,0.003899209470138978,0
Leak_3185,50.363583,10.054762,L66,0.00093,L66,L66,63,2338.3106807630943,133.9063373430957,2472.21701810619,0.004067103257099573,0
Leak_3268,30.676096,9.997772,L737,0.00152,L737,L737,80,2299.9991131634015,159.46037448630597,2459.4594876497076,0.004065028217379129,0
Leak_160,30.193098,9.982518,L1138,0.00154,L1138,L1138,63,2298.711474232581,136.67210538992992,2435.383579622511,0.004098951097327044,0
Leak_2928,20.373096,9.971455,L445,0.00228,L445_1,L445,140,2251.572221610621,299.9244626261724,2551.4966842367935,0.0039080805716759145,0
Leak_2088,25.161942,9.918508,L2682,0.00189,L2682_1,L2682,200,2276.294126203665,520.9782865312307,2797.2724127348956,0.003545778212673765,0
Leak_2906,25.247215,9.874893,L434,0.00182,L434,L434,63,2280.760037854755,137.5881954089487,2418.3482332637036,0.004083321439257659,0
Leak_2798,24.75521,9.851943,L334,0.00186,L334_2,L334,32,2278.2070165711525,113.53453755448619,2391.7415541256387,0.004119150331714612,0
Leak_1322,25.76284,9.778578,L2035,0.00177,L2035_1,L2035,32,2283.9553380960215,113.31030089213296,2397.2656389881545,0.004079054755355691,0
Leak_2227,32.78053,9.720877,L2810,0.00141,L2810_1,L2810,63,2307.09403099664,136.18847481358821,2443.282505810228,0.003978613472084761,0
Leak_3292,32.82769,9.712487,L763,0.00138,L763,L763,63,2309.032804153403,136.07053923607975,2445.1033433894827,0.0039722195166198545,0
Leak_3368,18.373978,9.680858,L825,0.00247,L825,L825,60,2239.6256634128013,135.8780264641591,2375.5036898769604,0.004075286306495972,0
Leak_2045,25.357431,9.680703,L2650,0.00183,L2650_1,L2650,90,2280.1215144416055,177.4327037408114,2457.554218182417,0.003939161582488596,0
Leak_1993,22.91667,9.676976,L2610,0.00203,L2610,L2610,63,2267.3885196217702,138.18702172112634,2405.5755413428965,0.0040227280489044,0
Leak_274,27.160696,9.669597,L1225,0.00173,L1225_2,L1225,75,2286.514801106426,152.8126428642174,2439.3274439706433,0.003964042095274551,0
Leak_730,29.6253,9.636056,L1586,0.00155,L1586_2,L1586,125,2298.0679251208758,253.37173756643023,2551.439662687306,0.0037767132365579496,0
Leak_1074,9.096555,9.627771,L1858,0.00528,L1858_1,L1858,75,2070.165875904344,159.6223131964064,2229.7881891007505,0.0043177963829139545,0
Leak_2747,13.304651,9.580712,L3226,0.00358,L3226,L3226,75,2171.0886794708736,157.25094123191306,2328.3396207027868,0.004114825961484332,0
Leak_772,31.968327,9.571176,L1614,0.00142,L1614_3,L1614,40,2306.4481350976066,116.30166835244934,2422.749803450056,0.003950542297692794,0
Leak_2114,19.784264,9.569987,L27,0.00226,L27,L27,63,2252.8334551671587,138.7755918502703,2391.609047017429,0.004001484820018062,0
Leak_3293,34.276413,9.555649,L763,0.0013,L763_1,L763,63,2314.2108348639954,135.74305131524318,2449.9538861792385,0.003900338229881216,0
Leak_3409,22.11358,9.546921,L852,0.00202,L852_2,L852,60,2268.0234772971903,134.80192887158242,2402.8254061687726,0.003973206189620512,0
Leak_3408,21.99583,9.542659,L852,0.00203,L852_1,L852,60,2267.3885196217702,134.8283511870908,2402.216870808861,0.003972438509531414,0
Leak_2146,18.07798,9.51984,L2732,0.00256,L2732,L2732,63,2233.9889120307107,139.45910521799618,2373.448017248707,0.004010974822829228,0
Leak_1295,21.89683,9.466032,L2000,0.00202,L2000_1,L2000,60,2268.0234772971903,134.80192887158242,2402.8254061687726,0.003939542175597154,0
Leak_2908,26.061012,9.465683,L434,0.00169,L434_2,L434,63,2289.077132321296,137.1818026304864,2426.2589349517825,0.0039013490468965757,0
Leak_1294,22.32428,9.461526,L2000,0.00198,L2000,L2000,60,2270.5650866273054,134.69491514402208,2405.2600017713276,0.003933681144693457,0
Leak_1487,30.3814,9.440083,L217,0.00145,L217,L217,40,2304.5115321512344,116.39954706409303,2420.9110792153274,0.0038993925184185514,0
Leak_51,14.350644,9.438999,L1043,0.00328,L1043_2,L1043,50,2189.402635307007,127.58159677206162,2316.9842320790685,0.0040738296986836285,0
Leak_3354,32.13332,9.3778,L812,0.00136,L812_1,L812,32,2310.3262246476656,112.11899345169732,2422.445218099363,0.003871212408737457,0
Leak_3131,39.732803,9.374214,L611,0.0011,L611,L611,63,2327.206770195469,134.82696129622437,2462.0337314916933,0.003807508423811743,0
Leak_334,29.980295,9.37013,L128,0.00146,L128,L128,63,2303.866359250653,136.3795670747045,2440.2459263253577,0.0038398300286791648,0
Leak_2044,26.508621,9.359831,L2650,0.00169,L2650,L2650,90,2289.077132321296,176.8699955511106,2465.947127872407,0.0037956332277078488,0
Leak_2904,25.773388,9.305971,L432,0.00168,L432,L432,32,2289.7181636585456,113.07435974647892,2402.7925234050244,0.0038729815641519835,0
Leak_2962,26.602474,9.294873,L471,0.00163,L471,L471,50,2292.926014058999,124.10742619438129,2417.0334402533804,0.0038455708070946138,0
Leak_1321,25.610714,9.278974,L2035,0.00169,L2035,L2035,32,2289.077132321296,113.1011917497102,2402.1783240710065,0.0038627330396027912,0
Leak_120,30.177616,9.268503,L1099,0.00143,L1099_2,L1099,63,2305.8024200241084,136.26571261146756,2442.068132635576,0.0037953499598244135,0
Leak_1072,18.060843,9.236246,L1856,0.00246,L1856_2,L1856,63,2240.2528464000775,139.24059850388366,2379.493444903961,0.0038816018294942495,0
Leak_2907,25.577509,9.234742,L434,0.00168,L434_1,L434,63,2289.7181636585456,137.14925776942428,2426.86742142797,0.0038052108174817766,0
Leak_1085,15.965047,9.233322,L1868,0.00284,L1868_1,L1868,140,2216.5429166230115,302.5265243164832,2519.0694409394946,0.003665370232950423,0
Leak_1889,34.4362,9.203095,L251,0.00125,L251_1,L251,63,2317.4529990181595,135.52797304325142,2452.9809720614107,0.003751800580973194,0
Leak_1992,13.9033785,9.191918,L2608,0.00325,L2608_1,L2608,63,2191.242506158238,140.76780001074414,2332.010306168982,0.0039416285377436265,0
Leak_1084,16.215786,9.155266,L1868,0.00277,L1868,L1868,140,2220.89160105818,302.23084810007816,2523.1224491582584,0.0036285459753091914,0
Leak_80,25.014032,9.143124,L106,0.00171,L106,L106,32,2287.7956079875003,113.15438270762648,2400.949990695127,0.0038081274754339436,0
Leak_1326,26.869205,9.107394,L2038,0.00158,L2038,L2038,250,2296.138358595174,767.5528680398512,3063.691226635025,0.002972686718317838,1
Leak_273,26.060696,9.098165,L1225,0.0017,L1225_1,L1225,75,2288.4362804476955,152.70588346766817,2441.1421639153637,0.0037270113526768306,0
Leak_2320,32.658566,9.086828,L289,0.0013,L289_1,L289,75,2314.2108348639954,151.06868895829183,2465.279523822287,0.003685922080642146,0
Leak_2572,14.752979,9.076355,L3091,0.00312,L3091_1,L3091,75,2199.2331630534545,156.41160743244416,2355.644770485899,0.0038530236367500226,0
Leak_2811,24.420643,9.063222,L351,0.00173,L351,L351,32,2286.514801106426,113.20695515201201,2399.7217562584383,0.003776780332061737,0
Leak_1156,23.47663,9.008518,L1908,0.00183,L1908_3,L1908,63,2280.1215144416055,137.61824366491714,2417.7397581065225,0.0037260082226754023,0
Leak_3151,30.222107,8.990111,L633,0.00139,L633,L633,60,2308.386365473879,132.80194233913045,2441.1883078130095,0.0036826783588305672,0
Leak_2307,22.593311,8.977583,L2878,0.00191,L2878,L2878,75,2275.0197583492936,153.4167213932487,2428.4364797425424,0.0036968572192056424,0
Leak_1996,28.36323,8.974696,L2612,0.00151,L2612_1,L2612,75,2300.643203083468,151.98257355183725,2452.625776635305,0.003659219537223877,0
Leak_2226,32.786755,8.964196,L2810,0.0013,L2810,L2810,63,2314.2108348639954,135.74305131524318,2449.9538861792385,0.0036589244620922386,0
Leak_2108,31.811768,8.955882,L2696,0.00134,L2696_2,L2696,63,2311.620369660252,135.90923957847258,2447.5296092387243,0.0036591516763036644,0
Leak_1086,15.201085,8.951273,L1868,0.0029,L1868_2,L1868,140,2212.8222507575124,302.7742173826835,2515.596468140196,0.0035583103561499666,0
Leak_1679,54.7244,8.923261,L2317,0.00076,L2317,L2317,90,2349.4675719388347,171.21964528233127,2520.687217221166,0.003540011084206965,0
Leak_53,16.12374,8.90163,L1043,0.00273,L1043_4,L1043,50,2223.3803931147554,126.66970068214626,2350.050093796902,0.0037878470867951774,0
Leak_2441,15.017378,8.857022,L3003,0.0029,L3003_1,L3003,63,2212.8222507575124,140.1429532796703,2352.9652040371825,0.0037641960324209978,0
Leak_1071,16.778011,8.798945,L1856,0.00253,L1856_1,L1856,63,2235.8662510888335,139.39446250883492,2375.260713597668,0.0037044124784153362,0
Leak_1580,28.452408,8.79712,L2233,0.0015,L2233_1,L2233,160,2301.2874733739627,359.18975162582973,2660.4772249997923,0.0033065947761684008,0
Leak_1433,6.8813353,8.795817,L2131,0.00678,L2131,L2131,63,1985.0194991770434,144.80015422149,2129.8196533985333,0.0041298413981426555,0
Leak_510,46.910442,8.748088,L1415,0.00087,L1415_1,L1415,110,2342.242344379487,211.72917543742474,2553.9715198169115,0.0034252879545120128,0
Leak_2440,15.139677,8.717848,L3003,0.00283,L3003,L3003,63,2217.1636355362584,140.00896214272163,2357.17259767898,0.0036984342311975034,0
Leak_2154,19.660883,8.560624,L2741,0.00211,L2741,L2741,63,2262.315253517156,138.39898213479842,2400.7142356519544,0.003565865522638869,0
Leak_1112,17.720697,8.555747,L1884,0.00233,L1884,L1884,63,2248.4222260117845,138.94286647920342,2387.365092490988,0.003583761469528073,0
Leak_1842,53.142178,8.549182,L2472,0.00075,L2472,L2472,90,2350.125514966703,171.1259973680169,2521.2515123347202,0.0033908485116801,0
Leak_1995,29.426815,8.518645,L2612,0.00138,L2612,L2612,75,2309.032804153403,151.43315086165336,2460.4659550150564,0.0034622081517514556,0
Leak_675,13.093148,8.494662,L1546,0.0032,L1546_1,L1546,75,2194.3123940869946,156.56612007034047,2350.878514157335,0.0036133990904655315,0
Leak_15,32.936443,8.4873705,L1011,0.0012,L1011,L1011,63,2320.6997053809437,135.30411367571875,2456.0038190566625,0.0034557643702230823,0
Leak_3452,22.957851,8.484037,L886,0.00173,L886_1,L886,80,2286.514801106426,160.28879956011843,2446.8036006665448,0.0034673961559402713,0
Leak_761,16.898075,8.472465,L1602,0.00244,L1602,L1602,90,2241.5077393312877,179.46670637279453,2420.9744457040824,0.0034996092488693694,0
Leak_1551,75.57833,8.472373,L2219,0.00052,L2219,L2219,63,2365.309162150347,130.71830261974225,2496.0274647700894,0.003394342862132097,0
Leak_3402,35.61894,8.471556,L85,0.00111,L85_1,L85,63,2326.5552435178056,134.87658872084126,2461.431832238647,0.0034417185960149356,0
Leak_679,13.719765,8.4230585,L1548,0.00301,L1548_1,L1548,75,2206.0172433162234,156.1925556793325,2362.209798995556,0.0035657537757265508,0
Leak_770,29.41703,8.4190235,L1614,0.00136,L1614_1,L1614,40,2310.3262246476656,116.09954943223096,2426.4257740798967,0.003469722257210381,0
Leak_2077,19.035898,8.402486,L2677,0.00214,L2677,L2677,90,2260.41570662559,178.53913623012483,2438.9548428557146,0.003445117433020971,0
Leak_1579,27.399496,8.400048,L2233,0.00149,L2233,L2233,160,2301.931924085397,359.09324783665573,2661.025171922053,0.003156696278018698,0
Leak_2246,28.897234,8.358816,L2824,0.00138,L2824,L2824,63,2309.032804153403,136.07053923607975,2445.1033433894827,0.0034185942158433762,0
Leak_2836,27.720314,8.334802,L376,0.0014,L376,L376,250,2307.7401077718464,763.8317100474464,3071.571817819293,0.002713529804361395,1
Leak_285,26.18436,8.282691,L1230,0.00154,L1230_1,L1230,75,2298.711474232581,152.1026349295544,2450.8141091621355,0.0033795672103110706,0
Leak_3491,14.351734,8.280171,L913,0.00271,L913_2,L913,150,2224.625834826031,333.6296944269546,2558.255529252986,0.003236647512207651,0
Leak_210,22.34474,8.226687,L1175,0.00181,L1175,L1175,75,2281.398740079493,153.0885281733492,2434.487268252842,0.003379227954327933,0
Leak_2903,29.449224,8.216279,L430,0.0013,L430,L430,60,2314.2108348639954,132.44378210042024,2446.6546169644157,0.0033581687308363107,0
Leak_521,54.583637,8.196899,L1428,0.0007,L1428_1,L1428,75,2353.417994885828,147.29074020730036,2500.708735093129,0.003277830520217397,0
Leak_2500,6.585009,8.186852,L3040,0.00669,L3040_5,L3040,200,1990.028056446601,547.1858428622359,2537.213899308837,0.0032267096035416415,0
Leak_1781,52.113304,8.159198,L2415,0.00073,L2415,L2415,63,2351.4419538235616,132.57849142245496,2484.0204452460166,0.0032846741752578157,0
Leak_460,45.703114,8.131476,L1370,0.00083,L1370_1,L1370,63,2344.867125408191,133.28250716462344,2478.1496325728144,0.0032812693371709833,0
Leak_705,28.416021,8.124949,L1566,0.00136,L1566_3,L1566,63,2310.3262246476656,135.9904824420999,2446.3167070897657,0.0033212990908797696,0
Leak_1888,33.909554,8.118729,L251,0.00112,L251,L251,63,2325.9038992420747,134.9257710504541,2460.8296702925286,0.0032991834972187274,0
Leak_1594,21.74788,8.117729,L2248,0.0018,L2248_1,L2248,63,2282.0376211658936,137.5276003946889,2419.5652215605824,0.0033550363158947657,0
Leak_2306,18.894283,8.117,L2877,0.00208,L2877_1,L2877,75,2264.2163966984594,153.9370850145642,2418.1534817130237,0.0033566933147723826,0
Leak_121,25.989647,8.10881,L11,0.00145,L11,L11,75,2304.5115321512344,151.73512385140697,2456.2466560026414,0.003301301359530876,0
Leak_175,23.988388,8.085234,L1148,0.00157,L1148_1,L1148,63,2296.7813673526057,136.77790532100613,2433.5592726736118,0.0033223902861719535,0
Leak_2444,13.108416,8.083637,L3003,0.00306,L3003_4,L3003,63,2202.9309800639467,140.43745588004023,2343.3684359439867,0.0034495801486258693,0
Leak_2443,13.779319,8.082496,L3003,0.0029,L3003_3,L3003,63,2212.8222507575124,140.1429532796703,2352.9652040371825,0.0034350255904865338,0
Leak_2416,15.725985,8.046462,L2986,0.00252,L2986_2,L2986,63,2236.4923812932766,139.37274448839446,2375.865125781671,0.0033867503553568394,0
Leak_1311,24.863325,8.03777,L2018,0.00151,L2018,L2018,40,2300.643203083468,116.58937149182036,2417.2325745752883,0.0033251952484189564,0
Leak_1908,32.419224,8.036117,L253,0.00116,L253,L253,63,2323.30034513738,135.11820458416935,2458.4185497215494,0.0032688154752765044,0
Leak_1123,37.82626,8.030665,L189,0.00099,L189,L189,75,2334.3856167963195,149.40616357208205,2483.7917803684013,0.003233228107572253,0
Leak_2883,29.104004,8.009383,L414,0.00128,L414,L414,63,2315.507155867523,135.65802956574666,2451.16518543327,0.0032675819847626368,0
Leak_2992,22.579971,7.9813356,L497,0.00165,L497,L497,63,2291.6423349548218,137.05044801519458,2428.692782970016,0.0032862681092967814,0
Leak_775,35.22004,7.9772005,L1617,0.00107,L1617_1,L1617,90,2329.1624451509206,173.63836790071522,2502.800813051636,0.003187309380162446,0
Leak_539,54.573055,7.9771347,L1449,0.00068,L1449_1,L1449,350,2354.7362780477984,1398.0132402027907,3752.749518250589,0.002125677364235204,0
Leak_432,31.252663,7.969561,L1344,0.00119,L1344,L1344,32,2321.34959227837,111.51527408688081,2432.8648663652507,0.0032757927537145903,0
Leak_520,53.723534,7.9517794,L1428,0.00069,L1428,L1428,75,2354.0770441869927,147.20292684758527,2501.279971034578,0.003179084091994124,0
Leak_2345,22.310003,7.9486446,L2907,0.00171,L2907,L2907,63,2287.7956079875003,137.24631858631068,2425.041926573811,0.003277734933552948,0
Leak_2884,27.561329,7.938722,L414,0.00134,L414_1,L414,63,2311.620369660252,135.90923957847258,2447.5296092387243,0.0032435653091468513,0
Leak_1591,37.531303,7.8782606,L2246,0.00099,L2246_1,L2246,75,2334.3856167963195,149.40616357208205,2483.7917803684013,0.003171868380738128,0
Leak_676,12.627411,7.844788,L1546,0.00307,L1546_2,L1546,75,2202.314245736364,156.31301202139315,2358.627257757757,0.003325997377793006,0
Leak_2888,29.552319,7.8147354,L418,0.00123,L418,L418,63,2318.7511361420798,135.43952285163414,2454.190658993714,0.0031842413644431007,0
Leak_3038,28.364426,7.7962775,L53,0.00128,L53,L53,75,2315.507155867523,150.97406809847666,2466.4812239659996,0.0031608906839779953,0
Leak_496,61.519787,7.7916217,L1400,0.00059,L1400,L1400,63,2360.677696511545,131.4108712658042,2492.0885677773495,0.0031265428467405106,0
Leak_1991,13.346424,7.773705,L2608,0.00287,L2608,L2608,63,2214.681802350476,140.08592892187045,2354.7677312723467,0.0033012619046912973,0
Leak_1855,43.99475,7.754291,L2481,0.00082,L2481,L2481,110,2345.523780130676,211.214553324722,2556.7383334553983,0.003032884107114257,0
Leak_20,34.291424,7.7339973,L1014,0.00105,L1014,L1014,80,2330.467141401059,157.09233026829088,2487.55947166935,0.0031090703289922057,0
Leak_459,45.62237,7.725806,L1370,0.00079,L1370,L1370,63,2347.4948478385245,133.01164751901527,2480.5064953575397,0.0031146083474187774,0
Leak_1140,25.720205,7.717539,L1900,0.00143,L1900_1,L1900,75,2305.8024200241084,151.65035966647778,2457.4527796905863,0.0031404627170862126,0
Leak_1960,37.502754,7.709375,L2578,0.00097,L2578,L2578,110,2335.693238841726,212.67517012001025,2548.368408961736,0.0030252199319067627,0
Leak_2305,18.523777,7.6831923,L2877,0.00201,L2877,L2877,75,2268.6586127856526,153.72816259690143,2422.386775382554,0.003171744632687499,0
Leak_1122,22.823158,7.6831813,L1889,0.00161,L1889_1,L1889,110,2294.210412224793,217.08065403815763,2511.2910662629506,0.003059454711990629,1
Leak_2442,13.892973,7.6476083,L3003,0.00272,L3003_2,L3003,63,2224.003026789474,139.79155809434943,2363.7945848838235,0.0032353100092061306,0
Leak_417,30.344677,7.644416,L1333,0.0012,L1333_3,L1333,63,2320.6997053809437,135.30411367571875,2456.0038190566625,0.0031125423324235273,0
Leak_2562,13.506064,7.601782,L3087,0.00288,L3087,L3087,75,2214.061778253242,155.9231129342366,2369.9848911874788,0.003207523336270683,0
Leak_3256,28.378963,7.601726,L726,0.00125,L726_1,L726,63,2317.4529990181595,135.52797304325142,2452.9809720614107,0.0030989747338957155,0
Leak_3233,22.445759,7.5788236,L7,0.00157,L7_2,L7,63,2296.7813673526057,136.77790532100613,2433.5592726736118,0.003114295859377343,0
Leak_774,35.422413,7.5739913,L1617,0.00101,L1617,L1617,90,2333.078726814262,173.2303519651814,2506.3090787794436,0.0030219701802955694,0
Leak_2477,16.274012,7.5721383,L3025,0.00229,L3025,L3025,63,2250.941869641964,138.84790665195752,2389.7897762939215,0.0031685374105255436,0
Leak_2616,32.94628,7.568743,L3121,0.00107,L3121_2,L3121,80,2329.1624451509206,157.21311688308,2486.3755620340007,0.0030440868807126943,0
Leak_174,25.70531,7.562772,L1148,0.00137,L1148,L1148,63,2309.6794238611005,136.03065692942724,2445.7100807905276,0.003092260140145335,0
Leak_498,60.41978,7.521928,L1400,0.00058,L1400_2,L1400,63,2361.338778813771,131.31712893191983,2492.655907745691,0.0030176358518572317,0
Leak_414,33.998726,7.514473,L1333,0.00105,L1333,L1333,63,2330.467141401059,134.5718551604262,2465.0389965614854,0.0030484195065099643,0
Leak_2248,28.546133,7.476641,L2825,0.00125,L2825_1,L2825,63,2317.4529990181595,135.52797304325142,2452.9809720614107,0.003047981726433027,0
Leak_3108,18.920599,7.4615993,L59,0.00184,L59,L59,32,2279.4831697899835,113.48565946465848,2392.968829254642,0.0031181347866949495,0
Leak_3490,11.525136,7.460175,L913,0.00305,L913_1,L913,150,2203.5478871013192,335.1767971579121,2538.7246842592313,0.002938552212313176,0
Leak_1124,39.046062,7.453669,L189,0.00089,L189_1,L189,75,2340.9310558616876,148.75630306837763,2489.6873589300653,0.00299381729375077,0
Leak_1355,27.33814,7.4483795,L2070,0.00127,L2070,L2070,50,2316.155588647519,122.86751456773614,2439.023103215255,0.0030538372132607916,0
Leak_3401,36.189312,7.4448876,L85,0.00096,L85,L85,63,2336.3473245163223,134.08044063246732,2470.4277651487896,0.0030136026412590326,0
Leak_3261,32.09781,7.4336605,L732,0.00108,L732,L732,75,2328.510370960925,149.93718732398037,2478.447558284905,0.0029993212817245444,0
Leak_2062,17.087713,7.4329596,L2662,0.00212,L2662_1,L2662,90,2261.681893920653,178.47274781592006,2440.154641736573,0.0030461018451231484,0
Leak_2284,8.486684,7.4236355,L2861,0.00446,L2861,L2861,63,2118.2467405611296,142.50338632747236,2260.750126888602,0.00328370455208378,0
Leak_1578,46.5481,7.423268,L2232,0.00074,L2232_1,L2232,110,2350.7836422444125,210.32201902901414,2561.1056612734264,0.0028984621578041934,0
Leak_1514,19.25061,7.416632,L2194,0.00187,L2194,L2194,63,2277.5692079038927,137.73681678157573,2415.3060246854684,0.003070680112434772,0
Leak_3587,26.746511,7.406988,L995,0.00129,L995_2,L995,60,2314.8589046232896,132.40246523088675,2447.2613698541763,0.003026643674092831,0
Leak_1577,49.640404,7.3819003,L2232,0.00069,L2232,L2232,110,2354.0770441869927,209.71375879655986,2563.7908029835526,0.0028792912050101126,0
Leak_2217,32.711872,7.360312,L2802,0.00107,L2802,L2802,75,2329.1624451509206,149.88041553592143,2479.042860686842,0.0029690136067178066,0
Leak_538,54.306885,7.3546114,L1449,0.00063,L1449,L1449,350,2358.035217555894,1393.5839369740313,3751.6191545299253,0.0019603832622267004,0
Leak_2189,22.774036,7.3378253,L2775,0.00155,L2775_1,L2775,63,2298.0679251208758,136.70759931962644,2434.775524440502,0.003013758444937349,0
Leak_1590,37.542557,7.323444,L2246,0.00092,L2246,L2246,75,2338.9654994240423,148.9586284437734,2487.9241278678155,0.0029435961521440007,0
Leak_1048,5.0421205,7.2683206,L1845,0.00744,L1845,L1845,63,1948.6732128978144,145.30956429984423,2093.982777197659,0.0034710507839908747,0
Leak_2501,6.357856,7.2670126,L3040,0.00618,L3040_6,L3040,200,2018.6495280310335,545.5417898007402,2564.1913178317736,0.0028340368152697764,0
Leak_3585,27.285662,7.262659,L995,0.00124,L995,L995,60,2318.1019767105213,132.19095516119873,2450.29293187172,0.002963996254655236,0
Leak_2079,23.4009,7.2532988,L2678,0.00149,L2678,L2678,90,2301.931924085397,175.97947244975182,2477.911396535149,0.0029271824527715967,0
Leak_387,13.888209,7.2516994,L1312,0.00261,L1312_2,L1312,63,2230.8635158416814,139.56517802210973,2370.428693863791,0.003059235431297277,0
Leak_2991,19.297335,7.2264066,L494,0.00175,L494,L494,63,2285.234711276412,137.37311713695698,2422.6078284133687,0.00298290399688093,0
Leak_2078,18.431614,7.212487,L2677,0.0019,L2677_1,L2677,90,2275.65685307073,177.69810862351204,2453.354961694242,0.002939846591046633,0
Leak_307,29.749447,7.1961284,L125,0.00113,L125,L125,100,2325.2527373172106,192.8375351204409,2518.0902724376515,0.0028577721963126577,0
Leak_589,29.131998,7.196019,L1485,0.00116,L1485,L1485,63,2323.30034513738,135.11820458416935,2458.4185497215494,0.002927092774126484,0
Leak_2391,32.172474,7.1736436,L296,0.00104,L296,L296,63,2331.1197635634903,134.51937827199177,2465.639141835482,0.0029094458581962403,0
Leak_3024,13.63076,7.145521,L516,0.00246,L516,L516,150,2240.2528464000775,332.3627841280959,2572.6156305281734,0.002777531582700293,0
Leak_2118,24.501127,7.1453195,L2705,0.0014,L2705,L2705,90,2307.7401077718464,175.53896442084172,2483.279072192688,0.0028773727213483617,0
Leak_3318,36.21629,7.1401763,L78,0.00092,L78_1,L78,63,2338.9654994240423,133.84705251710957,2472.812551941152,0.0028874717133852744,0
Leak_1121,22.332293,7.139463,L1889,0.00153,L1889,L1889,110,2299.355203563267,216.6375224449683,2515.9927260082354,0.002837632586948143,1
Leak_696,42.09595,7.1358438,L156,0.00079,L156,L156,250,2347.4948478385245,746.2279031470149,3093.7227509855393,0.0023065556703623477,0
Leak_1312,28.461716,7.132818,L202,0.00117,L202,L202,63,2322.649912105616,135.1652760576826,2457.8151881632984,0.0029020970561159988,0
Leak_2188,22.005726,7.12662,L2775,0.00156,L2775,L2775,63,2297.4245561776975,136.74286499096195,2434.1674211686595,0.002927744309553235,0
Leak_1856,43.00389,7.117255,L2483,0.00077,L2483,L2483,63,2348.8098131092256,132.8710297376804,2481.680842846906,0.002867917214814687,0
Leak_212,21.83617,7.052324,L1175,0.00159,L1175_2,L1175,75,2295.4955298549908,152.29763308951314,2447.793162944504,0.002881094663130521,0
Leak_2649,20.107216,7.037689,L3148,0.00164,L3148,L3148,150,2292.2840846493737,327.0553935801576,2619.3394782295313,0.0026868182866244214,0
Leak_1653,11.0036125,7.037046,L23,0.00301,L23,L23,60,2206.0172433162234,136.93593922571614,2342.9531825419394,0.003003494055320072,0
Leak_2615,32.088646,7.0262094,L3121,0.00102,L3121_1,L3121,80,2332.4255562189046,156.90676653177067,2489.3323227506753,0.0028225276674336427,0
Leak_3202,34.063835,7.0141845,L670,0.00096,L670,L670,200,2336.3473245163223,506.93362866530896,2843.280953181631,0.0024669333036174976,0
Leak_3264,31.405252,7.003153,L733,0.00104,L733,L733,75,2331.1197635634903,149.7068610004961,2480.8266245639866,0.002822911032132633,0
Leak_3403,35.21577,6.9414487,L85,0.00092,L85_2,L85,63,2338.9654994240423,133.84705251710957,2472.812551941152,0.002807106702470456,0
Leak_2160,18.99617,6.9368067,L2747,0.00177,L2747,L2747,63,2283.9553380960215,137.4354336370239,2421.3907717330453,0.0028648026414204676,0
Leak_914,22.071512,6.9285145,L1752,0.00151,L1752,L1752,75,2300.643203083468,151.98257355183725,2452.625776635305,0.0028249374799019984,0
Leak_2614,31.552996,6.9082685,L3121,0.00102,L3121,L3121,80,2332.4255562189046,156.90676653177067,2489.3323227506753,0.0027751491388088912,0
Leak_416,30.40983,6.8951144,L1333,0.00108,L1333_2,L1333,63,2328.510370960925,134.72633841815815,2463.236709379083,0.002799209022661309,0
Leak_2319,29.309011,6.8940716,L289,0.0011,L289,L289,75,2327.206770195469,150.04917070818595,2477.255940903655,0.0027829468344981218,0
Leak_1516,16.71377,6.873807,L2194,0.00201,L2194_2,L2194,63,2268.6586127856526,138.13272629744276,2406.7913390830954,0.002856004524284544,0
Leak_2725,17.337906,6.843135,L3209,0.00193,L3209_3,L3209,110,2273.7461039411373,218.65685732633563,2492.402961267473,0.002745597315686845,0
Leak_3454,23.53223,6.8385634,L888,0.00136,L888,L888,40,2310.3262246476656,116.09954943223096,2426.4257740798967,0.002818369107055589,0
Leak_3232,20.127384,6.8368254,L7,0.00158,L7_1,L7,63,2296.138358595174,136.8127231712648,2432.9510817664386,0.0028100956990161565,0
Leak_3515,31.583298,6.831203,L93,0.00101,L93,L93,75,2333.078726814262,149.52822610508056,2482.606952919343,0.0027516248497665994,0
Leak_2587,21.3588,6.8019295,L3102,0.00157,L3102,L3102,110,2296.7813673526057,216.86191104123284,2513.6432783938385,0.002706004281650988,0
Leak_544,56.49644,6.789959,L1451,0.00056,L1451_1,L1451,75,2362.661498856952,145.92891224950463,2508.590411106457,0.0027066829737512205,0
Leak_3489,11.001848,6.7894135,L913,0.00291,L913,L913,150,2212.202747261837,334.56173468803524,2546.7644819498723,0.0026658976518120266,0
Leak_1380,26.270187,6.7494583,L2089,0.0012,L2089,L2089,200,2320.6997053809437,511.56011268631363,2832.259818067257,0.002383064671515247,0
Leak_781,34.266453,6.7421846,L1620,0.00093,L1620,L1620,63,2338.3106807630943,133.9063373430957,2472.21701810619,0.0027271815498389434,0
Leak_1515,17.049046,6.739648,L2194,0.00193,L2194_1,L2194,63,2273.7461039411373,137.91000358511025,2411.6561075262475,0.0027946139767865133,0
Leak_1651,29.199068,6.734477,L2299,0.0011,L2299_1,L2299,63,2327.206770195469,134.82696129622437,2462.0337314916933,0.0027353309408444135,0
Leak_682,43.570637,6.732541,L155,0.00072,L155,L155,63,2352.10044975576,132.50285169918797,2484.603301454948,0.0027097046358857653,0
Leak_1573,53.05358,6.7287283,L2230,0.00059,L2230_1,L2230,75,2360.677696511545,146.24739789360123,2506.9250944051464,0.002684056380220319,0
Leak_703,23.48143,6.7219567,L1566,0.00137,L1566_1,L1566,63,2309.6794238611005,136.03065692942724,2445.7100807905276,0.002748468341642594,0
Leak_765,27.41965,6.711304,L1607,0.00117,L1607,L1607,63,2322.649912105616,135.1652760576826,2457.8151881632984,0.002730597573038008,0
Leak_2285,9.178339,6.700779,L2861,0.0037,L2861_1,L2861,63,2163.806063154747,141.47892634962153,2305.2849895043682,0.002906703072153476,0
Leak_650,14.412926,6.6875196,L1531,0.00226,L1531,L1531,63,2252.8334551671587,138.7755918502703,2391.609047017429,0.002796242788370231,0
Leak_3297,31.780745,6.6810565,L766,0.00098,L766_1,L766,60,2335.03933628548,130.93190525253152,2465.971241538012,0.0027093002493063403,0
Leak_5,27.763939,6.674677,L1002,0.00112,L1002_1,L1002,50,2325.9038992420747,122.24305417934687,2448.1469534214216,0.0027264200320219214,0
Leak_3255,28.498867,6.656879,L726,0.00109,L726,L726,63,2327.858479326144,134.77688064684645,2462.6353599729905,0.0027031525074360505,0
Leak_3533,14.874534,6.652095,L948,0.0021,L948,L948,60,2262.9487904791768,135.00974171112188,2397.9585321902987,0.00277406583629592,0
Leak_2336,30.988214,6.638596,L290,0.001,L290_2,L290,63,2333.7320803229923,134.30429999999998,2468.036380322992,0.0026898290928041558,0
Leak_2917,22.147627,6.635712,L439,0.0014,L439_1,L439,32,2307.7401077718464,112.25005130262474,2419.990159074471,0.002742040963214855,0
Leak_1415,20.140465,6.632034,L2112,0.0016,L2112_1,L2112,75,2294.8528810816583,152.3358960562724,2447.1887771379306,0.002710062209698853,0
Leak_2335,31.173874,6.611868,L290,0.00099,L290_1,L290,63,2334.3856167963195,134.2491860386638,2468.6348028349835,0.0026783499515886304,0
Leak_1317,26.06093,6.59597,L2029,0.00118,L2029_1,L2029,80,2321.9996611696056,157.83954078769227,2479.839201957298,0.002659837842954696,0
Leak_1857,43.073357,6.573295,L2483,0.00071,L2483_1,L2483,63,2352.7591300926356,132.4261540434409,2485.1852841360765,0.0026449919683592654,0
Leak_3034,21.01732,6.5672693,L525,0.00146,L525_1,L525,60,2303.866359250653,133.06482718326427,2436.9311864339174,0.002694893217262552,0
Leak_3319,37.816128,6.56603,L78,0.00081,L78_2,L78,63,2346.180618742227,133.1487494848788,2479.329368227106,0.0026483088974085557,0
Leak_3141,36.453903,6.562628,L621,0.00084,L621,L621,63,2344.2106545232896,133.34818211717476,2477.5588366404645,0.0026488282317675372,0
Leak_1767,36.44775,6.562172,L2400,0.00085,L2400,L2400,110,2343.5543674245046,211.52696689280015,2555.081334317305,0.002568282992755888,0
Leak_1075,20.383484,6.556087,L1860,0.00156,L1860,L1860,140,2297.4245561776975,295.42843904310973,2592.8529952208073,0.0025285224535072457,0
Leak_3321,33.21867,6.553215,L781,0.00092,L781,L781,63,2338.9654994240423,133.84705251710957,2472.812551941152,0.0026501058568758925,0
Leak_10,34.649864,6.5490837,L1006,0.00088,L1006,L1006,80,2341.5866083303918,155.9616745874935,2497.5482829178854,0.002622205045848204,0
Leak_129,27.453413,6.5417914,L1105,0.00111,L1105,L1105,75,2326.5552435178056,150.10440115939952,2476.659644677205,0.002641376845266528,0
Leak_2891,27.469633,6.540831,L419,0.00111,L419_2,L419,60,2326.5552435178056,131.59837909865163,2458.153622616457,0.002660871569962222,0
Leak_2195,19.307682,6.5376215,L2780,0.00164,L2780_2,L2780,63,2292.2840846493737,137.01711178491345,2429.3011964342872,0.002691153121607065,0
Leak_497,60.871628,6.533157,L1400,0.0005,L1400_1,L1400,63,2366.6341062308684,130.50322434775046,2497.1373305786187,0.0026162585420489624,0
Leak_2494,31.019499,6.5141993,L304,0.00098,L304,L304,63,2335.03933628548,134.19351253516155,2469.2328488206417,0.0026381470099137443,0
Leak_1292,30.83166,6.496151,L20,0.00098,L20,L20,63,2335.03933628548,134.19351253516155,2469.2328488206417,0.0026308377411881933,0
Leak_507,50.455856,6.491761,L1411,0.0006,L1411_1,L1411,110,2360.016799286451,208.49858803268052,2568.515387319131,0.00252743714895798,0
Leak_2439,19.050604,6.472362,L3002,0.00165,L3002_3,L3002,75,2291.6423349548218,152.52369312606592,2444.166028080888,0.0026480860821698608,0
Leak_2063,16.87164,6.469269,L2662,0.00187,L2662_2,L2662,90,2277.5692079038927,177.58558135441422,2455.1547892583067,0.0026349739035323584,0
Leak_2889,29.717402,6.4502964,L419,0.00101,L419,L419,60,2333.078726814262,131.09323932500214,2464.1719661392644,0.002617632409836853,0
Leak_590,28.30389,6.446502,L1485,0.00107,L1485_1,L1485,63,2329.1624451509206,134.67532602245336,2463.8377711733738,0.0026164475129544125,0
Leak_1556,48.165253,6.41762,L2223,0.00062,L2223_1,L2223,63,2358.695559860418,131.68285062412548,2490.3784104845436,0.002576965875956458,0
Leak_2581,17.69397,6.412195,L3097,0.00181,L3097_1,L3097,90,2281.398740079493,177.3550071988703,2458.7537472783633,0.0026079045991434665,0
Leak_2476,15.398862,6.391032,L3024,0.00205,L3024_1,L3024,63,2266.1191375109465,138.2407848281649,2404.3599223391116,0.0026581012932188246,0
Leak_741,23.92277,6.3827395,L1589,0.00128,L1589,L1589,40,2315.507155867523,115.81572347280402,2431.3228793403273,0.0026252126355371507,0
Leak_2890,28.232134,6.36312,L419,0.00105,L419_1,L419,60,2330.467141401059,131.30105216454163,2461.7681935656005,0.0025847762984638483,0
Leak_3517,11.047952,6.3293705,L930,0.0027,L930_1,L930,75,2225.2488172732546,155.52923929584418,2380.7780565690987,0.0026585302570279823,0
Leak_1354,26.865147,6.3260317,L207,0.0011,L207_2,L207,60,2327.206770195469,131.5499578811493,2458.756728076618,0.0025728579052324858,0
Leak_3589,26.275757,6.3168783,L998,0.00112,L998,L998,32,2325.9038992420747,111.24117930320566,2437.1450785452803,0.002591917229054388,0
Leak_3037,13.285894,6.311082,L529,0.00223,L529,L529,60,2254.726630291733,135.33111591275335,2390.057746204486,0.002640556236063238,0
Leak_2082,19.808426,6.3033347,L2678,0.00154,L2678_3,L2678,90,2298.711474232581,176.2128373352176,2474.9243115677987,0.0025468797908365865,0
Leak_3262,31.801414,6.2735815,L732,0.00092,L732_1,L732,75,2338.9654994240423,148.9586284437734,2487.9241278678155,0.002521612871771263,0
Leak_4,27.989092,6.2482433,L1002,0.00104,L1002,L1002,50,2331.1197635634903,121.87486140157804,2452.9946249650684,0.002547189980898616,0
Leak_1213,40.50557,6.2328773,L1943,0.00072,L1943_1,L1943,63,2352.10044975576,132.50285169918797,2484.603301454948,0.002508600568483589,0
Leak_3516,10.958136,6.2305927,L930,0.00268,L930,L930,75,2226.495305595083,155.48386419308954,2381.979169788173,0.0026157209125448454,0
Leak_1353,26.890432,6.218237,L207,0.00108,L207_1,L207,60,2328.510370960925,131.45178066759922,2459.962151628524,0.002527777477836895,0
Leak_1768,36.66255,6.21323,L2400,0.0008,L2400_1,L2400,110,2346.8376412943394,210.99986153957872,2557.8375028339183,0.002429094939054097,0
Leak_3180,27.283041,6.1968417,L656,0.00106,L656,L656,63,2329.814701947253,134.6238346301117,2464.4385365773646,0.0025145044702038254,0
Leak_1574,53.380814,6.1956863,L2230,0.00054,L2230_2,L2230,75,2363.9849598307983,145.70696330991228,2509.6919231407105,0.0024687039405930536,0
Leak_2184,21.33316,6.192565,L2771,0.0014,L2771,L2771,63,2307.7401077718464,136.14944409370554,2443.8895518655518,0.0025338972293438206,0
Leak_3209,28.03545,6.1837406,L676,0.00103,L676,L676,63,2331.7725684857123,134.46639435262975,2466.238962838342,0.0025073566304896874,0
Leak_2646,30.577482,6.1618705,L3143,0.00094,L3143_1,L3143,63,2337.6560454257046,133.96498809461804,2471.6210335203227,0.0024930482448627675,0
Leak_2625,26.693863,6.153046,L3128,0.00108,L3128_2,L3128,60,2328.510370960925,131.45178066759922,2459.962151628524,0.002501276748124211,0
Leak_2457,31.155813,6.1443167,L301,0.00092,L301_1,L301,32,2338.9654994240423,110.35181679779815,2449.3173162218404,0.002508583364264389,0
Leak_3182,28.292141,6.1230664,L658,0.00101,L658,L658,80,2333.078726814262,156.84369704955614,2489.9224238638185,0.00245913943608806,0
Leak_503,55.89968,6.1168222,L1405,0.00051,L1405_1,L1405,63,2365.9715414445227,130.611817856571,2496.583359301094,0.002450077310636722,0
Leak_1279,24.14095,6.1037955,L1989,0.00118,L1989_1,L1989,200,2321.9996611696056,511.2116470287944,2833.2113081984,0.0021543735586362547,0
Leak_2885,28.869095,6.081887,L415,0.00098,L415,L415,63,2335.03933628548,134.19351253516155,2469.2328488206417,0.0024630673333403542,0
Leak_170,25.927275,6.0789795,L1143,0.00109,L1143,L1143,60,2327.858479326144,131.5010944546285,2459.3595737807723,0.002471773366121607,0
Leak_2143,16.40858,6.075353,L2730,0.00181,L2730_1,L2730,63,2281.398740079493,137.5579815970157,2418.956721676509,0.002511559256582612,0
Leak_2367,12.348595,6.061202,L2936,0.00242,L2936,L2936,63,2242.763335199343,139.1506982446983,2381.9140334440413,0.0025446770807640772,0
Leak_1352,26.930973,6.056169,L207,0.00105,L207,L207,60,2330.467141401059,131.30105216454163,2461.7681935656005,0.0024600890729191047,0
Leak_1215,40.416534,6.0462923,L1943,0.0007,L1943_3,L1943,63,2353.417994885828,132.34836844145602,2485.766363327284,0.0024323654846224183,0
Leak_1010,33.111282,6.0285296,L182,0.00085,L182,L182,32,2343.5543674245046,109.99402278425607,2453.548390208761,0.0024570657208433993,0
Leak_1871,53.94118,6.028059,L2498,0.00052,L2498,L2498,63,2365.309162150347,130.71830261974225,2496.0274647700894,0.002415061168524663,0
Leak_1928,36.43188,6.019192,L2551,0.00078,L2551_1,L2551,110,2348.1522384263067,210.7797339458634,2558.93197237217,0.0023522283060931205,0
Leak_3280,34.214767,6.018446,L755,0.00082,L755,L755,60,2345.523780130676,129.97818666136737,2475.5019667920437,0.0024312022569011006,0
Leak_2115,30.57233,6.012625,L270,0.00092,L270,L270,32,2338.9654994240423,110.35181679779815,2449.3173162218404,0.0024548167677646737,0
Leak_1774,33.784477,6.009872,L241,0.00083,L241_1,L241,75,2344.867125408191,148.33034489311478,2493.1974703013057,0.0024105078042454373,0
Leak_2092,16.255264,5.9878993,L2687,0.0018,L2687,L2687,90,2282.0376211658936,177.3158363830818,2459.3534575489753,0.0024347453128611696,0
Leak_3498,24.042551,5.96859,L917,0.00116,L917,L917,150,2323.30034513738,322.5227637952993,2645.8231089326796,0.002255853674633057,0
Leak_3466,35.17348,5.954813,L90,0.00079,L90,L90,75,2347.4948478385245,148.02890470035894,2495.5237525388834,0.0023861976859493967,0
Leak_702,21.156998,5.944687,L1566,0.00135,L1566,L1566,63,2310.9732065638086,135.9500114614096,2446.9232180252184,0.0024294537915440103,0
Leak_722,34.799995,5.939067,L1578,0.00081,L1578,L1578,63,2346.180618742227,133.1487494848788,2479.329368227106,0.0023954327984864326,0
Leak_2617,27.332514,5.921915,L3122,0.00101,L3122,L3122,250,2333.078726814262,753.7861261187624,3086.8648529330244,0.001918423817192549,1
Leak_2794,24.477028,5.914759,L333,0.00113,L333,L333,32,2325.2527373172106,111.28136782803979,2436.5341051452506,0.002427529804158245,0
Leak_489,52.03207,5.9146085,L1395,0.00053,L1395_2,L1395,63,2364.6469682964107,130.8227589778622,2495.469727274273,0.0023701383406507974,0
Leak_2893,30.111979,5.889934,L420,0.00091,L420,L420,50,2339.620501459887,121.21143352815331,2460.8319349880403,0.0023934727029566076,0
Leak_2142,16.904968,5.888094,L2730,0.0017,L2730,L2730,63,2288.4362804476955,137.2141554853513,2425.650435933047,0.0024274288912942035,0
Leak_2475,15.300474,5.883053,L3024,0.0019,L3024,L3024,63,2275.65685307073,137.82409384387125,2413.480946914601,0.002437579974869344,0
Leak_488,52.740723,5.8825054,L1395,0.00052,L1395_1,L1395,63,2365.309162150347,130.71830261974225,2496.0274647700894,0.002356747071055149,0
Leak_1351,27.141706,5.8807,L2069,0.00101,L2069_1,L2069,60,2333.078726814262,131.09323932500214,2464.1719661392644,0.0023864812164886093,0
Leak_1419,6.946575,5.865185,L2115,0.00451,L2115_1,L2115,75,2115.283270037744,158.66031585474005,2273.943585892484,0.0025793009203583924,0
Leak_3412,23.437061,5.8640947,L856,0.00117,L856_1,L856,60,2322.649912105616,131.88004981671273,2454.5299619223288,0.0023890907119338144,0
Leak_704,23.574467,5.8626738,L1566,0.00119,L1566_2,L1566,63,2321.34959227837,135.25822392680735,2456.607816205177,0.00238649153551777,0
Leak_3349,31.03572,5.860015,L809,0.00088,L809,L809,32,2341.5866083303918,110.15084241015212,2451.737450740544,0.0023901478168864695,0
Leak_2129,22.699022,5.846637,L2717,0.00124,L2717,L2717,90,2318.1019767105213,174.68090503444117,2492.7828817449627,0.0023454255944116084,0
Leak_2981,17.950167,5.841938,L485,0.00152,L485,L485,75,2299.9991131634015,152.02285701959394,2452.0219701829956,0.00238249823608344,0
Leak_1756,36.278084,5.839549,L2390,0.00076,L2390_1,L2390,110,2349.4675719388347,210.55388811746144,2560.0214600562963,0.0022810547316692476,0
Leak_2438,18.527699,5.8289027,L3002,0.00153,L3002_2,L3002,75,2299.355203563267,152.0628763315643,2451.4180798948314,0.002377767696669307,0
Leak_1634,25.516302,5.8049192,L2284,0.00109,L2284,L2284,110,2327.858479326144,213.6892784887713,2541.5477578149153,0.0022840095075961275,0
Leak_3281,34.221035,5.799368,L755,0.00079,L755_1,L755,60,2347.4948478385245,129.77876576469822,2477.2736136032227,0.002341028408334693,0
Leak_1863,46.486225,5.796766,L2489,0.00058,L2489_1,L2489,110,2361.338778813771,208.20382843113,2569.5426072449013,0.002255952397110139,0
Leak_2618,27.253672,5.7881374,L3122,0.00099,L3122_1,L3122,250,2334.3856167963195,753.1707971852904,3087.5564139816097,0.001874666130698774,1
Leak_1350,27.18754,5.7740474,L2069,0.00099,L2069,L2069,60,2334.3856167963195,130.9862255974418,2465.371842393761,0.002342059431131902,0
Leak_3411,23.46867,5.771704,L856,0.00115,L856,L856,60,2323.950960315893,131.7877973931565,2455.7387577090494,0.0023502924237406814,0
Leak_2645,30.579245,5.7688956,L3143,0.00088,L3143,L3143,63,2341.5866083303918,133.60328825297296,2475.1898965833648,0.002330688095499754,0
Leak_448,27.770792,5.768648,L1360,0.00097,L1360,L1360,63,2335.693238841726,134.13726801140646,2469.830506853132,0.002335645353629134,0
Leak_2633,27.256987,5.7574277,L3130,0.00099,L3130_1,L3130,60,2334.3856167963195,130.9862255974418,2465.371842393761,0.00233531818341169,0
Leak_2724,15.4028425,5.7562695,L3209,0.00184,L3209_2,L3209,110,2279.4831697899835,218.2416528166509,2497.7248226066345,0.0023046051361850146,0
Leak_1236,10.354161,5.721109,L1965,0.0028,L1965_1,L1965,75,2219.026835424506,155.75118823543653,2374.7780236599424,0.002409113128225945,0
Leak_2626,26.257841,5.717128,L3128,0.00102,L3128_3,L3128,60,2332.4255562189046,131.14595411610682,2463.571510335011,0.002320666469799508,0
Leak_3522,13.047982,5.716701,L932,0.00206,L932,L932,32,2265.484712976023,113.99628331093103,2379.480996286954,0.0024024991330680056,0
Leak_428,24.884556,5.6993628,L1340,0.00107,L1340,L1340,60,2329.1624451509206,131.4020081410818,2460.5644532920023,0.002316282650997648,0
Leak_2093,15.269142,5.6984153,L2687,0.00183,L2687_1,L2687,90,2280.1215144416055,177.4327037408114,2457.554218182417,0.0023187343079669343,0
Leak_1872,54.084206,5.6954007,L2498,0.00049,L2498_1,L2498,63,2367.2968565613296,130.39243688291202,2497.6892934442417,0.002280267897941971,0
Leak_1964,35.812225,5.687335,L2584,0.00075,L2584_1,L2584,110,2350.125514966703,210.43872649310185,2560.564241459805,0.002221125688727439,0
Leak_3431,22.736046,5.68637,L872,0.00117,L872,L872,100,2322.649912105616,193.11007294590075,2515.7599850515167,0.002260299046698851,0
Leak_3101,23.2916,5.6808453,L581,0.00114,L581,L581,32,2324.601757692162,111.32120226435322,2435.9229599565156,0.0023321120388477014,0
Leak_2021,23.510574,5.67429,L2629,0.00116,L2629,L2629,250,2323.30034513738,758.0462039568348,3081.346549094215,0.0018414969201936404,0
Leak_2632,27.32641,5.6558704,L3130,0.00097,L3130,L3130,60,2335.693238841726,130.87702776616015,2466.570266607886,0.0022930100610513812,0
Leak_3385,18.751717,5.6391125,L838,0.00141,L838,L838,32,2307.09403099664,112.28223065038756,2419.3762616470276,0.002330812516402582,0
Leak_3423,26.06011,5.6342688,L864,0.00101,L864,L864,60,2333.078726814262,131.09323932500214,2464.1719661392644,0.0022864754725331242,0
Leak_36,24.596243,5.6248717,L103,0.00107,L103_1,L103,110,2329.1624451509206,213.5282632292579,2542.6907083801784,0.0022121729993608893,0
Leak_3350,30.466898,5.6204915,L809,0.00086,L809_1,L809,32,2342.898264060383,110.04690267682604,2452.945166737209,0.002291323744568371,0
Leak_1307,24.995016,5.6195807,L2013,0.00105,L2013,L2013,60,2330.467141401059,131.30105216454163,2461.7681935656005,0.00228274163277643,0
Leak_1289,23.175951,5.607593,L1999,0.00113,L1999,L1999,63,2325.2527373172106,134.97451619802078,2460.2272535152315,0.002279298813362681,0
Leak_3119,26.359648,5.592485,L601,0.00099,L601_1,L601,32,2334.3856167963195,110.68336062983833,2445.0689774261577,0.0022872503813394698,0
Leak_2563,13.609503,5.5895057,L3089,0.0021,L3089,L3089,90,2262.9487904791768,178.4057301182682,2441.354520597445,0.002289510034407857,0
Leak_2627,26.161581,5.5846977,L3128,0.001,L3128_4,L3128,60,2333.7320803229923,131.04,2464.772080322992,0.002265806955528656,0
Leak_1230,12.316313,5.5840073,L1958,0.00222,L1958,L1958,63,2255.3580421417482,138.67766437309078,2394.035706514839,0.002332466156619115,0
Leak_517,47.989395,5.5552254,L1422,0.00054,L1422_1,L1422,90,2363.9849598307983,168.80337040991793,2532.7883302407163,0.0021933239765782103,0
Leak_63,17.730991,5.5380807,L1050,0.00156,L1050_1,L1050,110,2297.4245561776975,216.80635445905634,2514.230910636754,0.0022026937417966457,0
Leak_1318,25.76185,5.5253043,L2029,0.001,L2029_2,L2029,80,2333.7320803229923,156.78,2490.5120803229925,0.002218541464275007,0
Leak_960,24.140764,5.5232153,L1791,0.00111,L1791_1,L1791,32,2326.5552435178056,111.20063033836063,2437.755873856166,0.002265696640553008,0
Leak_2580,16.591606,5.519184,L3097,0.00167,L3097,L3097,90,2290.3593745096996,176.78582415028265,2467.1451986599823,0.002237073081692373,0
Leak_502,55.882603,5.5154395,L1405,0.00046,L1405,L1405,63,2369.286221337072,130.04597686486005,2499.3321982019324,0.0022067652768661054,0
Leak_1308,25.69594,5.5051637,L2013,0.001,L2013_1,L2013,60,2333.7320803229923,131.04,2464.772080322992,0.0022335386356959895,0
Leak_3303,38.297653,5.500714,L77,0.00067,L77_1,L77,60,2355.3956965199295,128.8972415692742,2484.2929380892037,0.002214196941467261,0
Leak_3033,17.151512,5.49635,L525,0.0015,L525,L525,60,2301.2874733739627,133.209444311566,2434.496917685529,0.0022576942988201945,0
Leak_449,27.538498,5.484199,L1360,0.00093,L1360_1,L1360,63,2338.3106807630943,133.9063373430957,2472.21701810619,0.00221833237410918,0
Leak_1418,6.199165,5.480865,L2115,0.00478,L2115,L2115,75,2099.352024501649,159.0151605171418,2258.3671850187907,0.002426914913587386,0
Leak_3547,31.501104,5.4640827,L96,0.00081,L96,L96,63,2346.180618742227,133.1487494848788,2479.329368227106,0.0022038551182099334,0
Leak_2194,19.58057,5.461043,L2780,0.00135,L2780_1,L2780,63,2310.9732065638086,135.9500114614096,2446.9232180252184,0.002231799854112006,0
Leak_1217,38.72704,5.4601793,L1943,0.00066,L1943_5,L1943,63,2356.0552996550846,132.02569931969362,2488.080998974778,0.002194534394647257,0
Leak_1340,26.254404,5.457357,L2059,0.00097,L2059,L2059,150,2335.693238841726,320.18130007078463,2655.8745389125106,0.0020548248231686624,0
Leak_1530,22.761745,5.423051,L2200,0.00117,L2200_2,L2200,75,2322.649912105616,150.42568182218795,2473.0755939278038,0.0021928366822864063,0
Leak_3575,28.992283,5.4149804,L988,0.00087,L988,L988,100,2342.242344379487,190.78892731723988,2533.031271696727,0.002137747161685204,0
Leak_2819,24.281837,5.414141,L360,0.00104,L360,L360,20,2331.1197635634903,107.81237739370366,2438.932140957194,0.0022198818438655885,0
Leak_110,27.959707,5.4034815,L1089,0.0009,L1089_1,L1089,75,2340.2756869219797,148.8244928638961,2489.1001797858758,0.0021708573754248436,0
Leak_686,15.226912,5.3931417,L1551,0.00173,L1551_1,L1551,75,2286.514801106426,152.8126428642174,2439.3274439706433,0.0022109134055993103,0
Leak_1247,7.427653,5.382575,L1970,0.0038,L1970_1,L1970,63,2157.7558803865745,141.6251694961208,2299.381049882695,0.002340879966532651,0
Leak_1278,24.074646,5.364736,L1989,0.00104,L1989,L1989,200,2331.1197635634903,508.59317161812373,2839.712935181614,0.001889182534510861,0
Leak_3048,11.462387,5.3613353,L536,0.0022,L536,L536,60,2256.6213963515106,135.25864742772958,2391.88004377924,0.002241473309458407,0
Leak_1410,12.990051,5.3529563,L2108,0.00206,L2108_3,L2108,63,2265.484712976023,138.26747000487924,2403.752182980902,0.0022269168730926357,0
Leak_1237,9.597084,5.3467603,L1965,0.00284,L1965_2,L1965,75,2216.5429166230115,155.837755973511,2372.3806725965223,0.002253753090615013,0
Leak_1922,36.552116,5.3425727,L2549,0.00069,L2549,L2549,160,2354.0770441869927,347.98656679429166,2702.0636109812845,0.0019772194360428777,0
Leak_3210,27.901245,5.3174996,L676,0.00089,L676_1,L676,63,2340.9310558616876,133.66525267490465,2474.596308536592,0.002148835193546531,0
Leak_2846,27.523966,5.3172884,L383,0.0009,L383,L383,200,2340.2756869219797,505.59553740063336,2845.871224322613,0.0018684219979097332,1
Leak_1271,22.900494,5.3153505,L1980,0.00111,L1980_1,L1980,75,2326.5552435178056,150.10440115939952,2476.659644677205,0.0021461772286536828,0
Leak_595,27.134655,5.315082,L1492,0.00092,L1492,L1492,63,2338.9654994240423,133.84705251710957,2472.812551941152,0.002149407592192681,0
Leak_1280,29.517996,5.309933,L199,0.00084,L199,L199,32,2344.2106545232896,109.94051707961862,2454.151171602908,0.0021636536685347117,0
Leak_2567,15.169436,5.3090405,L3090,0.00177,L3090_1,L3090,75,2283.9553380960215,152.95214432554928,2436.907482421571,0.0021785974989668496,0
Leak_3436,22.55223,5.300208,L876,0.0011,L876,L876,60,2327.206770195469,131.5499578811493,2458.756728076618,0.0021556455875494317,0
Leak_423,17.583534,5.2924714,L1337,0.00146,L1337,L1337,63,2303.866359250653,136.3795670747045,2440.2459263253577,0.0021688270644154533,0
Leak_2950,20.716549,5.281423,L460,0.00119,L460_3,L460,75,2321.34959227837,150.52912367496856,2471.8787159533385,0.0021366028429317665,0
Leak_1281,29.699957,5.279256,L199,0.00083,L199_1,L199,32,2344.867125408191,109.88637057287188,2454.7534959810628,0.002150625663899705,0
Leak_789,17.163631,5.231707,L1627,0.00149,L1627,L1627,63,2301.931924085397,136.49110569261495,2438.423029778012,0.0021455289062686286,0
Leak_2566,15.184425,5.224644,L3090,0.00174,L3090,L3090,75,2285.8746665851313,152.84781831149124,2438.7224848966225,0.002142369300512691,0
Leak_3174,28.684946,5.218783,L649,0.00085,L649_1,L649,60,2343.5543674245046,130.17044116480008,2473.7248085893048,0.0021096861233889795,0
Leak_2630,26.87793,5.21808,L3129,0.00091,L3129_1,L3129,63,2339.620501459887,133.7871197566992,2473.407621216586,0.002109672501625966,0
Leak_2820,22.471724,5.1830335,L360,0.00108,L360_1,L360,20,2328.510370960925,107.97824840552794,2436.488619366453,0.0021272553563935087,0
Leak_1930,36.49954,5.1801023,L2551,0.00067,L2551_3,L2551,110,2355.3956965199295,209.45801755007056,2564.85371407,0.0020196482629442707,0
Leak_1891,54.72976,5.1666236,L2511,0.00044,L2511,L2511,90,2370.6133931944573,167.35540957319512,2537.9688027676525,0.0020357317185075367,0
Leak_566,13.729701,5.1647553,L1468,0.0018,L1468,L1468,125,2282.0376211658936,254.8915148006801,2536.9291359665735,0.002035829567002505,0
Leak_3413,23.204546,5.1603203,L856,0.00104,L856_2,L856,60,2331.1197635634903,131.24985074016098,2462.3696143036514,0.0020956724985585645,0
Leak_1238,8.560699,5.1369414,L1965,0.00309,L1965_3,L1965,75,2201.081295017174,156.35264153211747,2357.4339365492915,0.0021790394009819467,0
Leak_0,31.568636,5.1306076,L1,0.00076,L1,L1,63,2349.4675719388347,132.79934514837032,2482.266917087205,0.0020669040745227097,0
Leak_2952,23.194881,5.121907,L461,0.00103,L461_1,L461,63,2331.7725684857123,134.46639435262975,2466.238962838342,0.002076808983788497,0
Leak_1097,15.727504,5.119564,L1874,0.0016,L1874,L1874,63,2294.8528810816583,136.8817026089981,2431.7345836906566,0.0021053136681662417,0
Leak_537,50.591633,5.111306,L1447,0.00047,L1447,L1447,350,2368.62291406245,1376.5919479487357,3745.2148620111857,0.0013647564635973766,0
Leak_2628,25.695744,5.102438,L3128,0.00093,L3128_5,L3128,60,2338.3106807630943,130.65170992618448,2468.962390689279,0.00206663252233582,0
Leak_1929,36.489555,5.1013675,L2551,0.00066,L2551_2,L2551,110,2356.0552996550846,209.32726958954822,2565.3825692446326,0.00198854063123395,0
Leak_2069,20.682861,5.0951495,L2665,0.00119,L2665_2,L2665,90,2321.34959227837,174.38990453147042,2495.7394968098406,0.0020415390001929934,0
Leak_3570,18.520374,5.0926576,L979,0.00129,L979,L979,32,2314.8589046232896,111.8800831200993,2426.738987743389,0.002098560080746958,0
Leak_3055,16.112661,5.0899863,L541,0.00148,L541,L541,60,2302.5765552682947,133.13762433366588,2435.7141796019605,0.0020897305467680524,0
Leak_516,49.40214,5.0842595,L1422,0.00048,L1422,L1422,90,2367.9597924878653,167.97060734447456,2535.93039983234,0.0020048892155622344,0
Leak_1989,37.378475,5.069421,L2603,0.00064,L2603_1,L2603,110,2357.3750601213324,209.05972307915744,2566.4347832004896,0.001975277473520019,0
Leak_1677,54.72857,5.0490856,L2316,0.00043,L2316,L2316,90,2371.277257881271,167.19286645683567,2538.470124338107,0.001989027000418984,0
Leak_2569,14.167187,5.039003,L3090,0.00181,L3090_3,L3090,75,2281.398740079493,153.0885281733492,2434.487268252842,0.0020698415477734514,0
Leak_2652,19.177862,5.0312505,L3149,0.00123,L3149,L3149,150,2318.7511361420798,323.2897400587835,2642.0408762008633,0.001904304555678136,0
Leak_3063,10.265323,5.011077,L546,0.0023,L546_2,L546,60,2250.311694147151,135.49648693973674,2385.8081810868875,0.0021003687416740243,0
Leak_3,28.420982,5.0028415,L1001,0.00082,L1001_1,L1001,63,2345.523780130676,133.21603613266393,2478.73981626334,0.002018300363677312,0
Leak_2723,12.902651,4.971385,L3209,0.00192,L3209_1,L3209,110,2274.3828419894076,218.61169059864505,2492.9945325880526,0.0019941419594592075,0
Leak_3568,18.902628,4.9581256,L976,0.00123,L976,L976,150,2318.7511361420798,323.2897400587835,2642.0408762008633,0.0018766271316769478,0
Leak_2654,19.041824,4.9544353,L3150,0.00122,L3150,L3150,63,2319.400477363728,135.39475694594697,2454.795234309675,0.0020182682772333163,0
Leak_830,20.311369,4.942464,L1670,0.00117,L1670,L1670,60,2322.649912105616,131.88004981671273,2454.5299619223288,0.0020136091029608273,0
Leak_1775,33.886505,4.938653,L241,0.00068,L241_2,L241,75,2354.7362780477984,147.1138314958044,2501.8501095436027,0.001974000350144663,0
Leak_2929,19.335382,4.9376593,L446,0.00119,L446,L446,140,2321.34959227837,292.22092110678824,2613.5705133851584,0.0018892389695717323,0
Leak_1464,12.058923,4.9357142,L2153,0.00206,L2153,L2153,63,2265.484712976023,138.26747000487924,2403.752182980902,0.002053337394673411,0
Leak_31,31.887295,4.9315305,L1026,0.00072,L1026,L1026,160,2352.10044975576,348.6005855314467,2700.7010352872067,0.0018260186563345434,0
Leak_1290,20.039862,4.9288354,L1999,0.00115,L1999_1,L1999,63,2323.950960315893,135.070725560361,2459.021685876254,0.0020043887454542463,0
Leak_116,28.95395,4.9118166,L1096,0.00079,L1096,L1096,75,2347.4948478385245,148.02890470035894,2495.5237525388834,0.00196825078983428,0
Leak_3576,29.201078,4.8895617,L988,0.00078,L988_1,L988,100,2348.1522384263067,189.93338663253624,2538.085625058843,0.001926476240542061,0
Leak_842,14.43254,4.8833795,L1685,0.00166,L1685,L1685,63,2291.00076492503,137.08358281687296,2428.084347741903,0.002011206679834909,0
Leak_492,64.891304,4.8767138,L1398,0.00035,L1398_1,L1398,110,2376.594872443763,203.8122422478925,2580.4071146916554,0.0018899009094265821,0
Leak_81,7.7868304,4.8731303,L1060,0.00333,L1060,L1060,63,2186.3396162312233,140.90115109206093,2327.240767323284,0.002093951940824584,0
Leak_2170,20.89946,4.8492713,L2757,0.00112,L2757,L2757,125,2325.9038992420747,250.06932477553892,2575.9732240176136,0.0018825006612031758,0
Leak_2629,26.67781,4.837333,L3129,0.00085,L3129,L3129,63,2343.5543674245046,133.4130798331018,2476.967447257606,0.0019529256259373743,0
Leak_685,12.896037,4.8138947,L1551,0.00184,L1551,L1551,75,2279.4831697899835,153.1888524578415,2432.672022247825,0.0019788507059984328,0
Leak_1297,25.499996,4.810263,L2005,0.00088,L2005,L2005,40,2341.5866083303918,114.06152320577883,2455.6481315361707,0.00195885684724779,0
Leak_3467,34.532234,4.8096647,L90,0.00065,L90_1,L90,75,2356.7150875049765,146.83846494422374,2503.5535524492,0.0019211351486977698,0
Leak_25,33.860622,4.801329,L1020,0.00066,L1020,L1020,32,2356.0552996550846,108.85018018656507,2464.9054798416496,0.0019478755575662976,0
Leak_597,27.741184,4.7855396,L1492,0.00081,L1492_2,L1492,63,2346.180618742227,133.1487494848788,2479.329368227106,0.0019301750257155995,0
Leak_2,29.69584,4.781967,L1001,0.00075,L1001,L1001,63,2350.125514966703,132.72671106672067,2482.852226033424,0.001925997493103145,0
Leak_491,67.39133,4.7760267,L1398,0.00033,L1398,L1398,110,2377.9261382919785,203.30064907635528,2581.226787368334,0.0018502933369285218,0
Leak_822,20.284056,4.7632604,L1662,0.00113,L1662,L1662,75,2325.2527373172106,150.21338482705076,2475.4661221442616,0.001924187255855681,0
Leak_2946,20.101608,4.741613,L459,0.0011,L459_2,L459,75,2327.206770195469,150.04917070818595,2477.255940903655,0.0019140585487887525,0
Leak_2290,17.288269,4.7293577,L2867,0.00133,L2867,L2867,75,2312.2677139877333,151.20792518469,2463.475639172423,0.0019197907396438314,0
Leak_1157,14.331613,4.719524,L1909,0.0016,L1909,L1909,63,2294.8528810816583,136.8817026089981,2431.7345836906566,0.0019408055214417837,0
Leak_2436,13.230803,4.718419,L3002,0.00177,L3002,L3002,75,2283.9553380960215,152.95214432554928,2436.907482421571,0.0019362323391627011,0
Leak_824,21.578823,4.71145,L1662,0.00105,L1662_2,L1662,75,2330.467141401059,149.7652626251803,2480.2324040262392,0.001899600252096063,0
Leak_613,11.283774,4.703384,L1500,0.00201,L1500_2,L1500,63,2268.6586127856526,138.13272629744276,2406.7913390830954,0.0019542134152637975,0
Leak_59,16.484425,4.692089,L1049,0.00143,L1049,L1049,75,2305.8024200241084,151.65035966647778,2457.4527796905863,0.001909330311283263,0
Leak_1046,10.124349,4.6813793,L1844,0.00229,L1844_2,L1844,63,2250.941869641964,138.84790665195752,2389.7897762939215,0.0019589084214332747,0
Leak_1465,12.186153,4.677344,L2153,0.00193,L2153_1,L2153,63,2273.7461039411373,137.91000358511025,2411.6561075262475,0.0019394738042337262,0
Leak_1394,28.56715,4.650297,L210,0.00076,L210,L210,60,2349.4675719388347,129.57162345689935,2479.039195395734,0.0018758465673128074,0
Leak_2944,20.240068,4.642884,L459,0.00107,L459,L459,75,2329.1624451509206,149.88041553592143,2479.042860686842,0.0018728533706480791,0
Leak_2860,29.992876,4.64195,L394,0.00072,L394,L394,350,2352.10044975576,1401.3281815734315,3753.4286313291914,0.0012367226305349532,1
Leak_1333,21.297379,4.6377783,L2050,0.00102,L2050,L2050,63,2332.4255562189046,134.41289350882056,2466.838449727725,0.0018800494546683498,0
Leak_2303,14.496141,4.637177,L2875,0.00157,L2875_1,L2875,250,2296.7813673526057,767.3575313766701,3064.1388987292758,0.001513370360734009,0
Leak_249,30.282936,4.6345844,L1208,0.00074,L1208_1,L1208,75,2350.7836422444125,147.62987874151955,2498.413520985932,0.0018550109451260768,0
Leak_3080,22.547924,4.6251974,L558,0.00096,L558,L558,63,2336.3473245163223,134.08044063246732,2470.4277651487896,0.0018722253189641142,0
Leak_2033,27.275108,4.6195054,L2639,0.00081,L2639_1,L2639,110,2346.180618742227,211.10787007795057,2557.288488820178,0.0018064076171387551,0
Leak_58,14.774109,4.6011996,L1047,0.00158,L1047,L1047,75,2296.138358595174,152.25912871442702,2448.397487309601,0.0018792698696887627,0
Leak_2155,19.71287,4.59729,L2742,0.00113,L2742,L2742,63,2325.2527373172106,134.97451619802078,2460.2272535152315,0.0018686444646500773,0
Leak_3530,31.003262,4.5804634,L94,0.00069,L94,L94,32,2354.0770441869927,109.05115457421113,2463.1281987612037,0.001859612265300486,0
Leak_1678,54.73484,4.579926,L2316,0.00039,L2316_1,L2316,90,2373.934576230595,166.50253180239142,2540.4371080329865,0.001802810232721205,0
Leak_2711,5.221189,4.5766044,L3198,0.0048,L3198,L3198,160,2098.176716484888,375.970833905617,2474.147550390505,0.0018497701826959132,0
Leak_2425,30.781366,4.552542,L299,0.00069,L299_1,L299,32,2354.0770441869927,109.05115457421113,2463.1281987612037,0.0018482765988042694,0
Leak_44,10.973682,4.547513,L1037,0.00217,L1037,L1037,75,2258.5177546834393,154.19560040990646,2412.713355093346,0.001884812797391647,0
Leak_2778,25.132856,4.5176873,L327,0.00084,L327,L327,150,2344.2106545232896,318.2977776819051,2662.508432205195,0.0016967785964784724,0
Leak_2298,24.45795,4.4902496,L2871,0.00088,L2871_1,L2871,250,2341.5866083303918,749.547152495118,3091.13376082551,0.0014526222354706217,1
Leak_603,26.311684,4.483626,L1495,0.0008,L1495_1,L1495,63,2346.8376412943394,133.08062695674857,2479.918268251088,0.0018079732490484247,0
Leak_3076,21.410862,4.4816556,L554,0.00098,L554_1,L554,90,2335.03933628548,173.01716051227382,2508.056496797754,0.0017869037652895273,0
Leak_2119,24.42813,4.477458,L2706,0.00088,L2706,L2706,63,2341.5866083303918,133.60328825297296,2475.1898965833648,0.0018089351473046884,0
Leak_1727,22.048145,4.4721813,L2364,0.00099,L2364,L2364,250,2334.3856167963195,753.1707971852904,3087.5564139816097,0.0014484533140637433,1
Leak_2365,15.84746,4.4615183,L2930,0.00137,L2930_3,L2930,160,2309.6794238611005,357.88185724093586,2667.5612811020364,0.0016725082641083793,0
Leak_1979,35.70002,4.459754,L2599,0.00059,L2599,L2599,160,2360.677696511545,345.727703826752,2706.405400338297,0.0016478514230040616,0
Leak_2942,21.298841,4.432869,L458,0.00097,L458_1,L458,50,2335.693238841726,121.52866864000585,2457.2219074817317,0.001804016537546879,0
Leak_1158,14.264806,4.432291,L1909,0.00151,L1909_1,L1909,63,2300.643203083468,136.5642240157761,2437.2074270992443,0.0018185940932237705,0
Leak_2986,20.101614,4.432081,L488,0.00103,L488,L488,90,2331.7725684857123,173.3689900182002,2505.1415585039126,0.0017691939233889236,0
Leak_2722,11.704529,4.4053745,L3209,0.00189,L3209,L3209,110,2276.294126203665,218.47476531954834,2494.7688915232134,0.001765844740948241,0
Leak_2036,23.262552,4.402164,L2642,0.00091,L2642,L2642,110,2339.620501459887,212.1200086742683,2551.740510134155,0.0017251613026121994,0
Leak_1682,29.675621,4.388403,L232,0.00069,L232_1,L232,40,2354.0770441869927,112.92279319814762,2466.9998373851404,0.0017788420057190581,0
Leak_1553,65.52789,4.378818,L2222,0.00031,L2222,L2222,63,2379.258149857851,127.88177497187597,2507.139924829727,0.0017465391507508782,0
Leak_2157,20.155277,4.371999,L2742,0.00105,L2742_2,L2742,63,2330.467141401059,134.5718551604262,2465.0389965614854,0.0017736022809476146,0
Leak_1554,65.30258,4.3637505,L2222,0.00031,L2222_1,L2222,63,2379.258149857851,127.88177497187597,2507.139924829727,0.001740529283805345,0
Leak_687,10.97924,4.361937,L1552,0.00198,L1552,L1552,50,2270.5650866273054,125.07384977659193,2395.6389364038973,0.0018207823306623768,0
Leak_559,42.74131,4.3592296,L1462,0.00048,L1462,L1462,110,2367.9597924878653,206.55844957225926,2574.5182420601245,0.0016932214708948812,0
Leak_3196,28.151047,4.3429995,L666,0.00072,L666,L666,32,2352.10044975576,109.24357422084807,2461.3440239766082,0.001764482906902356,0
Leak_3239,28.533945,4.342053,L701,0.00071,L701,L701,50,2352.7591300926356,119.97839550934623,2472.737525601982,0.0017559700095936763,0
Leak_3117,26.637812,4.3381734,L600,0.00076,L600,L600,200,2349.4675719388347,502.09004089548495,2851.5576128343196,0.0015213346452863233,1
Leak_3505,17.224142,4.3358707,L921,0.00118,L921,L921,75,2321.9996611696056,150.47762190766932,2472.477283077275,0.0017536544309120505,0
Leak_159,29.267323,4.33508,L1135,0.00069,L1135,L1135,32,2354.0770441869927,109.05115457421113,2463.1281987612037,0.0017599896542006296,0
Leak_2173,31.03676,4.3147097,L276,0.00065,L276,L276,32,2356.7150875049765,108.78115320799479,2465.4962407129715,0.0017500370076181445,0
Leak_1339,27.441513,4.296629,L2056,0.00073,L2056,L2056,250,2351.4419538235616,743.797791410933,3095.2397452344944,0.001388140921439627,0
Leak_2331,22.127552,4.285384,L2899,0.00093,L2899,L2899,125,2338.3106807630943,248.1799222035335,2586.4906029666276,0.0016568334612336937,0
Leak_1077,20.739601,4.279524,L1861,0.001,L1861_1,L1861,75,2333.7320803229923,149.4675,2483.1995803229925,0.001723391016734411,0
Leak_2437,13.702977,4.2623653,L3002,0.00154,L3002_1,L3002,75,2298.711474232581,152.1026349295544,2450.8141091621355,0.001739163050046136,0
Leak_1447,15.746305,4.2459292,L2144,0.00133,L2144,L2144,200,2312.2677139877333,513.6926773397687,2825.960391327502,0.0015024730191585893,1
Leak_908,6.202064,4.2348104,L1748,0.00365,L1748,L1748,63,2166.8375131630323,141.40431577020544,2308.2418289332377,0.001834647608947704,1
Leak_3510,17.34113,4.2176795,L926,0.00114,L926_1,L926,63,2324.601757692162,135.0228318673405,2459.6245895595025,0.0017147655453124185,0
Leak_2931,19.815212,4.210262,L449,0.00099,L449,L449,63,2334.3856167963195,134.2491860386638,2468.6348028349835,0.0017055020924568332,0
Leak_1864,33.836113,4.205791,L249,0.00058,L249,L249,60,2361.338778813771,128.12543288069537,2489.4642116944665,0.0016894362155496989,0
Leak_2296,19.89743,4.2011123,L2870,0.00102,L2870_3,L2870,250,2332.4255562189046,754.0892361676143,3086.514792386519,0.0013611184630373631,0
Leak_2291,15.122002,4.2005463,L2867,0.00136,L2867_1,L2867,75,2310.3262246476656,151.3440555098725,2461.670280157538,0.0017063805410932685,0
Leak_2434,30.089504,4.190605,L3,0.00065,L3,L3,32,2356.7150875049765,108.78115320799479,2465.4962407129715,0.0016997004880292905,0
Leak_1348,27.89871,4.186678,L2067,0.0007,L2067,L2067,32,2353.417994885828,109.11620863576442,2462.5342035215926,0.0017001501651234007,0
Leak_2304,13.231206,4.1821055,L2875,0.00156,L2875_2,L2875,250,2297.4245561776975,767.1609465474301,3064.5855027251273,0.0013646561786285246,0
Leak_605,27.997868,4.1777062,L1495,0.0007,L1495_3,L1495,63,2353.417994885828,132.34836844145602,2485.766363327284,0.0016806512081109916,0
Leak_2156,19.792873,4.167367,L2742,0.00102,L2742_1,L2742,63,2332.4255562189046,134.41289350882056,2466.838449727725,0.0016893554508874778,0
